lead_id,priority_tier,supplier_fit,lead_score,company_name,category,sub_category,area,contact_approach,phone,whatsapp,email,website,hardware_need,buying_trigger,expansion_signal,verification_status,address,source_type,source_url,size_hint,notes
L0016,A,SME - direct,90,VinFast Surat (Chandan Car),Automobile Dealership,Car dealer (EV - VinFast),Piplod,Dealer Principal / Owner,,,,https://vinfastauto.in/,DMS/billing desktops; showroom + workshop + lot CCTV; networking + guest Wi-Fi; digital signage; server/NAS; AMC,Brand-new showroom inaugurated July 2025; EV after-sales setup,First VinFast India outlet; brand expanding to 35 dealers,Existence-verified (contact pending),"Piplod, Surat (3,000 sq.ft. showroom)",News article,https://www.autocarindia.com/industry/first-vinfast-india-showroom-inaugurated-in-surat-436380,New EV dealership (first VinFast showroom in India),Promoted by Chandan Car; greenfield EV outlet = full fresh IT fitout
L0035,A,SME - direct,88,Raghuvir Scarlet Textile Market,Textile Trade & Design,Textile market complex,Ring Road area,Raghuvir Developers project/sales office,,,,https://www.raghuvirdevelopers.com/,complex-wide networking + Wi-Fi; dense CCTV; bulk billing/POS desktops; server/NAS; AMC,NEW market launch - greenfield fit-out opportunity,"Newly launched, sets new benchmark (Loktej news)",Existence-verified (contact pending),"Raghuvir Scarlet Textile Market, Surat",News article,https://english.loktej.com/article/19352/raghuvir-scarlet-textile-market-sets-a-new-benchmark-in-surat%E2%80%99s,New large market complex,Hot greenfield lead - new build needs full IT/CCTV/network from scratch
L0056,A,SME - direct,84,Venus Jewel,Diamond & Bourse,Polished natural diamond manufacturer,Sumul Dairy Road,Owner/Partner (Hitesh R. Shah) or Admin/IT head,+91 261 253 1444,,vj.surat@venusjewel.com,https://www.venusjewel.com/,Diamond-planning workstations; integrated-facility managed networking; CCTV + biometric access; servers + NAS; AMC,Integrated manufacturing facility; premium high-value diamonds,Established large manufacturer with Surat + Mumbai ops,Contact found,"The Venus Estate, Near Shantiniketan Society, Sumul Dairy Road, Surat 395003",Company site + search snippet,https://www.venusjewel.com/stpg/Best-Diamond-Manufacturing-Unit.html,Since 1969; integrated Surat manufacturing facility,Premium polished diamonds; partner contact captured
L0058,A,SME - direct,84,R Wadiwala Securities Private Limited,Finance & Professional,Stock / commodity broker,Limda Chowk,Admin,08401974767,https://wa.me/918401974767,,https://www.rwsec.com/,multi-seat desktops + dealing terminals; data server + NAS backup; networking/firewall; CCTV + access control; UPS; AMC,Branch network; portfolio mgmt & NRI services,"Branches at Parle Point, Rander Road, Limda Chowk",Contact found,"9/2003-4, Vishnu Priya, Main Road, Limda Chowk, Surat-395003",Company site,https://www.rwsec.com/,75+ yrs in business; multiple Surat branches,"Stock broking, PMS, NRI investment advisory"
L0052,A,SME - direct,84,Mahim Architect,Architecture & CAD/Engineering,AEC / Architecture-Engineering-Construction,Ghod Dod Road,Partner / Principal,,,,https://mahimarchitect.com/,GPU workstations for AEC + MEP 3D/CAD/BIM modelling; dual monitors; NAS/server for multi-office files; backup; structured networking; AMC,"Full AEC + valuation + MEP services; offices in Surat, Baroda, Ahmedabad, Rajkot",Multi-branch expansion across Gujarat,Existence-verified (contact pending),"A 1002, 1st Floor, Turning Point Complex, Ghod Dod Road, near Jamna Nagar BRTS, near Fire Station, Surat 395007",IndiaMART profile,https://www.indiamart.com/mahim-architect/aboutus.html,Mid-large (multi-branch),Architecture+Engineering+Construction+MEP; high compute/multi-seat need
L0053,A,SME - direct,84,Nanavati Toyota,Automobile Dealership,Car dealer (Toyota),Bhatpore (Magdalla-Hazira),Dealer Principal / IT Head,,,,https://www.nanavatitoyota.com/,DMS/billing desktops; showroom + workshop + lot CCTV; networking + guest Wi-Fi; digital signage; server/NAS; AMC,Multi-city Toyota outlets + Udhna outlet,Nanavati Group multi-brand expansion,Existence-verified (contact pending),"220+328, GIDC Magdalla Hazira Road, GIDC Bhatpore, Opp ONGC, Surat 394510",Brand dealer site,https://www.nanavatitoyota.com/,Authorized Toyota dealer; Surat/Bharuch/Bardoli,Also Udhna-Sachin Road outlet; part of Nanavati Group
L0054,A,SME - direct,84,"Shreeji Automart (Tata Motors, Piplod)",Automobile Dealership,Car dealer (Tata Motors),Piplod,Dealer Principal / IT Head,,,,https://dealer-locator.cars.tatamotors.com/,DMS/billing desktops; showroom + workshop + lot CCTV; networking + guest Wi-Fi; digital signage; server/NAS; AMC,Three+ Tata outlets across Surat,Expanding Tata + EV retail footprint,Existence-verified (contact pending),"No 04A/B, Shreeji House, Dumas Road, Opp Big Bazar, Piplod, Surat",Brand dealer site,https://dealer-locator.cars.tatamotors.com/tata-motors-cars-showroom-shreeji-automart-piplod-car-dealer-piplod-surat-77053/Home,Multi-outlet Tata dealer (Piplod/Katargam/Adajan),Also Katargam and Adajan (Gaurav Path) showrooms
L0060,A,SME - direct,84,Park Inn by Radisson Surat,Hospitality & Real Estate,Hotel (4-star),City Centre / near Tapi River,GM / IT Manager,,,,https://www.radissonhotels.com/en-us/hotels/park-inn-surat,PMS server; front-desk/back-office PCs; guest Wi-Fi + networking; CCTV; event AV; AMC,Newly opened property,New hotel launch (Radisson) - fresh IT fit-out window,Existence-verified (contact pending),Surat (within 7 km of Surat International Airport),Press release,https://www.radissonhotels.com/en-us/corporate/media/press-releases/opening-park-inn-by-radisson-surat,"New mid-large hotel, 185 sqm event space",Recently opened; new-build = strong greenfield IT/CCTV/Wi-Fi opportunity
L0061,A,SME - direct,84,Sangini Group,Hospitality & Real Estate,Real estate developer / Builder,Surat,Director / Purchase,,,,https://www.sanginigroup.com/,Site CCTV; sales-gallery & office PCs; networking; server/NAS; AMC,"Active residential + commercial pipeline (Skyteria, Lakeville)",71 completed projects; ongoing high-rises,Existence-verified (contact pending),Surat,Builder official site,https://www.sanginigroup.com/,"Major developer; 71 projects, 10M sq ft",One of Surat's largest developers; multiple active sites = recurring CCTV/IT
L0064,A,SME - direct,84,Dhiraj Sons The Mega Store,Retail & Supermarket,Departmental store / Supermarket chain (local),"Multiple (Athwalines, Althan, Surat Ho/Canal Rd, Vadod Gam, Sachin, Nanpura)",Owner / Purchase,,,,https://dhirajsons.com,bulk POS/billing desktops; loss-prevention CCTV; per-store networking + Wi-Fi; digital signage; back-office server/NAS; AMC,Multi-store local chain across Surat,Established local mega-store chain expanding store count,Existence-verified (contact pending),Near Chowpati Athwa Gate Athwalines 395001; Sai Vittorio opp Atlanta Shopping Centre Althan 395007,Company website + JustDial,https://dhirajsons.com/,6+ mega stores in Surat; local chain,"Strong local Surat chain - groceries, garments, consumer durables; decisions likely local (high relevance)"
L0070,A,SME - direct,83,The Varachha Co-operative Bank Ltd,Finance & Professional,Co-operative bank,L H Road,Branch Manager,0261-4008000,,,https://www.varachhabank.com/,branch-wide desktops; core-banking servers + NAS backup; networking/firewall; CCTV + access control; UPS; AMC,Branch network growth; banking-security compliance,Mota Varachha + multiple branches,Contact found,"AFFIL TOWER, L.H. Road, Surat-395006",Company site,https://varachhabank.com/branch/,Multi-branch UCB; HO + Sahkar Bhavan,"Alt office Sahkar Bhavan, Vrajchowk 0261-6918000"
L0072,A,SME - direct,83,DhiWise (DhiWise Private Limited / Rocket),IT & Software,SaaS product (design-to-code / AI dev tools),"Lal Darwaja (Station Road), Surat",Founder/Director (Vishal Virani) or IT/Eng Head,,,help@dhiwise.com,https://www.dhiwise.com/,High-spec dev workstations; rack servers + NAS; enterprise firewall + managed switches + Wi-Fi; CCTV/access control; AMC,"Founded 2021; raised ~$25.2M (Accel, India Quotient); rebranded to Rocket; $15M seed reported",VC-funded scale-up; occupies multiple floors of Infinity Tower; hiring,Contact found,"9th Floor, Office 901-906 & 919-924, Infinity Tower, Lal Darwaja Station Road, Surat 395003",Company website (contact page) + Tracxn,https://www.dhiwise.com/contact-us,"Medium (funded SaaS, large floor)",Top funding signal in Surat; large floor = significant infra/CCTV/AMC spend
L0073,A,SME - direct,83,Anjali Diamonds Pvt Ltd,Lab-Grown Diamond,CVD diamond grower / manufacturer,Surat,Owner/Director,+91 261 255 4151,,sales2@anjalidiamonds.com,,GPU workstations for planning/grading; reactor-control PCs; rack server + NAS; multi-camera CCTV + access control; managed switches + Wi-Fi; AMC,Grower of Type IIA CVD diamonds; GJEPC IIJS exhibitor; in-house growing,In-house CVD growing; GJEPC trade-show presence (IIJS Premiere),Contact found,3rd Floor Plot No 211-211 Paiky Surat 395006,ExportersIndia listing,https://www.exportersindia.com/anjali-diamonds-surat/,"Medium-large - grower of Type IIA CVD, GJEPC exhibitor",GJEPC exhibitor profile EXH209
L0068,A,SME - direct,83,XYXX Apparels,BPO/Logistics/Print,E-commerce/D2C,"Dumas Road / Kadodara Road, Surat",IT Head / Purchase,,,,https://xyxxcrew.com/,bulk office/design PCs; e-comm/ERP servers; networking + firewall; warehouse CCTV; barcode/handhelds; AMC,D2C innerwear scale-up; retail store rollout (incl Vesu Surat),Funded apparel brand; expanding retail + online,Existence-verified (contact pending),"510 Rajhans Montessa, Dumas Road, beside Le Meridien, Surat; 402-413 Sangini B Textile Hub, Surat-Kadodara Road, Surat - 395010",Dun & Bradstreet,https://www.dnb.com/business-directory/company-profiles.xyxx_apparels_private_limited.3e83b4da92e5d849417f6bf6ee435b3b.html,"Mid-large (funded, multi-store)",XYXX Apparels Pvt Ltd; registered office Surat; funded D2C menswear/innerwear
L0071,A,SME - direct,83,Synergy Imaging,Healthcare,Diagnostic / imaging centre (radiology),Ring Road,Centre Director / PACS/IT Manager,,,,https://synergyimaging.co.in/,PACS server + storage; MRI/CT reading workstations; reporting desktops; networking; CCTV; UPS; AMC,Latest 1.5T MRI + 128-slice CT = imaging compute + storage,Premier imaging center; modern modality suite,Existence-verified (contact pending),"UG 1-2 Jeevandeep Complex, Opp J.K. Tower, Near Nirmal Hospital, Ring Road, Surat 395002",Diagnostic centre website,https://synergyimaging.co.in/,1.5T MRI + dual-energy 128-slice CT + USG + digital X-ray,Strong imaging-workstation/PACS prospect; capture contact
L0074,A,SME - direct,82,ADDA Architects & Urban Designers,Architecture & CAD/Engineering,Architecture firm,Vesu,Principal Architect / Partner,91062 38875,https://wa.me/919106238875,studio@addaarchitects.in,https://www.addaarchitects.in/,GPU workstations (RTX) for AutoCAD/Revit/3ds Max rendering; large/dual monitors; NAS for project files; backup; networking; AMC,Operates Surat + Mumbai offices; active urban-design projects,Second office in Mumbai indicates growth,Contact found,"1001, Western Vesu Point, Opp. S.N.S Square, University Road, Vesu Cross Road, Surat, Gujarat 395007",Company website,https://www.addaarchitects.in/contacts,Mid (multi-office: Surat + Mumbai),Architecture + interior + urban design; strong rendering/compute need
L0076,A,SME - direct,82,Amar Cars (Maruti Suzuki Arena/Nexa),Automobile Dealership,Car dealer (Maruti Arena/Nexa),Kapodra,Dealer Principal / IT Head,9925246251,https://wa.me/919925246251,,https://amarcars.com/,DMS/billing desktops; showroom + workshop + lot CCTV; networking + guest Wi-Fi; digital signage; server/NAS; AMC,Arena Kapodara + Nexa Adajan + Varachha workshop,Multiple Surat outlets plus other Gujarat cities,Contact found,"Amar Cars Arena Kapodara, Navjeevan Compound, Opp Jalaram Furniture, Kapodra, Surat",Brand dealer site,https://www.arenaofkapodara.com/,Multi-city Maruti dealer across Gujarat,Sales 9925246251; service 9081711990; Nexa Adajan at Marvella Business Hub
L0077,A,SME - direct,82,Shreenath Kia,Automobile Dealership,Car dealer (Kia),Adajan/Pal Gam,Dealer Principal / IT Head,9081924777,https://wa.me/919081924777,,https://shreenath-kia.in/,DMS/billing desktops; showroom + workshop + lot CCTV; networking + guest Wi-Fi; digital signage; server/NAS; AMC,4+ Kia outlets across Surat & Bardoli,Multi-branch Kia dealer group,Contact found,"Plot No 2, Sanskruti Township, Hazira Road, Adajan, Near RTO, Pal Gam, Surat",Brand dealer site,https://kiaindia-dealers.com/kia-car-showroom-shreenath-kia-adajan-car-dealer-pal-gam-surat-334946/Home,Multi-outlet Kia dealer (Adajan/Piplod/Bharthana/Bardoli),"Outlets: Adajan, Piplod, Bharthana (VIP Rd), Sahara Darwaja, Bardoli"
L0086,A,SME - direct,82,The Surat Mercantile Co-operative Bank Ltd,Finance & Professional,Co-operative bank,Lal Darwaja,Branch Manager,0261 2532933,,,https://www.sumcobank.com/,branch-wide desktops; core-banking servers + NAS backup; networking/firewall; CCTV + access control; UPS; AMC,Branch network & ATM/CDM security upgrades,Multiple branches across Surat,Contact found,"""Utkarsh"" 7/359-360, Modi Compound, Lal Darwaja Main Road, Surat-395003",Company site,https://www.sumcobank.com/branch/,Multi-branch UCB with ATM network,"Branches incl Katargam, Khatodra, Bamroli"
L0087,A,SME - direct,82,The Surat People's Co-operative Bank Ltd,Finance & Professional,Co-operative bank,Nanpura,Branch Manager,0261-2464623,,customercare@spcbl.in,https://www.spcbl.in/,branch-wide desktops; core-banking servers + NAS backup; networking/firewall; CCTV + access control; UPS; AMC,Branch network; data-security & ATM upgrades,Branch network expansion,Contact found,"Vasudhara Bhavan, Timaliawad, Nanpura, Surat-395001",Company site,https://www.spcbl.in/branch/,"Multi-branch UCB, ATM/CDM/safe-deposit",Toll-free 1800 233 7722; IFSC SPCB0251008
L0101,A,SME - direct,82,Leranath Diamond,Lab-Grown Diamond,CVD & HPHT diamond manufacturer / exporter,Katargam,Owner/Director or Factory Manager,+91 90167 68648,https://wa.me/919016768648,Leranath.diamonds@gmail.com,https://leranathdiamonds.com/,GPU workstations for planning/grading; reactor-control PCs; rack server + NAS; multi-camera CCTV + access control; managed switches + Wi-Fi; AMC,"ISO 9001 certified, solar-powered factory, exports globally; CVD + HPHT",Solar-powered ISO-certified factory; separate manufacturing unit at Jagdish Estate,Contact found,Office 102 INSPIRE The Jewel House Beside KAPU Gems Near Kiran Hospital Vasta Devdi Rd Katargam Surat 395004,Company website,https://leranathdiamonds.com/contact-us/,"Medium-large - est 2014, ISO 9001, solar-powered factory",Factory address Jagdish Estate Lal Building near SMC Community Hall 395004
L0102,A,SME - direct,82,The Production House,Media/Video/Photo,Video production / ad films,Athwalines,Owner/Founder,+91 98201 40207,https://wa.me/919820140207,modishaivi@gmail.com,https://theproductionhouse.in/,GPU editing workstations; high-speed NAS & render storage; 10G networking; color-grading monitor; backup; AMC,Web series & YouTube shows scaling 4K content,Multi-city (Mumbai/Dubai/Surat); founded 2020; 11-50 staff,Contact found,"82, Narmad Nagar, Tennis Club, Athwalines, Surat",LinkedIn/company site,https://in.linkedin.com/company/the-production-house-surat,11-50 employees; Mumbai/Dubai/Surat,"Full-service: ads, product shoots, corporate films, web series, YouTube; strong growth signal"
L0078,A,SME - direct,82,French Crown,BPO/Logistics/Print,E-commerce/D2C,"Saroli / Mota Varachha, Surat",IT Head / Operations Manager,,,,https://frenchcrown.in/,bulk office/design PCs; e-comm/ERP servers; networking + firewall; warehouse CCTV; barcode/handhelds; AMC,"Rapid catalog growth (4000+ designs, 200 new styles/week); export 60%","Revenue grew 12cr (FY21) to 47.5cr (FY22), 4x; ships to 84 countries",Existence-verified (contact pending),"3001 AB/3002 AB, RRTM Phase 2 (Canal Road), Opp Orbit 2, Saroli, Surat - 395010; Corp office 428 Green Plaza, Y Golden Chowk, Mota Varachha, Surat - 394101",Company website,https://frenchcrown.in/pages/about-us,Mid-large (84 countries),"D2C menswear; online + offline; large Surat HQ + warehouse, strong growth"
L0080,A,SME - direct,82,B. Virani & Co.,Diamond & Bourse,Diamond cutting & polishing manufacturer,Varachha,Owner/Partner or IT/Security head,,,,http://www.bvirani.com/,Diamond-planning workstations (Sarine/DiamCalc); multi-floor managed networking; heavy CCTV + biometric access control; servers + NAS; office desktops; AMC,Large monthly throughput indicates ongoing tech upgrades,Long-established large processor scaling capacity,Existence-verified (contact pending),"B 7 8 9 10 Diamond Estate, Near Baroda Prestige, Varachha Road, Varachha, Surat 395006",Industry article + company site,https://www.naturaldiamonds.com/in/inside-the-world-of-diamonds/surat-the-heart-of-natural-diamnond-cutting-polishing-industry/,"50+ yrs; 22,000+ carats/month rough processed",Major natural-diamond cutting/polishing house; high-security manufacturing facility
L0081,A,SME - direct,82,KP Sanghvi & Sons LLP,Diamond & Bourse,Diamond & jewellery manufacturer,Tadwadi / Ichhapore,Owner/Partner or IT/Security head,,,,https://kpsanghvi.com/,Diamond-planning + jewellery CAD workstations; managed networking; CCTV + access control; servers + NAS; AMC,Dedicated women-empowerment cutting unit; multi-country,Third-generation conglomerate; diamonds + jewellery + infra,Existence-verified (contact pending),"Near Unia Mata Mandir, Tadwadi, Surat 395001; also Ichhapore unit",Company site + search snippet,https://kpsanghvi.com/about-us/,Founded 1965; ops India/USA/UAE/Botswana/Belgium/HK; women-focused Surat unit 100+,"Multiple Surat sites (Tadwadi, A.K. Road, Ichhapore)"
L0082,A,SME - direct,82,Sheetal Manufacturing Company Pvt Ltd,Diamond & Bourse,Diamond manufacturer & exporter,A.K. Road,Owner/Partner or IT/Security head,,,,https://www.sheetal.co/,Diamond-planning workstations; managed networking; CCTV + access control; servers + NAS; AMC,Technologically advanced Surat setups; De Beers sightholder,Global multi-office expansion,Existence-verified (contact pending),"Office 701, Plot 13, A-Wing, Sheetal Avenue, Nr Bhavani Circle, A.K. Road, Surat 395008",JustDial + search snippet,https://www.justdial.com/Surat/Sheetal-Manufacturing-Company-Near-Bhavani-Circle-A-K-Road/0261PX261-X261-140731163342-G5U6_BZDET,Est. 1985; global presence Antwerp/Dubai/Mumbai/Surat/HK/NY,Sheetal Group; among most tech-advanced setups in Surat
L0108,A,SME - direct,81,Surat National Co-operative Bank Ltd,Finance & Professional,Co-operative bank,Ghod-dod Road,Branch Manager,,,,https://suratnational.bank.in/,branch-wide desktops; core-banking servers + NAS backup; networking/firewall; CCTV + access control; UPS; AMC,Branch network across Surat; security upgrades,"Branches in Navapura, Udhna, Pandesara, Bhagal",Existence-verified (contact pending),"310-A/310-B Canopus, 3rd Floor, Near Axis Bank, Ghod-dod Road, Surat-395007",Company site,https://suratnational.bank.in/branch/,Multi-branch UCB; corporate + head office,"HO at Navnidhi, Navapura"
L0112,A,SME - direct,80,Sarjan Architects & Project Consultants,Architecture & CAD/Engineering,Architecture / Project consultancy,Nanpura,Principal Architect / Partner,9879604444,https://wa.me/919879604444,admin@sarjanarchitects.com,https://sarjanarchitects.com/,GPU workstations for govt/corporate/high-rise CAD & rendering; dual monitors; NAS/server; backup; structured networking; AMC,"60+ yrs; government buildings, corporate offices, tall commercial/residential",Long-established firm; large-project pipeline,Contact found,"51, 5th Floor, River Palace A Wing, Opp. Old Civil Court, Nanpura, Surat 395001",Company website,https://sarjanarchitects.com/,Mid-large,Project-consultancy scale; large drawing volumes
L0113,A,SME - direct,80,Sopan Infotech Pvt. Ltd.,Architecture & CAD/Engineering,CAD/CAM mechanical design & SOLIDWORKS,Athwa Gate,Director / Owner,9725554395,https://wa.me/919725554395,info@sopaninfotech.com,https://www.sopaninfotech.com/,High-end GPU workstations for SOLIDWORKS 3D CAD + ESPRIT CAM + mechanical 3D modelling; dual monitors; NAS/server; backup; networking; AMC,SOLIDWORKS Authorized Reseller & Training Centre since 2012; mechanical 2D/3D drafting services,Authorised reseller + training centre; growing CAD/CAM services,Contact found,"2D, 2nd Floor, Dr. Mansukh Lal Tower, Opp. Dhiraj Sons, B/s Vanita Vishram College, Athwagate, Surat 395002",Company website,https://www.sopaninfotech.com/reach-us,Mid,Runs design-services + training labs (many CAD seats)
L0115,A,SME - direct,80,"Nanavati Auto (MG Motor, Piplod)",Automobile Dealership,Car dealer (MG Motor),Piplod,Dealer Principal / IT Head,918047493297,https://wa.me/918047493297,,https://dealers.mgmotor.co.in/,DMS/billing desktops; showroom + workshop + lot CCTV; networking + guest Wi-Fi; digital signage; AMC,Two MG outlets; EV (MG) focus,Nanavati Group brand addition; EV growth,Contact found,"Dumas Road, Piplod, Surat 395007, Opp Central Mall",Brand dealer site,https://dealers.mgmotor.co.in/mg-motor-nanavati-auto-showroom-car-dealer-piplod-surat-371954/Home,MG dealer (Nanavati Group); 2 outlets (Piplod + Pal Road),Second outlet Pal Road V4U Circle ph 918047494741
L0124,A,SME - direct,80,Marwadi Shares & Finance Limited,Finance & Professional,Stock / commodity broker,Ring Road,Branch Manager,0261-6644408,,,https://www.marwadionline.com/,multi-seat desktops + dealing terminals; data server + NAS backup; networking/firewall; CCTV + access control; UPS; AMC,Multiple Surat branches; trading-tech & security,WTC + Adajan offices,Contact found,"533/B World Trade Centre, Ring Road, Surat-395001",Company site,https://www.marwadionline.com/contact-us,National broker; multiple Surat offices,"Adajan office: Jay Complex, Anand Mahel Rd 0261-2730655"
L0125,A,SME - direct,80,South Gujarat Shares & Sharebrokers Ltd,Finance & Professional,Stock / commodity broker,Ring Road,Admin,0261-2601296,,,https://www.sgssl.co.in/,multi-seat desktops + dealing terminals; data server + NAS backup; networking/firewall; CCTV + access control; UPS; AMC,Regional brokerage; trading-tech upgrades,Long-standing South Gujarat broker,Contact found,"3rd Floor, Belgium Chambers, Opp Linear Bus Stop, Ring Road, Surat-395003",Company site,https://www.sgssl.co.in/Contact-us.aspx,Established regional sharebroking company,Also 2454647; equity broking & advisory
L0127,A,SME - direct,80,Jalaram Khichdi,Food & Hospitality SME,Restaurant (Gujarati),Parle Point,Owner (family-run),9327593300,https://wa.me/919327593300,jalaramkhichdi@gmail.com,jalaramkhichdi.in,POS/billing PCs; KOT printers; CCTV; multi-site Wi-Fi/networking; AMC,Expanded to 3 Surat outlets,Vesu + Adajan branches added - growth signal,Contact found,"L-17,18,19 Anmol Complex, Near Sargam Shopping Centre, Parle Point, Surat 395007",Website,https://www.jalaramkhichdi.in/contact.php,"Medium (3 outlets: Parle Point, Vesu, Adajan)",Owner-run multi-outlet; strong expansion; own website + email
L0140,A,SME - direct,80,Pachchigar Jewellers (Ashokbhai),Jewellery,Large retailer/showroom,Athwalines,Owner/Director,+91-9879010065,https://wa.me/919879010065,pachchigar.jewellers@gmail.com,https://pachchigarjewellers.com/,high-density CCTV + access control (critical); POS/billing PCs; networking + Wi-Fi; server/NAS; AMC,Surat + Ahmedabad presence,Multi-city showrooms,Contact found,"200, SNS House, Opp. New Court Building, Lal Bunglow, Athwalines, Surat 395007",company_website,https://pachchigarjewellers.com/contact-us/,"Medium-large (gold/diamond/polki showroom, Surat + Ahmedabad)",Second phone +91-9512500744
L0153,A,SME - direct,80,Textile Export India Pvt Ltd,Textile Trade & Design,Garment/textile exporter,Ring Road,Owner / Partner,+919537548851,https://wa.me/919537548851,contact@textileexport.in,,bulk billing/POS desktops; CCTV; networking + Wi-Fi; server/NAS; textile-CAD workstation; AMC,Export to 42+ countries; e-commerce scale,42+ country exports; 200+ catalogs - strong growth,Contact found,"E-308, Kuberji Textile Park, Behind Belgium Square, Ring Road, Surat",B2B marketplace,https://www.indiamart.com/textile-export-india-private-limited/aboutus.html,Pvt Ltd; delivered to 42+ countries; 200+ brand catalogs,Phone +919537548851 / +919586784803; email contact@textileexport.in
L0114,A,SME - direct,80,"Kiran Motors (Maruti Suzuki Nexa, Vesu)",Automobile Dealership,Car dealer (Maruti Nexa),Vesu,Dealer Principal / Admin,,,,https://www.nexaofvesu.com/,DMS/billing desktops; showroom + workshop CCTV; networking + guest Wi-Fi; digital signage; AMC,Operates Nexa Vesu plus Ather EV outlets,Multi-brand group (Maruti + Ather + Suzuki two-wheeler),Existence-verified (contact pending),"Nexa showroom, Vesu, Surat",Brand dealer site,https://www.nexaofvesu.com/,Established Maruti dealer in Gujarat since 1986; also Ather/Suzuki,Kiran Motors Group runs Nexa of Vesu; long-established dealer
L0116,A,SME - direct,80,Nanavati Autowheels (Tata Commercial Vehicles),Automobile Dealership,Commercial vehicle dealer (Tata trucks),Kamrej,Dealer Principal / IT Head,,,,https://commercial-vehicles.fleetverse.tatamotors.com/,DMS/billing desktops; large workshop + lot CCTV; networking + Wi-Fi; digital signage; server/NAS; AMC,Trucks/tippers sales + large service yard,Nanavati Group multi-brand CV expansion,Existence-verified (contact pending),"451/B/2 NH 48, Gay Pagla Road, Dhoran Pardi, Near Fountain Hotel, Kamrej, Surat",Brand dealer site,https://commercial-vehicles.fleetverse.tatamotors.com/tata-motors-commercial-vehicle-dealer-nanavati-autowheels-truck-dealers-kamrej-surat-289248/Home,"Tata CV dealer (Nanavati Group, 25+ yrs)",Large CV yard = heavy CCTV/networking need
L0117,A,SME - direct,80,KGK Diamonds (I) Pvt Ltd,Diamond & Bourse,Diamond manufacturer & exporter,Varachha / Katargam,Owner/Partner or IT/Security head,,,,https://www.kgkgroup.com/,Diamond-planning workstations; multi-site managed networking; CCTV + biometric access; servers + NAS; AMC,Multi-site global group presence,Large international group,Existence-verified (contact pending),"2nd Floor, Millennium Diamond Complex, Near Harinandan Society, Varachha Road, Surat 395006; also Katargam units",JustDial + search snippet,https://www.justdial.com/jdmart/SURAT/K-G-K-Diamonds-Pvt-Ltd-Harinandan-Society-Varachha-Road/0261PX261-X261-110819174611-F3G7_BZDET/catalogue,KGK Group; multiple Surat units (Varachha + Katargam),KGK Group; several Surat addresses across Varachha & Katargam
L0119,A,SME - direct,80,Star Rays,Diamond & Bourse,Solitaire diamond manufacturer,Surat,Owner/Partner or IT/Security head,,,,https://starrays.com/,Diamond-planning workstations; managed networking; CCTV + biometric access; servers + NAS; AMC,Recently consolidated all manufacturing under one new roof,New consolidated factory build,Existence-verified (contact pending),"New 45,000 sq ft factory, Surat (all manufacturing consolidated)",Company site + search snippet,https://starrays.com/Info/AboutUs,"45,000 sq ft consolidated factory; flawless solitaire specialist",High-end FL solitaire maker; recent new factory = fresh fit-out
L0126,A,SME - direct,80,The Adinath Co-operative Bank Ltd,Finance & Professional,Co-operative bank,Ring Road,Branch Manager,,,,https://adinathbank.in/,branch-wide desktops; core-banking servers + NAS backup; networking/firewall; CCTV + access control; UPS; AMC,Branch network; data-security upgrades,Begumpura + Ring Road branches,Existence-verified (contact pending),"B-1 To 6, Vakharia Market, Opp Abhishek Market, Ring Road, Surat-395002",Company site,https://adinathbank.in/,Non-scheduled UCB; multiple branches,"Branches incl New Textile Market, Begumpura"
L0142,A,SME - direct,80,Riddhi Corporation LLP,Lab-Grown Diamond,HPHT rough diamond grower / wholesaler,Ichhapore (Pal-Hazira Rd),Owner/Director,,,,http://rclgd.com/,GPU workstations for planning/grading; reactor/press-control PCs; rack server + NAS; multi-camera CCTV + access control; managed switches + Wi-Fi; AMC,First introducer of HPHT lab-growing rough in India; GIA/IGI Type IIa & IIb wholesale,Pioneer HPHT grower at Gujarat Hira Bourse; established growing operation,Existence-verified (contact pending),Plot W-01A & W-01B Gem and Jewellery Park Gujarat Hira Bourse Ichhapore Pal-Hazira Road Surat 394510,Company website,https://rclgd.com/contactus,"Medium-large - 1st introducer of HPHT rough in India, est 2014",Contact email obfuscated on source; phone not visible
L0143,A,SME - direct,80,Bansal Super Market,Retail & Supermarket,Supermarket chain (regional),"Pandesara/Bamroli, Dindoli/Navagam",Owner / Purchase,,,,https://www.bansalsupermarket.com,bulk POS/billing desktops; loss-prevention CCTV; per-store networking + Wi-Fi; back-office server; AMC,Multi-city regional expansion incl. Surat,Regional Gujarat chain - 7+ cities; expanding format,Existence-verified (contact pending),171 KSB Olympia Near Kailash Nagar Cross Rd Bamroli Althan Expy Pandesara; Opp Uma Plaza Kharvasa Rd Dindoli 394210,Company website + JustDial,https://www.bansalsupermarket.com/contact.php,"Multi-city chain (Surat, Vadodara, Mehsana, Halol, Godhra, Visnagar, Patan)",Gujarat-grown chain with HO; contact page available - follow up for direct number
L0152,A,SME - direct,80,FOSTTA (Federation of Surat Textile Traders Association),Textile Trade & Design,Textile traders association,Ring Road / Millennium Market,Federation office bearers / secretariat,,,,https://fostta.com/,"office IT: desktops, networking, Wi-Fi, CCTV; AMC; gateway to member markets",Industry-wide digitization drives,Apex federation - influence over all Ring Road markets,Existence-verified (contact pending),"FP-143/144, Ground Floor, Millennium Textile Market, Surat 395002",Corporate registry,https://www.zaubacorp.com/FEDERATION-OF-SURAT-TEXTILES-ASSOCIATION-U85300GJ2022NPL130054,"Apex body for ~60,000+ textile traders",Strategic relationship - door-opener to entire trader base; CIN U85300GJ2022NPL130054
L0154,A,SME - direct,78,Esscons MEP & Engineering Design Services,Architecture & CAD/Engineering,MEP consultant,Pal / Adajan,Partner / Principal Engineer,8469516900,https://wa.me/918469516900,essconsmep@gmail.com,https://essconsmep.com/,GPU workstations for MEP 3D/BIM modelling & coordination; dual monitors; NAS/server; backup; networking; AMC,Est. 2009; grew from electrical to full MEP; Surat + Ahmedabad offices,Multi-city growth; BIM/MEP coordination workload,Contact found,"The Boulevard, Office 323.2, Near Pratham Circle, Gallaria Street, Green City Road, Pal, Adajan, Surat 395009",Company website,https://essconsmep.com/,Mid (multi-city),MEP/BIM is GPU+server heavy
L0155,A,SME - direct,78,Prashant Parmar Architect (Shayona Consultant),Architecture & CAD/Engineering,Architecture / Interior firm,Surat (multi-city),Principal Architect / Partner,9825866356,https://wa.me/919825866356,,https://prashantparmar.com/,GPU workstations for luxury architecture/interior rendering; dual monitors; NAS/server; backup; networking; AMC,Founded 2000; luxury residential/commercial; operates in 4 Gujarat cities,Multi-city footprint incl. Surat,Contact found,"Surat, Gujarat (also Ahmedabad, Rajkot, Vadodara)",Company website,https://prashantparmar.com/contact/,Mid-large (multi-city),Shayona Consultants; high-end design rendering demand
L0158,A,SME - direct,78,"Pramukh Tata (Tata Motors, Udhna Magdalla)",Automobile Dealership,Car dealer (Tata Motors),Udhna Magdalla,Dealer Principal / Admin,7506004762,https://wa.me/917506004762,,https://dealer-locator.cars.tatamotors.com/,DMS/billing desktops; showroom + workshop + lot CCTV; networking + guest Wi-Fi; digital signage; AMC,Showroom + separate service centre,Tata dealer group in Surat,Contact found,"Plot No 409/27A, Umiya Nagar Society, Near Chosath Jogni Mata Temple, Udhna Magdalla Road, Surat",Brand dealer site,https://dealer-locator.cars.tatamotors.com/tata-motors-cars-showroom-pramukh-tata-udhna-magdalla-road-car-dealer-udhna-magdalla-road-surat-77062/Home,Tata dealer with showroom + Patel Nagar service centre,Also runs Pramukh Automotive (Varachha) Tata showroom; Patel Nagar service
L0161,A,SME - direct,78,Alpino Health Foods,BPO/Logistics/Print,E-commerce/D2C,"Magdalla / Kosmada, Surat",IT Head / Operations Manager,8347688000,https://wa.me/918347688000,support@alpinohealthfoods.com,https://alpino.store/,office/design PCs; e-comm/ERP servers; networking + firewall; factory/warehouse CCTV; barcode/handhelds; AMC,Internet-first food brand scaling on Amazon + own site; manufacturing+office,"Founded 2016 by 7 founders; funded D2C, own factory",Contact found,"Bungalow 7, Napoleon Estate, Near VR Mall, Dumas Road, Magdalla, Surat - 395007; Mfg AHF-1 Punagam Canal Road, Kosmada, Surat - 395006",JustDial / Company website,https://www.justdial.com/jdmart/Surat/Alpino-Health-Foods-Pvt-Ltd-Near-Hp-Petrol-PumpOpposite-Pujan-Plaza-Brts-Kenal-Road-Near-Bharat-Wood-Heaven-Party-Plot-Parvat-Patiya-Kosmada/0261PX261-X261-190209213122-J4N4_BZDET/catalogue,"Mid (funded, est. 2016)",Phone +91-8347688000; email support@alpinohealthfoods.com; D2C peanut butter / health foods
L0169,A,SME - direct,78,Shree Swami Atmanand Saraswati Institute of Technology (SSASIT),Education,Engineering College,"Kapodra, Varachha Road",Principal / IT Head,0261-2573552,,admin@ssasit.ac.in,ssasit.ac.in,computer-lab desktops (bulk); lab servers; campus networking + Wi-Fi; CCTV; AMC,Engineering labs; accreditation-driven upgrades,Vidhya Sankul multi-institution campus,Contact found,"SSAS Vidhya Sankul, Kapodra, Varachha Road, Surat-395006",Official site,https://ssasit.ac.in/,Mid-large engineering college (est. 2009),Part of large education campus; recurring lab refresh
L0174,A,SME - direct,78,Ajay's,Food & Hospitality SME,QSR / Burgers & Fast Food,City Light,Owner (local chain),+917096212212,https://wa.me/917096212212,,,POS/billing PCs; KOT printers; CCTV; multi-site Wi-Fi; AMC,Local burger/fast-food brand; many outlets,"Outlets in Citylight, Adajan, Nanpura, Udhna, Vesu, Nana Varachha = strong expansion",Contact found,"Shop 201 M, 36A, Citylight Shopping Center, City Light, Surat",Zomato,https://www.zomato.com/surat/ajays-city-light,Medium (multiple Surat outlets - local brand),Local Surat QSR with many outlets; mobile captured
L0175,A,SME - direct,78,Jalaram Khichdi (Vesu),Food & Hospitality SME,Restaurant (Gujarati),Vesu,Branch Manager,9909903737,https://wa.me/919909903737,jkvesu@gmail.com,jalaramkhichdi.in,POS/billing PCs; KOT printers; CCTV; Wi-Fi; AMC,New-ish branch in prime Vesu corridor,Branch-level email/phone = active expansion,Contact found,"GF-09,10,11, Marvella Corridor, New VIP Road, Vesu, Surat",Website,https://www.jalaramkhichdi.in/contact.php,Medium (busy Vesu branch),Separate branch contact; part of growing family chain
L0183,A,SME - direct,78,Sterling Accuris Diagnostics,Healthcare,Pathology lab / diagnostics chain,Multiple (Lal Darwaja / Athwa / Ring Rd / Palanpur),Lab Director / IT Manager / Purchase,081281 30000,https://wa.me/918128130000,,https://sterlingaccuris.com/lab/surat,LIS servers + storage; lab analyzer-integrated workstations; reception/billing desktops; multi-site networking + Wi-Fi; CCTV; UPS; AMC,Multi-branch chain = LIS + networked sample tracking,Expanding branch network across Surat,Contact found,"404 Ayush Doctor House, Lal Darwaja Station Rd, Surat 395003 (+ Athwa, Ring Road, Palanpur branches)",Lab chain website,https://sterlingaccuris.com/lab/surat,2000+ tests; National Reference Lab; multi-branch,Chain with many branches = recurring networking/AMC
L0187,A,SME - direct,78,WeeTech Solution Pvt. Ltd.,IT & Software,"Web, mobile, e-commerce, QA","Varachha/Vesu, Surat",Founder/Director or IT/Admin Head,+91 92768 88885,https://wa.me/919276888885,name@weetechsolution.com,https://www.weetechsolution.com/,Developer + QA workstations at scale; rack server + NAS; firewall + managed switches + Wi-Fi; CCTV; AMC,"150+ employees, 2000+ projects; also runs WeeTech Institute",Large headcount + training arm = multi-room networking/CCTV + bulk PCs,Contact found,"A-401, Astha Square, Near Kapodra-Utran Bridge, Kapodra, Varachha, Surat 394105",Company website (contact page),https://www.weetechsolution.com/contact/,Medium-Large (150+ employees; 2000+ projects),Email is generic format from source; 150+ staff makes this a top infra/AMC target
L0188,A,SME - direct,78,Four Dots Technology,Jewellery,Jewellery CAD/CAM & 3D printing services,Katargam (Ved Road),Owner/Director,+917942802124,https://wa.me/917942802124,,https://www.indiamart.com/four-dots-technology/,jewellery CAD workstations (high-spec); CCTV; networking + Wi-Fi; server/NAS for design files; AMC,CAD/CAM services + DLP 3D printer manufacturing,Growing CAD/CAM + 3D printing provider,Contact found,"G.F, 1st & 2nd Floor, Plot No-36/a, Nilkanth Industrial Co-op Society, Ved Road, Katargam, Surat 395004",indiamart,https://www.indiamart.com/four-dots-technology/jewellery-cad-cam-services.html,"Small-medium (CAD/CAM service + 3D printer mfr, est. 2021)",Strong CAD-workstation buyer profile; alt source: https://www.indiamart.com/four-dots-technology/profile.html
L0191,A,SME - direct,78,Prayagraj Dyeing & Printing Mills Pvt Ltd,Textile Manufacturing,Dyeing & Printing (processing house),Pandesara,Owner/Director (Mr. Sanjeev Dalmia),+91 72111 22284,https://wa.me/917211122284,sales@dalmiaexports.com,https://www.prayagrajmills.com/,ERP/Tally servers; billing & design PCs; large-area CCTV (process + ETP); networking + Wi-Fi; biometric attendance; AMC,"Expanded into digital printing, flatbed, value-add services","Added flatbed, embroidery, foiling lines",Contact found,"Plot No. 76, GIDC, Pandesara, Surat 394221",Maps of India / directory,https://www.mapsofindia.com/whitepages/businesses/index/prayagrajd,"Mid-large: est. 1990; dyeing, printing, digital printing, embroidery, foiling; own ETP + CETP",Family-owned processing house; expanding value-added lines; full IT/CCTV scope
L0192,A,SME - direct,78,Ajmera Fashion Limited,Textile Trade & Design,Saree manufacturer/exporter,Surat (Ring Road textile cluster),Owner / Management,+91-8849429440,https://wa.me/918849429440,,https://www.ajmerafashion.com/,bulk billing/POS desktops; dense CCTV; networking + Wi-Fi; textile-CAD workstation; server/NAS; AMC,Worldwide shipping; large catalogue; e-commerce,Public-facing brand; global shipping; large scale,Existence-verified (contact pending),"Surat, Gujarat",Company website,https://www.ajmerafashion.com/about-us.htm,Limited co.; since 2011; 32+ yr legacy; worldwide shipping,Large branded manufacturer; multiple product sites; strong digital/e-com ops; alt source: https://www.ajmerafashion.com/contact-us.htm
L0156,A,SME - direct,78,Landmark Honda,Automobile Dealership,Car dealer (Honda),Adajan/Piplod,Dealer Principal / IT Head,,,,https://dealer.hondacarindia.com/,DMS/billing desktops; showroom + workshop + lot CCTV; networking + guest Wi-Fi; digital signage; server/NAS; AMC,Three Honda outlets across Surat,Multi-branch Honda dealer,Existence-verified (contact pending),"4,5 Sapphire Business Hub, L.P. Savani School Road, Adajan, Near Madhuban Circle, Surat 395009",Aggregator listing,https://www.cardekho.com/Honda/Surat/cardealers,Multi-outlet Honda dealer (Adajan/Khatodara/Piplod),Also Mauje Khatodara and Piplod (near Iskon Mall) showrooms
L0157,A,SME - direct,78,Navjivan Hyundai,Automobile Dealership,Car dealer (Hyundai),Udhna-Magdalla,Dealer Principal / IT Head,,,,https://navjivan.hyundaimotor.in/,DMS/billing desktops; showroom + workshop + lot CCTV; networking + guest Wi-Fi; digital signage; server/NAS; AMC,Showroom + service network,Multi-outlet Hyundai dealer in Surat,Existence-verified (contact pending),"Shiv Ashish Industrial Estate SOC 1-11, Near Devchand Nagar, Udhna-Magdalla Road, Surat 394210",Brand dealer site,https://navjivan.hyundaimotor.in/,"Authorized Hyundai dealer, Surat",One of 8+ Hyundai dealers in Surat
L0159,A,SME - direct,78,Shree Ambica Auto Sales & Service (Tata CV),Automobile Dealership,Commercial vehicle dealer (Tata trucks),Bardoli/Kathor/Vyara,Dealer Principal / Admin,,,,https://commercial-vehicles.fleetverse.tatamotors.com/,DMS/billing desktops; large workshop + lot CCTV; networking + Wi-Fi; digital signage; server/NAS; AMC,Multiple CV outlets across South Gujarat,Multi-branch CV dealer expansion,Existence-verified (contact pending),"Surat Bardoli Road, Bardoli (multiple South Gujarat locations)",Brand dealer site,https://commercial-vehicles.fleetverse.tatamotors.com/tata-motors-commercial-vehicle-dealer-shree-ambica-auto-sales-service-truck-dealers-surat-bardoli-road-bardoli-190788/Home,Multi-location Tata CV dealer (Bardoli/Kathor/Vyara/Jankhav),4+ locations; large workshops
L0162,A,SME - direct,78,H. K. Designs (India) / H.K. Jewels,Diamond & Bourse,Diamond cutting/polishing & jewellery manufacturer,Surat,Owner/Partner or IT head,,,,https://hkdesigns.co/,Diamond-planning + jewellery CAD workstations; managed networking; CCTV + access control; servers + NAS; AMC,Cut/polish + jewellery mfg in Surat,Multi-unit manufacturer,Existence-verified (contact pending),Diamond cutting/polishing units in Surat & Ahmedabad; jewellery unit Surat,Company site + search snippet,https://hkdesigns.co/infrastructure.php,Manufacturing units Surat & Ahmedabad; SEEPZ jewellery,Diamonds cut/polished in multiple shapes; H.K. Jewels Surat
L0172,A,SME - direct,78,Associate Co-operative Bank Ltd,Finance & Professional,Co-operative bank,Ring Road,Branch Manager,,,,https://www.associatebank.in/,branch-wide desktops; core-banking servers + NAS backup; networking/firewall; CCTV + access control; UPS; AMC,Recently opened additional branches; growth,New branches recently opened,Existence-verified (contact pending),"1st Floor, Surat Vankar Sangh Building, Ring Road, Surat",Company site,https://associatebank.in/Contactus,UCB since 2000; youngest UCB in Gujarat,Umarwada + HO branches
L0184,A,SME - direct,78,Hilton Garden Inn Surat City Centre,Hospitality & Real Estate,Hotel (4-star),City Centre,GM / IT Manager,,,,https://www.hilton.com/en/hotels/stvgigi-hilton-garden-inn-surat-city-centre/,PMS server; front-desk/back-office PCs; guest Wi-Fi + networking; CCTV; AMC,"Branded business hotel, central",Hilton brand standards,Existence-verified (contact pending),Surat City Centre,Hotel official site,https://www.hilton.com/en/hotels/stvgigi-hilton-garden-inn-surat-city-centre/,Mid-large business hotel,Branded chain; standardized IT and AMC needs
L0186,A,SME - direct,78,The Fern Vishranta Resort Kamrej-Surat (Series by Marriott),Hospitality & Real Estate,Resort,Kamrej,GM / IT Manager,,,,https://www.marriott.com/,PMS server; front-desk/back-office PCs; guest Wi-Fi + networking; CCTV; AMC,Newly converted to Series by Marriott,Brand conversion = systems upgrade,Existence-verified (contact pending),"Kamrej, Surat",Trade news,https://www.hotelierindia.com/development/marriott-debuts-series-by-marriott-globally-expanding-its-30-extraordinary-hotel-brands,"Resort, 89 rooms",Converted into Marriott portfolio; conversion often triggers IT/network refresh
L0195,A,SME - direct,78,Shyam Texturisers Private Limited,Textile Trade & Design,Textile manufacturer/exporter,Surat,Owner / Management,,,,,bulk billing/POS desktops; dense CCTV; networking + Wi-Fi; server/NAS; AMC,Established large turnover; manufacturing scale,Rs 25-50 Cr turnover; since 1992,Existence-verified (contact pending),"Surat, Gujarat",B2B marketplace,https://www.indiamart.com/impcat/readymade-garments.html,Estd 1992; turnover Rs 25-50 Cr,Large established manufacturer-exporter; high IT spend potential
L0196,A,SME - direct,78,Yadu Nandan Fashion,Textile Trade & Design,Saree/ethnic wear manufacturer-exporter,Ring Road,Mr. Rinkesh Agarwal (Owner/Partner),,,,https://ynfonline.com/,bulk billing/POS desktops; CCTV; networking + Wi-Fi; textile-CAD workstation; server/NAS; AMC,Global export growth; e-commerce site (ynfonline.com),Diverse range; exporter; own e-commerce platform,Existence-verified (contact pending),"2002-2005, 2015-18, Jai Radhe Textile Market, Beside Anand Market, Near Shreeji Market, Ring Road, Surat 395002",B2B marketplace,https://www.indiamart.com/yadunandan-fashions-surat/profile.html,Estd 1990; global ethnic-wear exporter,"Contact person Rinkesh Agarwal; sarees, lehengas, suits, jewelry; export-focused"
L0197,A,SME - direct,77,Bhagwan Mahavir College of Engineering & Technology (BMCET),Education,Engineering College,"Vesu, Bharthana",Principal / IT Head,0261-3247110,,director.eng@bmefcolleges.edu.in,bmefcolleges.edu.in,computer-lab desktops (bulk); lab servers; campus networking + Wi-Fi; CCTV; AMC,Part of growing Bhagwan Mahavir education group,Group campus expansion in Vesu,Contact found,"Sr. No. 149, VIP Road, Bharthana, Vesu, Surat-395017",AllSchoolsColleges + FB,https://www.allschoolscolleges.com/college/bhagwan-mahavir-college-of-engineering-and-technology-surat,Mid-large engineering college,Under BMEF group alongside BMU; bulk lab demand
L0204,A,SME - direct,77,Madhurang Studio,Media/Video/Photo,Wedding photography & cinematography,Kamrej / Vesu,Owner/Founder (Kamal/Kiran Patel),+91 98984 22612,https://wa.me/919898422612,,https://www.madhurangstudio.com/,GPU editing rigs; cinematic video storage/NAS; drone footage storage; color-grading; backup; AMC,Cinematic videography + drone 4K volume,~4000 weddings; Kamrej + Vesu branches,Contact found,"141 Ratnapuri Society, Near Sankalp Hospital, Kamrej Char Rasta, Surat 394185",Company website,https://www.madhurangstudio.com/bio,Since 2000; ~4000 weddings; 2 branches,"Founders Kamal & Kiran Patel; cinematic videography, drones, albums; high volume"
L0203,A,SME - direct,77,Casepoint Pvt. Ltd.,IT & Software,Legal-tech SaaS / eDiscovery platform,"Adajan, Surat",IT/Engineering Head or Admin Manager (Surat site),,,,https://www.casepoint.com/,High-spec dev workstations; rack servers + NAS for SaaS dev/test; enterprise firewall + managed switches + Wi-Fi; CCTV/access control; AMC,US legal-tech SaaS (eDiscovery/compliance) with large Surat engineering center; incorporated 2012,"Global SaaS scale, enterprise security needs, large Adajan dev center",Existence-verified (contact pending),"Shivalik Western Complex, LP Savani Rd, TGB, Adajan Gam, Adajan, Surat 395009",Joonsquare listing + JustDial + company site,https://www.joonsquare.com/it-service/casepoint-pvt-ltd-surat,"Medium-Large (global SaaS platform, US HQ + Surat dev)",Enterprise SaaS dev center; strong server/security/AMC fit; confirm site contact
L0206,A,SME - direct,76,AANGAN Architects (Aangan Collaborative LLP),Architecture & CAD/Engineering,Architecture firm,Athwa / Pal-Umra,Principal Architect / Partner,9712919996,https://wa.me/919712919996,aangan.architect@gmail.com,https://aanganarchitects.org/,GPU workstations for architecture/urban design rendering; large monitors; NAS; backup; networking; AMC,"Residential, cultural and urban projects; featured on ArchDaily",LLP structure; urban-design portfolio expansion,Contact found,"Patel Faliyu, Pal-Umra Bridge, opp. Karuna Sagar Temple, near Umrigar School, Surat, Gujarat 395007",Company website,https://aanganarchitects.org/contact-us/,Small-mid,Architecture + interior + urban design
L0208,A,SME - direct,76,Kataria Honda (Two Wheeler),Automobile Dealership,Two-wheeler dealer (Honda),Piplod,Dealer Principal / IT Head,9099007804,https://wa.me/919099007804,,https://honda.kataria.co.in/,Billing desktops; showroom + workshop CCTV; networking + guest Wi-Fi; digital signage; AMC,Multi-city Honda 2W network,Part of large Kataria Group,Contact found,"Kataria Arcade, Opp Rajhans Cinema, Dumas Road, Piplod, Surat 395007",Brand dealer site,https://honda.kataria.co.in/,Honda 2W dealer (Kataria Group); Ahmedabad+Surat,Group also runs Maruti dealerships
L0210,A,SME - direct,76,Stellar Skoda,Automobile Dealership,Car dealer (Skoda),Dumas Road / Puna,Dealer Principal / Admin,919328883324,https://wa.me/919328883324,,https://dealers.skoda-auto.co.in/,DMS/billing desktops; showroom + workshop + lot CCTV; networking + guest Wi-Fi; digital signage; AMC,Showroom + Puna service centre,Multi-site Skoda presence,Contact found,"Sunshine Global Hospital Campus, Dumas Road, Surat 395007, next to Big Bazar",Aggregator listing,https://www.carwale.com/dealer-showrooms/skoda/surat/,Skoda dealer with showroom + Punagam service centre,Service centre Punagam Canal Road ph 7069661111
L0216,A,SME - direct,76,Shrimad Rajchandra Institute of Management & Computer Application (SRIMCA),Education,MCA/MBA College,"Tarsadi, Bardoli (Maliba Campus)",Director / IT Head,8828912891,https://wa.me/918828912891,,srimca.edu.in,computer-lab desktops (bulk); lab servers; networking + Wi-Fi; CCTV; AMC,IT/MCA labs need frequent refresh; UTU campus,Part of large Maliba/UTU campus,Existence-verified (contact pending),"Maliba Campus, Gopal Vidyanagar, Bardoli-Mahuva Road, Tarsadi, Surat-394350",Official site,http://srimca.edu.in/,Mid-large MCA+MBA institute,MCA programs = high desktop density
L0218,A,SME - direct,76,Gangour,Food & Hospitality SME,Restaurant/Sweets & Snacks,Ghod Dod Road,Owner,+919376744445,https://wa.me/919376744445,,gangour.com,POS/billing PCs; KOT printers; CCTV; Wi-Fi; AMC,Popular street-food + sweets destination,Multiple contact lines; own website,Contact found,"L1, Royal Palace, Ghod Dod Rd, Surat 395007",Website,https://gangour.com/,Medium (large chaat/snacks + sweets),Well-known Surti snacks+sweets; multiple phone lines; website
L0219,A,SME - direct,76,WhitesSand,Food & Hospitality SME,Cafe (Pool/Lounge),Dumas Road / Gavier,Owner,+919274314507,https://wa.me/919274314507,,whitessand.com,POS/billing PCs; KOT printers; CCTV; Wi-Fi; AMC,Newly opened premium cafe (2025),New launch - prime hardware-buying window,Contact found,"Opp Laxmipati Grand, Beside DPS School Near Airport, Dumas Road, Surat 395007",Website,https://whitessand.com/,Small-medium (new premium pool cafe),New luxury cafe; own website; strong new-outlet trigger
L0221,A,SME - direct,76,Sahyog Imaging Centre,Healthcare,Diagnostic / imaging centre (radiology),Ring Road,Centre Director / PACS/IT Manager,261-2655808,,,https://www.teleradiologyhub.com/diagnostics/details/36/802-sahyog-imaging-centre-ring-road-surat,PACS server + storage; MRI/CT workstations; reporting desktops; networking; CCTV; UPS; AMC,Multi-branch imaging (Ring Road + Adajan) needs PACS linking,Operates multiple branches incl Adajan,Contact found,"Ground Floor, Aadi Vatsalya Building, Opp RTO Office, Ring Road, Surat 395001",Teleradiology directory,https://www.teleradiologyhub.com/diagnostics/details/36/802-sahyog-imaging-centre-ring-road-surat,MRI + CT + sonography imaging centre (multi-branch),Multi-branch imaging; PACS networking + workstation need
L0226,A,SME - direct,76,Mira Gems,Lab-Grown Diamond,CVD diamond manufacturer / exporter,Varachha (Kohinoor),Owner/Director (Rohan Vanani),+91 81474 49533,https://wa.me/918147449533,,https://www.miragems.com/,GPU workstations for planning/grading; rack server + NAS; multi-camera CCTV + access control; managed switches + Wi-Fi; AMC,Bulk IGI-certified LGD supplier worldwide; contact Rohan Vanani,Bulk worldwide supply; Mumbai BDB office too; scaling exports,Contact found,Plot No 1 to 5 Kohinoor Industrial Estate Opp G.K. Chambers Kohinoor Road Varachha Surat 395006,Company website,https://www.miragems.com/,Medium-large - bulk IGI-certified LGD supplier worldwide,Mumbai office at Bharat Diamond Bourse also listed
L0227,A,SME - direct,76,Rahi Impex,Lab-Grown Diamond,CVD diamond manufacturer / wholesaler,Mahidharpura,Owner/Director,+91 97124 33366,https://wa.me/919712433366,,https://www.rahiimpex.in/,GPU workstations for planning/grading; rack server + NAS; multi-camera CCTV + access control; managed switches + Wi-Fi; AMC,Among most trusted/largest CVD manufacturers in Surat; Mumbai + Surat presence,Two-city operation (Surat + Mumbai); growing wholesale base,Contact found,410 to 418 4th Floor Shree Hari Building opp Shryu Building Jadakhadi Mahidharpura Surat 395003,Company website,https://www.rahiimpex.in/contact/,Medium-large - trusted Surat LGD manufacturer/wholesaler,Email on listing looked auto-generated so omitted; phone verified across listings
L0229,A,SME - direct,76,Phone Merchants,Retail & Supermarket,Mobile retail chain,"Udhna, Adajan",Owner / IT,+919925114800,https://wa.me/919925114800,,https://www.phonemerchants.in,bulk POS/billing desktops; loss-prevention CCTV; per-store networking + Wi-Fi; digital signage; AMC,Multi-store chain established Surat,"ISO-certified local mobile retail chain - quality-focused, multi-outlet",Contact found,Shop 44-46 Anupam Amenity Center Udhna Bus Depot Udhana Main Rd 394210; Ankur Apt Muktanand Nagar Rd Adajan,Sulekha + company site,https://www.sulekha.com/phone-merchants-udhana-main-road-surat-contact-address,ISO 9001 multi-brand mobile chain; est 2000,Phone from listing (may be branch-specific); ISO 9001 signals process maturity - IT-spend likely
L0233,A,SME - direct,76,Maruti Education of Design / Maruti Institute of Design,Textile Trade & Design,Textile CAD design institute/studio,Udhna,Owner / Management,+919904512600,https://wa.me/919904512600,,https://www.marutieducationofdesign.com/,textile-CAD/Jacquard/embroidery/digital-print design workstations (lab); networking + Wi-Fi; CCTV; server/NAS; AMC,"Multiple branches (Udhna, Yogichowk) - expansion",Computerized design institute; multi-branch growth,Contact found,"T-28, Silicon Shoppers, 3rd Floor, Udhana Main Rd, opp. Satya Nagar, Udhana, Surat 394210",Company website,https://www.marutieducationofdesign.com/,Estd 2005; institute w/ multiple branches,Phone +919904512600; CAD design lab = bulk workstation + lab networking buyer
L0236,A,SME - direct,76,Riya Fashions,Textile Trade & Design,Garment exporter (stitched suits/digital print),Ring Road / Radha Krishna Market,Owner / Partner (Export),+912612478899,,export@riyafashions.com,,bulk billing/POS desktops; CCTV; networking + Wi-Fi; textile-CAD workstation; server/NAS; AMC,Digital-print fabrics; export growth,Premium stitched suits + digital-print export,Contact found,"Radha Krishna Textile Market, Ring Road, Surat",B2B marketplace,https://www.indiamart.com/riyafashion-surat/aboutus.html,Garment exporter; premium stitched suits,Phone +912612478899; email export@riyafashions.com; digital-print fabrics
L0207,A,SME - direct,76,Eminent Hyundai,Automobile Dealership,Car dealer (Hyundai),Varachha,Dealer Principal / Admin,,,,https://eminent.hyundaimotor.in/,DMS/billing desktops; showroom + workshop + lot CCTV; networking + guest Wi-Fi; digital signage; AMC,Separate showroom + service facility,Hyundai dealer expanding service footprint,Existence-verified (contact pending),"Service centre in Varachha, Surat",Brand dealer site,https://eminent.hyundaimotor.in/,Authorized Hyundai dealer with Varachha service centre,Showroom plus Varachha workshop
L0211,A,SME - direct,76,Vastranand,BPO/Logistics/Print,E-commerce/D2C,"Sachin GIDC, Surat",IT Head / Operations Manager,,,,https://www.vastranand.in/,bulk office/design PCs; e-comm/ERP servers; networking + firewall; warehouse CCTV; barcode/handhelds; AMC,Fast-rising D2C saree brand; online scale-up,Founded 2017; positioned among top rising D2C fashion brands,Existence-verified (contact pending),"Vastranand Smart House, Plot 998, Road No.87, Sachin GIDC, Near Sutexbank, GIDC INA, Sachin, Surat - 394230",Company website,https://www.vastranand.in/,"Mid (D2C, est. 2017)",D2C sarees; dedicated Smart House facility at Sachin GIDC Surat
L0223,A,SME - direct,76,Pramukh Group,Hospitality & Real Estate,Real estate developer / Builder,Surat,Director / Purchase,,,,https://www.pramukhgroup.com/,Site CCTV; sales-gallery & office PCs; networking; server/NAS; AMC,Residential + commercial ventures,Consistent presence since 1992,Existence-verified (contact pending),Surat,Finance directory,https://www.bankbazaar.com/home-loan/builders-in-surat.html,Established; residential + commercial since 1992,"Apartments, villas and commercial spaces"
L0224,A,SME - direct,76,Surat Diamond (Surat Diamond Jewellery),Jewellery,Diamond/silver/pearl jewellery manufacturer-exporter,Surat,Owner/Director,,,,https://www.suratdiamond.com/,high-density CCTV + access control (critical); jewellery CAD workstations; POS/billing PCs; networking + Wi-Fi; server/NAS; AMC,Exports to USA/UK/India; online retail scaling,Export + e-commerce growth,Existence-verified (contact pending),"Surat, Gujarat (online manufacturer-exporter)",company_website,https://www.suratdiamond.com/about-us.aspx,"Medium-large (manufacturer + exporter, online retail)","Rings/pendants/necklaces, semi-precious"
L0225,A,SME - direct,76,Tapti Jewels,Jewellery,Diamond jewellery manufacturer,Varachha Road,Owner/Director,,,,https://taptijewels.com/,high-density CCTV + access control (critical); jewellery CAD workstations; networking + Wi-Fi; server/NAS; AMC,Custom diamond rings/necklaces; certified precision crafting,Custom-design manufacturing growth,Existence-verified (contact pending),"Tapti House, 2A, 2nd Floor, Kapadiya Compound, B/h Central Bazar, Opp. Varachha Police Station, Varachha Road, Surat 395006",company_website,https://taptijewels.com/,Medium (custom diamond jewellery manufacturer),
L0228,A,SME - direct,76,Vibrant Zone,Media/Video/Photo,Animation / VFX / AR-VR studio,Nanpura,Founder/Creative Director,,,,https://vibrantzone.com/,High-end GPU render workstations for 3D/VFX/AR-VR; render storage/NAS; 10G networking; AMC,3D/VFX/AR-VR project growth,10 yrs; Surat + Pune offices,Existence-verified (contact pending),"202, Mangalam Appt, Popat Mohallo, opp. Jalaram Dana Chana, Nanpura, Surat 395001",Company website,https://vibrantzone.com/contact-us/,Decade of experience; multi-city,"3D/2D animation, VFX, AR-VR; Surat HQ + Pune office; render-heavy workloads"
L0232,A,SME - direct,76,Madhusudan Dyeing & Printing Mills (Madhusudan Group),Textile Manufacturing,Dyeing & Printing (processing house),Surat,Owner/Director or Admin manager,,,,https://madhusudangroup.com/dyeing-printing-mills/,ERP/Tally servers; billing & design PCs; large-area CCTV; networking + Wi-Fi; biometric attendance; AMC,Eco-friendly dyeing + digital printing modernization,Digital printing + integrated weaving,Existence-verified (contact pending),"Madhusudan Group, Surat (dyeing/printing + weaving divisions)",Company website,https://madhusudangroup.com/dyeing-printing-mills/,"Mid-large group; dyeing, digital printing + weaving (Madhusudan Weaves)",Group with both processing and weaving; broad IT/surveillance scope
L0234,A,SME - direct,76,Raghukul Textile Market,Textile Trade & Design,Textile market complex,Ring Road,Market management / association office,,,,,complex-wide networking + Wi-Fi; dense CCTV; bulk billing/POS desktops; AMC,Premium designer/bridal positioning,250+ shops over three floors,Existence-verified (contact pending),"Raghukul Market, Near Kamela Darwaza, Ring Road, Surat 395002",Market directory,https://surattextilemarkets.com/raghukul-textile-market/,3 floors; 250+ shops; designer/bridal,Premium bridal wear; higher-value tenants
L0237,A,SME - direct,76,Sitaram Creation Pvt. Ltd.,Textile Trade & Design,Saree manufacturer/wholesaler,"Millennium / JJ Market, Ring Road",Owner / Partner,,,,,bulk billing/POS desktops; CCTV; networking + Wi-Fi; textile-CAD workstation; server/NAS; AMC,Multiple showrooms (Millennium + JJ + Kalathiya unit),Multi-location expansion; manufacturing + wholesale,Existence-verified (contact pending),"81/82, 1st Floor, Sidhhi Vinayak Industrial Estate, Behind Ashoka Hotel, Opp Smimer Hospital, Millennium Textile Market, Surat 395002",B2B marketplace,https://www.indiamart.com/sitaramcreation/,Pvt Ltd; estd 2002; multi-location,"Operates across Millennium, JJ AC Market and Kalathiya Estate unit; 4.5-4.8 rating"
L0239,A,SME - direct,75,"Vidyabharti Trust College of Business, Computer Science & Research (VTCBCSR)",Education,Engineering/Computer College,"Umrakh, Bardoli (South Gujarat)",Principal / Director / IT Head,02622-220581,,info@vtcbcsr.edu.in,vtcbcsr.edu.in,computer-lab desktops (bulk); lab servers; networking + Wi-Fi; CCTV; AMC,CS/IT/BCA/MCA labs need refresh; GTU/AICTE,Vidyabharti multi-college campus,Contact found,"Vidyabharti Campus, Umrakh, Ta-Bardoli, Surat-394345",Official site,https://www.vtcbcsr.edu.in/,Mid-large college (computer science + business),Computer-science focus = high desktop density
L0240,A,SME - direct,75,Dotivala Bakers & Confectioners,Food & Hospitality SME,Bakery,Nanpura,Dotivala family (Owner),+912612475027,,info@dotivala.com,dotivala.com,POS/billing PCs; CCTV; Wi-Fi; AMC; networking across shops,"200+ yr heritage; multiple Surat shops (Nanpura, Varachha, Althan)",Several outlets; e-commerce site,Contact found,"Ardeshir Kotwal Road, Makkai Bridge, Nanpura, Surat 395001",Website,https://dotivala.com/contact-us,"Small-medium (heritage family bakery, multiple shops)",Famous Irani heritage bakery; family-owned; website + email
L0241,A,SME - direct,75,Grown Diamond Corporation,Lab-Grown Diamond,LGD manufacturer / polishing factory,Surat (factory),Owner/Director or Factory Manager,+91 22 4971 6448,,,https://www.growndiamondcorp.com/,GPU workstations for planning/grading; rack server + NAS; multi-camera CCTV + access control; managed switches + Wi-Fi; AMC,World-class technology polishing factory in Surat; manufacturer + distributor of LGDs,Modern equipment-heavy polishing factory; sector growth,Contact found,State-of-the-art polishing factory in Surat (HQ in Mumbai BKC),Company website,https://www.growndiamondcorp.com/contact/,Medium-large - world-class polishing factory in Surat,Phone is Mumbai HQ; Surat factory direct line not visible
L0242,B,SME - direct,74,Aditya Sutaria Architects (ASA),Architecture & CAD/Engineering,Architecture firm,Vesu,Principal Architect / Owner,9909038481,https://wa.me/919909038481,,,GPU workstations for architecture/interior 3D rendering; dual monitors; NAS; backup; networking; AMC,Award-winning firm; ongoing residential/interior projects,Young growing practice,Contact found,"207, The Grand Plaza, VIP Road, Vesu, Surat, Gujarat 395007",JustDial listing,https://www.justdial.com/Surat/Aditya-Sutaria-Architects-Asa-Vesu/0261PX261-X261-220317220322-X4V1_BZDET,Small-mid,Architecture & interior design firm
L0243,B,SME - direct,74,Ducon Consultants Pvt. Ltd.,Architecture & CAD/Engineering,Structural / Industrial design,Vesu,Director / Principal Engineer,7211119652,https://wa.me/917211119652,,https://www.duconconsultants.in/,GPU workstations for structural + industrial project design/analysis; dual monitors; NAS/server; backup; networking; AMC,Renowned structural & industrial design consultancy; Pvt Ltd,Corporatised; industrial-project scale,Contact found,"402, SNS Arista, Opp. Happy Home Residency, Udhana-Magdalla Road, Vesu, Surat 395007",Company website,https://www.duconconsultants.in/structures/contact.html,Mid,"Director Utsav Shah (MS Structural, U. Florida)"
L0245,B,SME - direct,74,EssTeam Design Services LLP,Architecture & CAD/Engineering,Architecture firm,Piplod / Gymkhana Rd,Principal Architect / Partner,9909016610,https://wa.me/919909016610,,http://www.essteam.in/,GPU workstations for sustainable-design modelling/rendering; large monitors; NAS; backup; networking; AMC,Sustainability-focused practice; residential & commercial portfolio,LLP; established multidisciplinary team,Contact found,"Samanvay, 4th Floor, Gymkhana Rd, near Chandni Chowk, Surat, Gujarat 395007",Company website,https://www.essteam.in/contact,Mid,Sustainability-led architecture firm
L0246,B,SME - direct,74,Studio Lagom,Architecture & CAD/Engineering,Architecture / Interior firm,Sagrampura,Design Director / Founder,9913704686,https://wa.me/919913704686,,http://www.studiolagom.in/,GPU workstations for residential/retail/restaurant 3D rendering + furniture design; dual monitors; NAS; backup; networking; AMC,Est. 2011; award-published (ArchDaily/Archello); retail/hospitality/institutional work,Recognised studio with diversified portfolio,Contact found,"2nd Floor, Flat No. 3, Khimchand Mansion, Opp. Old Mahavir Hospital, Sagrampura, Surat",Company website,http://www.studiolagom.in/,Mid,Founder Aishwarya Shinde; also designs furniture
L0247,B,SME - direct,74,Presidency Skoda,Automobile Dealership,Car dealer (Skoda),Bharthana Vesu,Dealer Principal / Admin,6359309000,https://wa.me/916359309000,,https://dealers.skoda-auto.co.in/,DMS/billing desktops; showroom + workshop CCTV; networking + guest Wi-Fi; digital signage; AMC,Combined showroom + service facility,Skoda dealer in Vesu growth corridor,Contact found,"Plot No 53, TP Scheme 13, New City Light Road, Bharthana Vesu, Surat 396445",Aggregator listing,https://www.carwale.com/dealer-showrooms/skoda/surat/,"Skoda showroom + service, Vesu",Showroom and service co-located
L0249,B,SME - direct,74,Jamnagar Transport Company,BPO/Logistics/Print,Logistics/Transport,"Delhi Gate / Udhna GIDC, Surat",Owner / Operations Manager,0261-2491279,,,https://www.jamnagartransportco.com,office PCs; server; networking + firewall; warehouse/godown CCTV; barcode/handhelds; AMC,Multi-branch network; computerized tracking,"Multiple Surat branches; door-to-door, computerized tracking",Contact found,"716/6, Opp Satkar Hotel, Near Ambika Petrol Pump, Unapani Road, Delhigate, Surat - 395003; Branch Plot 23/1, Road No.12, GIDC Udhna, Surat - 394210",Company website,https://www.jamnagartransportco.com,Mid-large (multi-branch),Phone 0261-2491279 Delhigate; mobile 9737047141; Udhna branch 0261-2271430
L0250,B,SME - direct,74,Metro Press,BPO/Logistics/Print,Printing/Packaging,"Khatodra Wadi / Ring Road, Surat",Purchase / IT Head,9537343537,https://wa.me/919537343537,jobs@metrosurat.in,https://metrosurat.in/,pre-press color workstations (Mac/PC); RIP server; large monitors; web-press control PCs; networking; CCTV; AMC,Offset + digital + web printing & packaging; multi-unit,"Since 1990; units in Junagadh, Rajkot, Surat, Ahmedabad",Contact found,"Metro Printers, Ring Road, Khatodra Wadi, Surat, Gujarat",Company website,https://metrosurat.in/contact-us,"Mid-large (est. 1990, multi-city)","Phones +91-9537343537/9825276436; emails jobs@metrosurat.in, accounts@metrosurat.in"
L0251,B,SME - direct,74,Dimexon Diamonds Ltd,Diamond & Bourse,Diamond manufacturer (traceability focus),Choryasi,Owner/Partner or IT head,,,infoindia@dimexon.com,https://dimexon.com/,Diamond-planning workstations; managed networking; CCTV + access control; traceability/ERP servers + NAS; AMC,Traceability/ESG focus drives IT investment,Established manufacturer with global supply,Contact found,"Choryasi, Surat 395001 (Surat unit); HQ Raheja Chambers, Nariman Point, Mumbai",Sulekha + search snippet,https://www.sulekha.com/dimexon-diamonds-ltd-choryasi-surat-contact-address,~246 employees; full-traceability diamonds,Surat manufacturing unit; corporate Mumbai
L0252,B,SME - direct,74,Atharva Diamond (Atharva International Trade),Diamond/Jewellery/Textile Micro-SME,Diamond cutting & polishing job-work unit,Varachha,Mr. Mahendra (owner/contact),9069077577,https://wa.me/919069077577,aitraimpex@gmail.com,atharvainternationaltrade.com,CCTV (critical); planning/billing PCs; networking + Wi-Fi; NAS; AMC,Job-work for CVD/HPHT/LGD; hiring (current-jobs page) = growth,Active hiring page + Dubai contact = expansion signal,Contact found,"105, Vrundavan, Near Gitanjali Petrol Pump, Varachha, Surat - 395006",Company website,https://www.atharvainternationaltrade.com/contact-us.htm,Small job-work unit (CVD/HPHT cutting-polishing),Owner Mr. Mahendra +91-9069077577 (also WhatsApp); est. 1988; does cutting/planning/polishing jobwork
L0255,B,SME - direct,74,Sitarambhai Naranji Patel Institute of Technology & Research Centre (SNPIT&RC),Education,Engineering College,"Umrakh, Bardoli (South Gujarat)",Principal / IT Head,02622-224581,,,snpitrc.ac.in,computer-lab desktops (bulk); lab servers; campus networking + Wi-Fi; CCTV; AMC,Engineering+diploma labs; AICTE accreditation,Campus growth,Existence-verified (contact pending),"At & Po Umrakh, Ta-Bardoli, Surat-394345",Official site,https://www.snpitrc.ac.in/,Mid-large engineering college,Degree+diploma engineering labs = recurring desktop demand
L0257,B,SME - direct,74,White Lotus International School,Education,School (CBSE),Vesu,Principal / Admin / IT Coordinator,0261-2215700,,info@wlis.org,wlis.org,computer-lab desktops (bulk); smart-class panels/projectors; networking + Wi-Fi; CCTV; AMC,Foundation-to-XII CBSE; digital classrooms,Campus growth in Vesu,Contact found,"Plot 205, Opp. Royal Regency, near SUDA Water Tank, behind Someshwara Bunglows, Vesu, Surat-395007",CBSEschool directory + WLIS,https://www.cbseschool.org/white-lotus-international-school-surat-gujarat/,Mid-large CBSE international school,Aster Institutions group; labs + smart classes
L0259,B,SME - direct,74,24 Carats Mithai Magic,Food & Hospitality SME,Sweet Shop (Mithai),Ghod Dod Road / Parle Point,Owner,+919714826200,https://wa.me/919714826200,,24caratssweets.com,POS/billing PCs; CCTV; weighing-scale integration; Wi-Fi; AMC,"Premium sweet brand, online ordering",Has e-commerce; high footfall area,Contact found,"H/7, Ghod Dod Rd, Parle Point, Meghdoot Society, Athwalines, Surat 395007",Website,https://24caratssweets.com/contact-us/,"Small-medium (1572 reviews, premium mithai)",Premium mithai; own website + online store; mobile captured
L0260,B,SME - direct,74,La Mensa Multicuisine,Food & Hospitality SME,Restaurant (Multicuisine),Katargam,Owner,+919875281816,https://wa.me/919875281816,,lamensamulticuisine (FB),POS/billing PCs; KOT printers; CCTV; Wi-Fi; AMC,Very high review volume; busy family restaurant,"Strong footfall, recent establishment",Contact found,"Ramkatha Rd, beside Gujan Park, near SRK Sports Complex, Katargam, Surat 395004",JustDial/Facebook,https://www.justdial.com/Surat/La-Mensa-Multicuisine-Restaurants-Near-Atlantis-Hights-Katargam/0261PX261-X261-220127154610-I1X4_BZDET,"Medium (3324 reviews, large multicuisine)",Mobile captured; high-rated Katargam multicuisine
L0261,B,SME - direct,74,Shree Kathiyawadi Restaurant,Food & Hospitality SME,Restaurant (Gujarati/Kathiyawadi),Adajan,Owner/Manager,+919870059488,https://wa.me/919870059488,,,POS/billing PCs; KOT printers for kitchen; CCTV; Wi-Fi; AMC,"High review volume, popular thali spot",Multiple Kathiyawadi outlets in Adajan area,Contact found,"Shop No 101 & 102, Trinity Business Park, Madhuvan Circle, Subhash Chandra Bose Marg, Adajan, Surat 395009",Zomato,https://www.zomato.com/surat/shree-kathiyawadi-restaurant-adajan-gam,"Medium (1181 reviews, busy thali restaurant)",Mobile captured; high-volume thali restaurant
L0268,B,SME - direct,74,Shreeji Imaging Center,Healthcare,Diagnostic / imaging centre (radiology),Sumul Dairy Road,Centre Director / PACS/IT Manager,+91 261 253 7125,,,http://www.shreejiimaging.in/,PACS server + storage; CT/MRI workstations; reporting desktops; networking; CCTV; UPS; AMC,CT/MRI + multiple locations = PACS + workstation refresh,Two locations (Sumul Dairy + Varachha),Contact found,"Ground Floor Hotel Raj Building, Near Ayurvedic College, Sumul Dairy Road, Surat 395003",Diagnostic centre website,http://www.shreejiimaging.in/,CT + MRI + sonography; multi-location (Varachha branch),Imaging center; PACS/workstation prospect
L0270,B,SME - direct,74,Lords Plaza Surat,Hospitality & Real Estate,Hotel (4-star),Delhi Gate,GM / IT Manager,0261-3066666,,,https://www.lordshotels.com/,PMS server; front-desk/back-office PCs; guest Wi-Fi + networking; CCTV; AMC,Central-city business hotel,Lords chain presence,Contact found,"Delhi Gate, Ring Road, Surat",Govt tourism registry,https://gujarattourism.com/accommodation/registered-hotels/lords-plaza--surat.html,Mid-large business hotel,Phone from Gujarat Tourism registry
L0274,B,SME - direct,74,Brilliantstar Diamond Jewellery Pvt. Ltd.,Jewellery,Diamond jewellery manufacturer,Mini Bazar (Varachha),Owner/Director,+91-81412-62360,https://wa.me/918141262360,,,high-density CCTV + access control (critical); jewellery CAD workstations; networking + Wi-Fi; server/NAS; AMC,Diamond manufacturing hub location,Located in Mini Bazar diamond cluster,Contact found,"Office No. 101, 1st Floor, Hare Krishna Diamond Hall, Sy-246, Plot No. 8/A, Room No.1, Varachha Road, Mini Bazar, Surat 395008",directory,https://www.scribd.com/document/879082529/Jewellers-in-Surat-Contact-Details,Medium (Pvt Ltd diamond jewellery mfr),
L0278,B,SME - direct,74,Excellent Corporation,Lab-Grown Diamond,CVD & HPHT diamond supplier / jeweler,Varachha,Owner (Gaurang Vasoya),+91 82001 27828,https://wa.me/918200127828,,https://www.excellent-corporation.com/,GPU workstations for planning/grading; rack server + NAS; multi-camera CCTV + access control; managed switches + Wi-Fi; AMC,Large IGI/GIA certified inventory; CVD + HPHT + jewelry; proprietor Gaurang Vasoya,Growing certified-stone inventory and custom jewelry line,Contact found,152 Ankur Society Beside Gate No 1 Near Ankur Circle A.K Road Varachha Surat 395006,Company website,https://www.excellent-corporation.com/,Medium - large IGI/GIA inventory + custom jewelry,WhatsApp +91 81404 59170 also listed; email not visible
L0279,B,SME - direct,74,Blink Opticals,Local Retail SME,Optician/Eyewear,City Light Road,,8866222777,https://wa.me/918866222777,,https://www.hindustanyellowpages.in/Surat/Blink-Opticals/City-Light-Road,POS/billing desktop; CCTV; Wi-Fi; AMC,Premium eyewear positioning; surveillance need,Has own brand website blinkopticals.com,Contact found,"City Light Road, Surat",Directory (HindustanYellowPages),https://www.hindustanyellowpages.in/Surat/Blink-Opticals/City-Light-Road,"Single store, owner-run",Real mobile captured; premium eyewear retailer
L0280,B,SME - direct,74,Dhwani Opticals,Local Retail SME,Optician/Eyewear,City Light Road,,9825885821,https://wa.me/919825885821,,https://www.hindustanyellowpages.in/Surat/Dhwani-Opticals/City-Light-Road,POS/billing desktop; CCTV; Wi-Fi; AMC,High-value eyewear stock drives CCTV adoption,Prime City Light location,Contact found,"City Light Road, Surat",Directory (HindustanYellowPages),https://www.hindustanyellowpages.in/Surat/Dhwani-Opticals/City-Light-Road,"Single store, owner-run",Real mobile captured; strong eyewear POS+CCTV prospect
L0281,B,SME - direct,74,Aadharshila,Media/Video/Photo,Corporate video production,"Race Course (Vadodara base, serves Surat)",Creative Director/Owner,+91 73833 21779,https://wa.me/917383321779,connect@aadharshila.com,https://aadharshila.com/video-production-company-in-surat/,GPU workstations for motion graphics/2D-3D; render storage; NAS; color-grading; AMC,Corporate 4K video demand; motion graphics expansion,38 yrs in business; multi-city Gujarat network,Contact found,"34, Third Floor, Meghdhanush, Race Course, Vadodara 390007",Company website,https://aadharshila.com/contact/,38+ yrs branding/marketing,HQ Vadodara serving Surat; corporate films + 2D/3D animation; established player; alt source: https://aadharshila.com/logo-design-company-in-surat/
L0282,B,SME - direct,74,Manish Photo Studio,Media/Video/Photo,Photography & videography studio,Bhatar Road,Owner/Founder,+91 9825128612,https://wa.me/919825128612,manishphoto13@gmail.com,https://manishphotostudio.com/,GPU editing workstations; cinematic 4K storage/NAS; color-grading monitor; backup; AMC,Wedding cinematography 4K upgrade,30+ yrs; in-house photographers & cinematographers,Contact found,"17-18-19, Vardhman Complex, Near Umabhavan Char Rasta, Bhatar Road, Surat 395017",Company website,https://manishphotostudio.com/contact-us/,Est. 1994; established,Established 1994; commercial + wedding photography/videography; two contacts listed
L0285,B,SME - direct,74,CNC Shop Floor,SME Manufacturing & Jobwork,CNC turning / VMC milling job work,"Udhna, Surat",Chirag Chodvadiya (Director),+91 8047300363,https://wa.me/918047300363,,https://www.cncshopfloor.in/,design/CAM PCs; shop-floor CCTV; networking + Wi-Fi; biometric attendance; AMC,Multi-axis (4/5 axis) machining capability suggests new equipment investment,"Offers 4/5 axis milling, turn-mill - growing capability",Contact found,"D-303, Udhana Udhyognagar Sangh Complex, Central Road, Udhna, Surat - 394210",IndiaMART,https://www.indiamart.com/proddetail/cnc-machining-workshop-job-shop-2854606152162.html,Small-medium engineering job shop,"IndiaMART proxy number; VTL, heavy-duty turning services"
L0291,B,SME - direct,74,Wholetex,Textile Trade & Design,Wholesale textile trader/exporter,Surat,Owner / Partner,+919137381212,https://wa.me/919137381212,,https://www.wholetex.com/,bulk billing/POS desktops; CCTV; networking + Wi-Fi; server/NAS; AMC,E-commerce/wholesale-online model; export,Online B2B platform; export-oriented,Contact found,"Surat, Gujarat",Company website,https://www.wholetex.com/,Online wholesale; catalogues/sarees/suits/kurtis,Phone +919137381212 / +919327773330; online wholesale trader & exporter
L0244,B,SME - direct,74,Engineering Technique,Architecture & CAD/Engineering,CAD/CAM mechanical design & SOLIDWORKS,Athwa Gate,Director / Owner,,,,https://www.enggtechnique.com/,High-end GPU workstations for SOLIDWORKS CAD + mechanical design + 3D printing; dual monitors; NAS/server; backup; networking; AMC,SOLIDWORKS Authorized VAR (since 2000) for Surat/Gujarat/Mumbai; 3D printing & mech-design services,Long-standing reseller; 3D-printing + design-services expansion,Existence-verified (contact pending),"2nd Floor, Shreeji Nivas, Above A to Z Electronics, Besides Mansukhlal Tower, Opp. Dhiraj Sons, Athwa Gate, Surat 395001",Company website,https://www.enggtechnique.com/,Mid,Phone/email not visible on source; CAD/CAM + 3D printing
L0248,B,SME - direct,74,Surat Kia (Surat Motorcars),Automobile Dealership,Car dealer (Kia),Udhana,Dealer Principal / Admin,,,,https://kiaindia-dealers.com/,DMS/billing desktops; showroom + workshop + lot CCTV; networking + guest Wi-Fi; digital signage; AMC,Showroom + service,Kia dealer; EV (Kia) lineup,Existence-verified (contact pending),"Khatodara / Udhana area, Surat",Brand dealer site,https://kiaindia-dealers.com/kia-car-showroom-surat-kia-udhana-surat-kia-car-dealer-udhana-surat-334876/Home,"Authorized Kia dealer, Surat",Opp Khatodara Police Station; Skyview Business Horizon
L0258,B,SME - direct,74,NJ Insurance Brokers Pvt Ltd,Finance & Professional,Insurance broker,Udhna,Admin,,,,https://www.njgroup.in/,multi-seat desktops; data server + NAS backup; networking/firewall; CCTV; UPS; AMC,Group expansion; insurance-broking growth,Part of large NJ Group,Existence-verified (contact pending),"Block No 502, 2nd Floor, B Tower, Udhna Udyog Nagar Sangh Commercial Complex, Surat-394210",IRDAI registry,https://policyholder.gov.in/en/web/guest/list-of-brokers,NJ Group insurance-broking arm; License DB447/09,IRDAI broker DB447/09; NJ Group
L0271,B,SME - direct,74,Roongta Developers,Hospitality & Real Estate,Real estate developer / Builder,Surat,Director / Purchase,,,,https://roongtadevelopers.com/,Site CCTV; sales-gallery & office PCs; networking; server/NAS; AMC,"Active projects (Estella, Signature)",Eco-conscious projects; growing,Existence-verified (contact pending),Surat,Builder official site,https://roongtadevelopers.com/,Mid-large; residential/commercial/industrial since 2011,Est. 2011; multi-sector portfolio
L0273,B,SME - direct,74,OptimumBrew Technology LLP,IT & Software,"SaaS product / mobile apps (PhotoADKing, DesignWiz)",Surat,Founder/Director or IT Head,,,,https://optimumbrew.com/,High-spec workstations; GPU + render/server for image-SaaS; rack server + NAS; firewall + managed switches + Wi-Fi; CCTV; AMC,Bootstrapped SaaS (PhotoADKing/DesignWiz) with large user base; profitable product company,Self-funded product scale = ongoing compute + infra investment,Existence-verified (contact pending),"Surat, Gujarat",Company website + listicle,https://optimumbrew.com/,Medium-Large (bootstrapped SaaS products),Product company; image/design SaaS implies strong compute + storage need
L0275,B,SME - direct,74,Excellent Corporation (Excellent Jewel),Jewellery,Lab-grown diamond mfr + custom jewellery,Varachha (AK Road),Owner/Director (Gaurang Vasoya),,,,https://www.excellentcorporation.in/,high-density CCTV + access control (critical); jewellery CAD workstations; networking + Wi-Fi; servers/NAS; AMC,Customize jewellery mfr; IGI/GIA certified diamonds,LGD + custom jewellery expansion,Existence-verified (contact pending),"152, Ankur Society, A K Road, Varachha, Surat 395006",company_website,https://www.excellentcorporation.in/,Medium (CVD/HPHT LGD mfr + custom jewellery),Proprietor Gaurang Vasoya
L0276,B,SME - direct,74,Premvati Diamond Jewellery,Jewellery,Diamond/gold jewellery manufacturer,Mahidharpura,Owner/Director,,,,https://www.premvatijewelry.com/,high-density CCTV + access control (critical); jewellery CAD workstations; networking + Wi-Fi; server/NAS; AMC,Designer pendant sets manufacturer/exporter/supplier,Katargam (Premvati Gold) unit also operating,Existence-verified (contact pending),"2nd Floor, Rajwadi Palace, Above SNB Jewellers, Rampura Road, Lal Darwaja, Mahidharpura, Surat 395003",company_website,https://www.premvatijewelry.com/,Medium (manufacturer/exporter of diamond gold pendant sets),Mahidharpura diamond market location
L0277,B,SME - direct,74,Prishil Diamond and Jewel,Jewellery,Jewellery CAD design & rendering service,Surat,Owner/Director,,,,https://www.prishiljewels.com/,jewellery CAD workstations (high-spec GPU); CCTV; networking + Wi-Fi; server/NAS for renders; AMC,"CAD design, 3D product video, 360 animation, rendering",Design-services growth,Existence-verified (contact pending),"Surat, Gujarat",company_website,https://www.prishiljewels.com/diamond-jewellery-designing-services.htm,Small-medium (CAD design/rendering studio),Render/animation workload = GPU workstations
L0286,B,SME - direct,74,Mahira Textiles,Textile Manufacturing,Weaving (airjet),Surat,Owner/Director or Factory manager,,,,https://www.mahiratextile.com/,ERP servers; shop-floor & billing PCs; large-area multi-shed CCTV; networking + Wi-Fi; biometric attendance; AMC,High-volume 24/7 airjet weaving; B2B bulk export,24/7 high-capacity airjet operations,Existence-verified (contact pending),"Surat, Gujarat (airjet fabric manufacturer)",Company website,https://www.mahiratextile.com/,"Mid-large: 100K+ m/week airjet capacity, 24/7 operations",24/7 airjet weaver; strong shop-floor IT + surveillance need
L0288,B,SME - direct,74,Sudamo Impex Pvt Ltd (Madhusudan Group),Textile Manufacturing,Weaving (rapier/waterjet),Palsana (Baleshwar),Owner/Director or Factory manager,,,,https://madhusudangroup.com/weaving/,ERP servers; shop-floor & billing PCs; large-area multi-shed CCTV; networking + Wi-Fi; biometric attendance; AMC,Modern imported loom fleet; supplies domestic + export,Picanol/Tsudakoma modern looms,Existence-verified (contact pending),"283, Laxminarayan Industrial Estate, NH No. 8, Village Baleshwar, Tal. Palsana, Dist. Surat 394317",Company website,https://madhusudangroup.com/weaving/,Mid-large weaving unit: Picanol Rapier + Tsudakoma Waterjet looms,Latest imported looms; export-oriented; strong shop-floor IT need
L0289,B,SME - direct,74,Artistic Designing Studio,Textile Trade & Design,Textile/Jacquard CAD design studio,Sachin GIDC,Founders (Chetan Bhanderi / Vijay Patel),,,,https://www.artisticdesigningstudio.com/,textile-CAD/Jacquard design workstation; high-spec PCs; CCTV; networking + Wi-Fi; NAS for design files; AMC,Rapier Jacquard/CAD design demand growth,Specialist design studio - core CAD workstation buyer,Existence-verified (contact pending),"Sachin GIDC, Surat, Gujarat",Company website,https://www.artisticdesigningstudio.com/about/,Founded 2018; 27+ yrs designer experience,"Rapier Jacquard, textile, garment, saree designing via CAD - prime workstation lead"
L0290,B,SME - direct,74,Suryavanshi Creation Pvt. Ltd.,Textile Trade & Design,Saree/ethnic wear manufacturer-wholesaler,Ring Road,Owner / Partner,,,,https://www.suryavansicreation.com/about-us,bulk billing/POS desktops; CCTV; networking + Wi-Fi; textile-CAD workstation; server/NAS; AMC,24x7 online support; large catalogue; export (Indian+Pakistani wear),5000+ designs; B2B platform; export growth,Existence-verified (contact pending),"Textile Market, Ring Road, Surat",Company website,https://www.suryavansicreation.com/about-us,25+ yrs; 5000+ ready-to-ship designs,Tech-forward (live chat/WhatsApp/email 24x7); strong digital ops
L0298,B,SME - direct,73,GAB & Associates,Finance & Professional,CA / Audit firm,Ring Road,Partner,0261 4897877,,info@gabca.in,https://gabca.in/,multi-seat desktops/workstations; Tally/data server + NAS backup; firewall; CCTV; UPS; AMC,Second branch (Bardoli); growing clientele,Bardoli branch opened,Contact found,"304, 21st Century Business Centre, Ring Road, Surat-395002",JustDial,https://www.justdial.com/Surat/GAB-Associates-Nr-World-Trade-Centre-Ring-Road/0261PX261-X261-130830214235-V7I3_BZDET,Est. 2013; offices at Ring Road + Bardoli,"Taxation, audit, project finance, trademark; alt source: https://www.thinkingbridge.in/blog/top-ca-firms-in-surat"
L0300,B,SME - direct,73,Kekiz - The Cake Shop,Food & Hospitality SME,Cake Shop / Patisserie,Althan,Khushant Bansal / Tanmay Dave (Owners),6352809010,https://wa.me/916352809010,,kekiz_surat (IG),POS/billing PCs; CCTV; Wi-Fi; AMC,Owner-run cake brand; 3 Surat outlets,Althan + Athwagate + Dindoli = expansion,Contact found,"Althan-Bhatar, Surat (also Athwagate, Dindoli)",Instagram,https://www.instagram.com/kekiz_surat/,"Small-medium (3 local outlets, owner-run)",Owner names + mobile from IG bio; growing local cake brand
L0301,B,SME - direct,73,Kissah - The Cafe,Food & Hospitality SME,Cafe / Restaurant,Dumas,Owner (IG @kissahsurat),+917047507047,https://wa.me/917047507047,,kissahsurat (linktr),POS/billing PCs; KOT printers; CCTV; Wi-Fi; AMC,"Trendy Moroccan-theme cafe, active IG","Relatively new, growing brand",Contact found,"Right From Langar, Opp Jukamata Temple, Next To Vihar Cottage, Sultanabad Dumas Village Road, Surat 394550",Instagram,https://www.instagram.com/kissahsurat/,"Small-medium (themed cafe, est ~2023)",Mobile captured via IG/JustDial; trendy Dumas cafe
L0302,B,SME - direct,73,Santkrupa Farsan & Sweet Mart,Food & Hospitality SME,Sweet Shop / Farsan,Yogi Chowk / Nana Varachha,Owner/Proprietor,+919737284990,https://wa.me/919737284990,,,POS/billing PCs; CCTV; weighing integration; Wi-Fi; AMC,2 outlets in Varachha belt; manufacturer too,Multiple outlets = expansion,Contact found,"789, Dharmanandan Residency, Yogi Chowk, Nana Varachha, Surat 395006",IndiaMART/JustDial,https://www.indiamart.com/santkrupa-farsan-sweet-mart-surat/aboutus.html,Small-medium (multiple outlets Yogi Chowk/Nana Varachha),Mobile captured; farsan manufacturer + retailer
L0303,B,SME - direct,73,Unipath Speciality Laboratory,Healthcare,Pathology lab / diagnostics chain,Athwa Gate,Lab Director / IT Manager,0261-3099000,,,https://unipath.in/,LIS servers + storage; analyzer-integrated workstations; reception/billing desktops; networking + Wi-Fi; CCTV; UPS; AMC,NABL specialty lab with network needs LIS + connectivity,Network of collection centers; growth,Contact found,"Vanita Vishram Building, Above Bank of Baroda, Near Athwa Circle, Athwa Gates, Surat",Lab chain website,https://unipath.in/reach-us,NABL-certified specialty lab; network of centers,Specialty lab chain; LIS + networking AMC
L0304,B,SME - direct,73,EnactOn Technologies Pvt. Ltd.,IT & Software,Software / SaaS product development,"Vesu/Dumas Road, Surat",Founder/Director or IT/Admin Head,+91 74260 60610,https://wa.me/917426060610,contact@enacton.com,https://www.enacton.com/,High-end developer workstations; rack server + NAS; firewall + managed switches + Wi-Fi; CCTV; AMC,"Founded 2013/2019; product-based origin (affiliate/fintech SaaS), clients in 65+ countries",Product engineering focus implies higher-spec workstations and infra,Contact found,"605, 6th Floor, Luxuria Business Hub, Dumas Road, Surat 395007",Company website (contact page),https://www.enacton.com/contact-us/,Medium (product + services; 65+ countries),Product + outsourcing mix; premium workstation need
L0305,B,SME - direct,73,Divyang Opticals,Local Retail SME,Optician/Eyewear,Adajan,,9825403704,https://wa.me/919825403704,,https://www.facebook.com/divyangopticals.in/,POS/billing desktop; CCTV; Wi-Fi; AMC,Two mobile lines suggest growing ops,Active Facebook presence + listings,Contact found,"Opposite Mahalaxmi Fast Food, Adajan Dn, Surat",Directory (HindustanYellowPages),https://www.hindustanyellowpages.in/Mobile/9825403704,"Single store, owner-run",Two numbers listed (9825403704/9033090110); FB page active
L0307,B,SME - direct,73,Elegance Cosmetic Laser Clinic & Hair Transplant Center,Wellness & Clinics SME,Cosmetic/hair transplant clinic,Adajan & Vesu,Dr. Ashutosh Shah (Founder/Owner),8320500350,https://wa.me/918320500350,,https://www.eleganceclinic.in/,reception/billing PCs; CCTV; biometric; Wi-Fi; NAS for procedure imaging; AMC,2-clinic operation; cosmetic equipment,Two-location expansion,Contact found,"203, Trinity Business Park, Opp G3 Store, Madhuvan Circle, LP Savani Rd, Adajan, Surat 395009",Sulekha,https://www.sulekha.com/elegance-hair-transplant-cosmetic-skin-clinic-adajan-surat-contact-address,Owner-run; 2 outlets (Adajan + Vesu),Two outlets = networking + CCTV opportunity
L0308,B,SME - direct,73,GYMSHINE,Wellness & Clinics SME,Gym/fitness center,Althan / Udhna,,8799004260,https://wa.me/918799004260,,https://gymshine.co.in/,reception/billing PCs; CCTV; biometric access; Wi-Fi + networking; AMC,Multi-branch = networking need,Two+ branches in Surat,Contact found,"3rd Floor, Times World, Opp Magnus Mall, Bh Khatu Shyam Mandir, Althan-Bhimrad Canal Road, Althan, Surat 395007",Business website,https://gymshine.co.in/branches/,Owner-run; multi-branch (Althan + Udhna),Second branch 7043776045 (Udhna)
L0299,B,SME - direct,73,Jhaveri Securities Limited,Finance & Professional,Stock / commodity broker,Anand Mahal Road,Admin,,,,,multi-seat desktops + dealing terminals; data server + NAS backup; networking/firewall; CCTV + access control; UPS; AMC,Sub-broker network across Surat,8 sub-brokers in Surat,Existence-verified (contact pending),"Anand Mahal Road, Surat",JustDial,https://www.justdial.com/Surat/Jhaveri-Securities-Ltd-Anand-Mahal-Road/0261PX261-X261-090911120429-H1Z5_BZDET,Broker with 8 sub-brokers in Surat,"Equity, commodity, derivatives, MF, currency"
L0306,B,SME - direct,73,451 Textile Market,Textile Trade & Design,Textile market complex,Ring Road,Market management / association office,,,,,complex-wide networking + Wi-Fi; dense CCTV; bulk billing/POS desktops; AMC,Wholesale digitization,Major saree/kurti/dress-material hub,Existence-verified (contact pending),"451 Textile Market, Ring Road, Surat",Market directory,https://surattextilemarkets.com/451-textile-market/,Major wholesale hub,Ring Road cluster; standard market infra needs
L0309,B,SME - direct,72,Deep Breath Architecture,Architecture & CAD/Engineering,Architecture firm,Piplod,Principal Architect / Owner,9825045687,https://wa.me/919825045687,,https://dbarchitecture.in/,GPU workstations for AutoCAD/3D rendering and walkthroughs; dual monitors; NAS; backup; networking; AMC,Founded 2011 by Ar. Ajay Panchal (20+ yrs); steady residential/commercial pipeline,Established practice with growing commercial work,Contact found,"908, Icon Business Hub, Nr Valentine Theater, Piplod, Surat, Gujarat 395007",Company website,https://dbarchitecture.in/,Small-mid,Residential & commercial architecture
L0310,B,SME - direct,72,J-Nine Associates (J9 Associates),Architecture & CAD/Engineering,Architecture / Interior firm,Ghod Dod Road,Principal Architect / Partner,9313662338,https://wa.me/919313662338,contact@j-nine.co.in,https://j-nine.co.in/,GPU workstations for corporate/retail/hospitality 3D rendering; dual monitors; NAS; backup; networking; AMC,"Multi-sector (corporate, retail, hospitality, residential) design enterprise",Multi-faceted growing enterprise,Contact found,"Plot 81, Subhash Nagar Soc, Near Shivaji Garden, Ram Chowk, Ghod Dod Road, Surat 395007",Company website,https://j-nine.co.in/about-us/,Mid,Architecture & interior design solutions
L0311,B,SME - direct,72,PDA Structural Design Engineers (Piyush Dudhat & Associates),Architecture & CAD/Engineering,Structural consultant,Adajan,Principal Engineer / Owner,9924674455,https://wa.me/919924674455,,https://pdasdeindia.wixsite.com/website,GPU workstations for STAAD/ETABS structural analysis & modelling; dual monitors; NAS; backup; networking; AMC,"""Fastest growing"" firm since 2015; 4.9-star, 33 reviews",Stated rapid growth since 2015,Contact found,"1005, White Orchid, LP Savani Rd, Adajan Gam, Adajan, Surat",Company website,https://pdasdeindia.wixsite.com/website,Small-mid,Structural design & analysis software-heavy
L0312,B,SME - direct,72,Quartet Architects,Architecture & CAD/Engineering,Architecture / Interior firm,Adajan,Principal Architect / Partner,9227130830,https://wa.me/919227130830,info@quartetarchitects.com,https://quartetarchitects.com/,GPU workstations for architecture/interior/art rendering; dual monitors; NAS; backup; networking; AMC,Architecture + interior + art practice; hiring interior designers (WorkIndia listing),Team growth (active hiring),Contact found,"01, Sai Rachana Row House, Nr. Toyota Showroom, L.P. Savani Road, Adajan Pal, Surat 395009",Company website,https://quartetarchitects.com/,Small-mid,Hiring signal indicates expansion
L0313,B,SME - direct,72,Samhitha Design Studio,Architecture & CAD/Engineering,Interior design studio,VIP Road,Principal / Owner,9998927826,https://wa.me/919998927826,info.samhithastudio@gmail.com,https://www.samhithastudio.com/,GPU workstations for 3D rendering & detailed drafting; large monitors; NAS; backup; networking; AMC,Founded 2015; 150+ completed projects; turnkey execution,Steady project growth; residential + commercial interiors,Contact found,"4th Floor, Soham Square, Opp Metro Mall, VIP Road, Surat 395017",Company website,https://www.samhithastudio.com/about-us,Mid,Founders Sagar Bhatt & Rahul Tiwari
L0314,B,SME - direct,72,Automark Motors (Volkswagen),Automobile Dealership,Car dealer (Volkswagen),Piplod,Dealer Principal / Admin,02241357346,,,https://volkswagen-surat.com/,DMS/billing desktops; showroom + workshop + lot CCTV; networking + guest Wi-Fi; digital signage; AMC,VW showroom + service,VW dealer in Surat,Contact found,"Besides Vijay Sales, Near Kargil Chowk, Surat-Dumas Road, Piplod, Surat 395007",Aggregator listing,https://www.cardekho.com/volkswagen/surat/cardealers/automark-motors-pvt-ltdpiplod-178223.htm,"Authorized VW dealer, Surat",Volkswagen Surat (Piplod)
L0320,B,SME - direct,72,S. R. Luthra Institute of Management,Education,MBA/Management College,Athwalines,Director / IT Head,0261-2240103,,contact@srlimba.ac.in,srlimba.ac.in,computer-lab desktops; lab servers; networking + Wi-Fi; CCTV; AMC,Management/IT labs; accreditation upgrades,SES group campus,Contact found,"MTB College Campus, Near Adarsh Society, Athwalines, Surat-395001",Official site,https://srlimba.ac.in/,Mid-size MBA institute,MBA computer labs; recurring refresh
L0323,B,SME - direct,72,Rasesh Shah & Associates,Finance & Professional,CA / Audit firm,Udhna Darwaja,Partner,+91 261 2260987,,info@raseshshah.com,https://raseshca.com/,multi-seat desktops/workstations; Tally/data server + NAS backup; firewall; CCTV; UPS; AMC,Financial restructuring & GST advisory growth,Established 20+ yr practice,Contact found,"405, Empire State Building, Near Udhna Darwaja, Surat-395002",IndiaMart,https://www.indiamart.com/raseshshahassociates-surat/,20+ yrs experience,"Audit, taxation, GST, financial restructuring"
L0325,B,SME - direct,72,G.Dada Surti Farsan & Surti Rasoi,Food & Hospitality SME,Farsan / Restaurant,Adajan,Owner,+919376665777,https://wa.me/919376665777,,Gdadafarsan (FB),POS/billing PCs; KOT printers; CCTV; Wi-Fi; AMC,Famous undhiyu/farsan; open 8am-11:30pm,Farsan + restaurant + tiffin diversification,Contact found,"Sneh Sankul Wadi, Green Atria, G-17, Anand Mahal Rd, Adajan, Surat 395009",Yellow Pages/JustDial,https://www.hindustanyellowpages.in/Surat/G-Dada-Farsan-and-Surti-Rasoi/Adajan,Small-medium (farsan + Surti rasoi + tiffin),Popular Surti farsan; mobile captured; diversified offering
L0326,B,SME - direct,72,The Bungalow Cafe,Food & Hospitality SME,Cafe,Adajan,Owner (FB @tbcsurat),+917878757233,https://wa.me/917878757233,,tbcsurat (FB),POS/billing PCs; KOT printers; CCTV; Wi-Fi; AMC,"Modern cafe in business hub, active social media","Open 11am-11pm 7 days, growing brand",Contact found,"A102, First Floor, Valentina Business Hub, 27, Subhash Chandra Bose Marg, Adajan Gam, Surat 395009",Yappe/Zomato,https://yappe.in/gujarat/surat/the-bungalow-cafe-adajan/391445,"Small-medium (modern cafe, ~20-40 staff)",Mobile number captured; trendy Adajan cafe
L0327,B,SME - direct,72,Vimal Agro Products Pvt Ltd,GIDC Manufacturing,Food / Agro Processing,Bardoli (Surat dist),IT Manager / Purchase / Director,+91 2622 222759,,info@vimalagro.com,https://www.vimalagro.com/,ERP servers; office & plant desktops; cold-chain/process CCTV; networking + Wi-Fi; biometric access; AMC,Exports to global markets; wide product range expansion,Founded 1988; 80+ food products; exporter,Contact found,"Near GIDC, Ten Road, Bardoli, Surat 394601, Gujarat",Company website,https://www.vimalagro.com/contact-us/,Medium-Large (exports 80+ products; SWAD brand),"SWAD brand; canned veg, fruit pulp, pickles, ready-to-eat"
L0339,B,SME - direct,72,Onviqa Pvt. Ltd.,IT & Software,Software & application development,"Punagam, Surat",Founder/Director or IT Head,099799 93119,https://wa.me/919979993119,info@onviqa.com,https://onviqa.com/,Developer workstations; NAS + server for dev/test; firewall + managed switches + Wi-Fi; CCTV; AMC,"Founded 2015, grown to 50+ team serving 500+ clients",Steady client/headcount growth; mid-size office,Contact found,"Office 603-604, Orbit-1, Punagam-Saroli Road, Punagam, Surat 395010",Company website (contact page),https://onviqa.com/reach-us/,"Medium (50+ team, 500+ clients)",Growing mid-size dev shop; good workstation + networking prospect
L0343,B,SME - direct,72,RMP Diamond,Jewellery,Certified natural diamond manufacturer,Surat,Owner/Director,,,export@rmpdiamond.com,https://www.rmpdiamond.com/,high-density CCTV + access control (critical); CAD workstations; networking + Wi-Fi; servers/NAS; AMC,Natural diamond supply/export,Export-oriented manufacturer,Existence-verified (contact pending),"Surat, Gujarat",company_website,https://www.rmpdiamond.com/,Medium (certified natural diamond mfr/supplier/exporter),GIA-certified natural diamonds; export-oriented; alt source: https://www.rmpdiamond.com/lab-grown-diamond
L0345,B,SME - direct,72,Nishal Gems,Lab-Grown Diamond,LGD manufacturer / wholesaler (B2B),Mahidharpura,Owner/Director (CMO Ayush Bhansali),+91 98981 33032,https://wa.me/919898133032,info@nishalgems.com,https://www.nishalgems.com/,GPU workstations for planning/grading; rack server + NAS; multi-camera CCTV + access control; managed switches + Wi-Fi; AMC,Long-standing (1992) firm diversified into LGD; IGI/GIA/GCAL/HRD certified B2B exporter,Established trading house scaling LGD B2B exports; active content/marketing,Contact found,201 Raj Chambers near Blue Diamond Hat Falia Mahidharpura Surat 395003,Company website,https://www.nishalgems.com/contact,"Medium - est 1992, established IGI-certified B2B LGD house",Strong B2B export positioning
L0346,B,SME - direct,72,Gangar Eyenation (Adajan),Local Retail SME,Optician/Eyewear,Adajan,,02612745300,,,https://www.gangareyenation.com/optometrist-sunglasses-store-near-me-adajan-surat/,POS/billing desktop; CCTV for high-value eyewear; networking + Wi-Fi; AMC,High-value inventory needs surveillance; multi-counter billing,Operates more than one local store,Existence-verified (contact pending),"Shreeji Arcade, Anand Mahal Road, Adajan, Surat 395009",Business website,https://www.gangareyenation.com/optometrist-sunglasses-store-near-me-adajan-surat/,Independent showroom (multi-store local brand),"Only landline found; eyewear retailer, good CCTV+POS fit"
L0347,B,SME - direct,72,50mm Media Productions,Media/Video/Photo,Photography / film / branding studio,Vesu / Pal,Owner/Founder,76 66 77 88 99,https://wa.me/917666778899,,https://50mm.co.in/,GPU editing/design workstations; fast storage/NAS; color-grading; backup; 10G networking; AMC,Film making + branding + photo-school expansion,Two offices (Vesu + Pal); full creative pipeline,Contact found,"44-45, 4th Floor, Aagam Arcade, Vesu Main Road, Vesu, Surat 395007",Company website,https://50mm.co.in/,Multi-service; 2 offices,"Photography, design, branding, film making, photo school; Vesu + Pal offices"
L0348,B,SME - direct,72,AniFx Studios,Media/Video/Photo,Animation / VFX studio,Bhatar Road,Founder/Creative Director,+91 9033328201,https://wa.me/919033328201,,https://anifx.ueniweb.com/,GPU render workstations for 2D/3D/VFX; render storage/NAS; 10G networking; backup; AMC,Animation/VFX project pipeline,Animation + VFX + video editing studio,Contact found,"107, Vasudev Arcade, Nr. Raj Empire Multiplex, Bhatar Road, Surat - 395001",Facebook/company page,https://www.facebook.com/anifx.ind/,SME; by parent Vasudev,Animation & VFX studio under parent company Vasudev; Bhatar Road
L0349,B,SME - direct,72,Photophactory Studios,Media/Video/Photo,Wedding/commercial photography & cinematography,Vesu,Owner/Founder,+91 6353628979,https://wa.me/916353628979,photophactorystudios.in@gmail.com,https://photophactorystudios.com/,GPU editing workstations; fast storage/NAS for cinematic + real-estate/industrial; color-grading; backup; AMC,4K wedding + commercial/industrial shoot volume,Wedding + real-estate + industrial + corporate documentary,Contact found,"1st-44, Second Floor, Atlanta Business Hub, Opp Ofira Posh Residence, Vesu, Surat 395007",Company website,https://photophactorystudios.com/contact/,SME; multi-segment,Multiple contacts; cinematic wedding + real estate + industrial + corporate docs
L0350,B,SME - direct,72,FinTax Corporate Professionals LLP,Professional Services SME,Tax & GST consultant,Surat,Partner,7210000745,https://wa.me/917210000745,info@fintaxx.in,https://www.fintaxx.in/gst-consultants-in-surat-gujarat,desktops/workstations; server + NAS backup for client records; networking + firewall; UPS; AMC,GST/tax compliance digitisation; client data growth,Multi-service tax/GST practice scaling,Contact found,,Company website,https://www.fintaxx.in/gst-consultants-in-surat-gujarat,Small firm (LLP),GST + tax consultancy LLP; data-heavy practice needs backup/AMC; alt source: https://www.fintaxx.in/
L0366,B,SME - direct,72,Gym Flex,Wellness & Clinics SME,Gym/fitness center,Adajan,,9327170936,https://wa.me/919327170936,gymflex123@gmail.com,https://www.facebook.com/GymFlexAdajan/,reception/billing PCs; CCTV; biometric access; Wi-Fi; access control; AMC,2-location operation; access control need,Adajan + Pal Gam outlets,Contact found,"V-3 Corner, 4th Floor, Honey Park Road, Adajan Road, Surat 395009 (also Pal Gam)",Nicelocal,https://nicelocal.in/surat/fitness/gym_flex/,Owner-run gym; 2 locations; 4.7 rating,Gyms = strong biometric/CCTV/access-control fit
L0367,B,SME - direct,72,Sakhiya Skin Clinic,Wellness & Clinics SME,Skin/derma clinic,Lal Darwaja,Dr. Jagdish Sakhiya (Founder),9313923386,https://wa.me/919313923386,,https://www.sakhiyaskinclinic.com/,reception/billing PCs; CCTV; biometric; Wi-Fi + networking; NAS; AMC,Multi-branch expansion across Surat,Multiple Surat branches (Adajan/Vesu/Ved Rd),Contact found,"Ground Floor, Ayush Doctor House, Station Lal Darwaja Road, Surat 395003",Business website,https://www.sakhiyaskinclinic.com/contact-us/,"Owner-founded derma chain (local Surat, multi-branch)",Local multi-outlet; growing footprint = networking/CCTV
L0315,B,SME - direct,72,Monarch Hyundai,Automobile Dealership,Car dealer (Hyundai),Surat,Dealer Principal / Admin,,,,https://monarch.hyundaimotor.in/,DMS/billing desktops; showroom + workshop CCTV; networking + guest Wi-Fi; digital signage; AMC,Showroom + service,Hyundai dealer in Surat,Existence-verified (contact pending),"Surat, Gujarat",Brand dealer site,https://monarch.hyundaimotor.in/,"Authorized Hyundai dealer, Surat",Listed authorized Hyundai dealer
L0317,B,SME - direct,72,Kantilal Chhotalal (KC),Diamond & Bourse,Solitaire & fancy diamond jewellery manufacturer,Surat,Owner/Partner or IT head,,,,https://www.kantilalchhotalal.com/,Diamond-planning + jewellery workstations; managed networking; CCTV + access control; servers + NAS; AMC,Long-established premium maker,"Legacy brand, multiple Surat sites",Existence-verified (contact pending),"Modeshwari Bhavan, Babanjini Sheri, Modvanik Wadi, Ruknathpura, Lal Darwaja, Surat 395003",Company site + search snippet,https://www.kantilalchhotalal.com/,Founded 1941; leading solitaire & fancy jewellery maker,Trusted solitaire & fancy diamond jewellery maker since 1941
L0321,B,SME - direct,72,JK Securities Private Limited,Finance & Professional,Stock / commodity broker,Athwa Gates,Admin,,,,https://www.jksecurities.com/stock-broker-surat,multi-seat desktops + dealing terminals; data server + NAS backup; networking/firewall; CCTV + access control; UPS; AMC,Low-brokerage trading platform; tech needs,Surat broking office,Existence-verified (contact pending),"Opposite Athwa Gate Police Station, Athwa Gates, Surat",Company site,https://www.jksecurities.com/stock-broker-surat,Equity/derivatives/commodity brokerage,"Equity, F&O, commodity, mutual funds"
L0322,B,SME - direct,72,NJ Technologies,Finance & Professional,Fintech,Surat,Admin,,,,https://www.njgroup.in/,multi-seat desktops/workstations; servers + NAS backup; networking/firewall; CCTV + access control; UPS; AMC,Fintech/tech expansion within NJ Group,Part of large NJ Group,Existence-verified (contact pending),,Startup directory,https://tracxn.com/d/explore/fintech-startups-in-surat-india/__2s5hTjsX_EUHdNkzuyxJc3BVnfQMbXfsqixnWbbwA2s/companies,NJ Group technology arm,Fintech listed among Surat startups
L0324,B,SME - direct,72,Surat Nagrik Sahakari Bank Ltd,Finance & Professional,Co-operative bank,Varachha Road,Branch Manager,,,,,branch-wide desktops; core-banking servers + NAS backup; networking/firewall; CCTV + access control; UPS; AMC,Branch/banking-security compliance,Operating UCB on Varachha Road,Existence-verified (contact pending),"Varachha Road, Surat-395006",Directory,https://www.sulekha.com/surat-nagrik-sahakari-bank-ltd-varachha-road-surat-contact-address,Urban co-operative bank,"Listed Varachha Road, Surat"
L0332,B,SME - direct,72,Sanya Imaging Centre (Sanya Hospital & Diagnostics),Healthcare,Diagnostic / imaging centre (radiology),Varachha Road,Centre Director / PACS/IT Manager,,,,https://www.teleradiologyhub.com/diagnostics/details/36/1186-sanya-imaging-centre-varcha-road-surat,PACS server + storage; CT/MRI workstations; reporting desktops; networking; CCTV; UPS; AMC,Multi-unit imaging (Varachha + Adajan via Sahyog tie-up),Expanding imaging units across Surat,Existence-verified (contact pending),"C/o PP Savani Heart Institute, Mansi Building, Nr Siddhkutir Temple, Varachha Road, Surat 395006",Teleradiology directory,https://www.teleradiologyhub.com/diagnostics/details/36/1186-sanya-imaging-centre-varcha-road-surat,CT + MRI imaging; also operates Adajan unit,Multi-unit imaging; capture contact
L0334,B,SME - direct,72,Divine Group,Hospitality & Real Estate,Real estate developer / Builder,Surat,Director / Purchase,,,,https://www.realestateindia.com/builders-developers-in-surat.htm,Site CCTV; sales-gallery & office PCs; networking; server/NAS; AMC,20+ developed projects,Long-standing builder,Existence-verified (contact pending),Surat,Real estate directory,https://www.realestateindia.com/builders-developers-in-surat.htm,"Established; 20+ projects, 30+ yrs",30+ years experience; world-class infrastructure claims
L0335,B,SME - direct,72,Manidhara Realty,Hospitality & Real Estate,Real estate developer / Builder,Varachha / Adajan,Director / Purchase,,,,https://www.manidhara.com/,Site CCTV; sales-gallery & office PCs; networking; server/NAS; AMC,Projects in Varachha and Adajan,Growth in upscale corridors,Existence-verified (contact pending),Surat,Builder official site,https://www.manidhara.com/,Mid-large since 2009,Est. 2009; international-standard designs
L0336,B,SME - direct,72,Marvella Group,Hospitality & Real Estate,Real estate developer / Builder,Surat,Director / Purchase,,,,https://marvellagroupsurat.com/,Site CCTV; sales-gallery & office PCs; networking; server/NAS; AMC,"Projects incl. Eco Grandeur, Prestige Oliva Heights",Commercial + residential pipeline,Existence-verified (contact pending),Surat,Builder official site,https://marvellagroupsurat.com/,Mid-large; commercial + residential,"Commercial buildings, textile shops, blocks, godowns"
L0337,B,SME - direct,72,Regenta - The World Surat,Hospitality & Real Estate,Hotel (4-star),Surat,GM / IT Manager,,,,https://www.regentahotels.com/,PMS server; front-desk/back-office PCs; guest Wi-Fi + networking; CCTV; AMC,Royal Orchid/Regenta brand property,Chain operations,Existence-verified (contact pending),Surat,Hotel aggregator,https://us.trip.com/hotels/luxury/city/in/surat.html,Mid-size full-service hotel,Listed among Surat luxury hotels
L0338,B,SME - direct,72,Shivalik Group,Hospitality & Real Estate,Real estate developer / Builder,Althan,Director / Purchase,,,,https://www.shivalikgroup.com/,Site CCTV; sales-gallery & office PCs; networking; server/NAS; AMC,"Projects incl. Shivalik Crown, Althan",Active in Althan growth zone,Existence-verified (contact pending),Surat,Real estate portal,https://builders.99acres.com/shivalik-group-surat-builders-developers-bid-87829,Residential + commercial developer,Shivalik Crown residential project in Althan
L0340,B,SME - direct,72,Ajahara Diamonds,Jewellery,Diamond jewellery manufacturer/supplier,Surat,Owner/Director,,,,https://www.ajaharadiamonds.com/,high-density CCTV + access control (critical); jewellery CAD workstations; networking + Wi-Fi; server/NAS; AMC,"Diamond earrings/rings, black & synthetic diamonds","Modern, capacious infrastructure",Existence-verified (contact pending),"Surat, Gujarat (est. 2007)",company_website,https://www.ajaharadiamonds.com/,Medium (manufacturer/supplier since 2007),
L0341,B,SME - direct,72,High Carat Diamond,Jewellery,Diamond jewellery manufacturer/trader,Surat,Owner/Director,,,,https://www.highcaratdiamond.co.in/,high-density CCTV + access control (critical); jewellery CAD workstations; networking + Wi-Fi; server/NAS; AMC,Global exporter of certified diamonds,Export-led growth,Existence-verified (contact pending),"Surat, Gujarat",company_website,https://www.highcaratdiamond.co.in/,"Medium (mfr/trader, GIA/IGI certified exporter)",Triangle/fancy cut diamond manufacturer
L0344,B,SME - direct,72,Sparkling Splendor,Jewellery,Jewellery mfr + CAD design service,Katargam (Laxmi Enclave),Owner/Director,,,,https://www.indiamart.com/sparkling-splendor/,jewellery CAD workstations; CCTV + access control; networking + Wi-Fi; server/NAS; AMC,3D CAD design services; diamond rings/watches,New manufacturer (2023) scaling,Existence-verified (contact pending),"5th Floor, Office-522, Laxmi Enclave-2, Sy No 271 Fp 122, Surat 395004",indiamart,https://www.indiamart.com/sparkling-splendor/aboutus.html,"Small-medium (mfr/wholesaler/exporter, est. 2023)",CAD-design service provider
L0353,B,SME - direct,72,Nilkanth Techno Engineering,SME Manufacturing & Jobwork,Sheet metal / CNC / VMC fabrication job work,"AK Road, Surat",Vrajesh Savaliya (contact person),,,,,shop-floor CCTV; networking + Wi-Fi; design/CAM PCs; biometric attendance; AMC,"Multiple machines added (laser cutter, VMC, CNC) indicates capacity expansion",IndiaMART member since 2019; multi-machine setup,Existence-verified (contact pending),"Plot No.8, A.K.Road, Gothan Ind. Co-op. House Society, beside Vrundavan Estate, AK Road, Surat - 395008",IndiaMART,https://www.indiamart.com/proddetail/industrial-sheet-metal-fabrication-cnc-and-vmc-job-work-2851153392188.html,"11-25 employees, turnover 40L-1.5Cr (IndiaMART)","Fiber laser, VMC, CNC, laser welding machines listed; engineering job shop"
L0354,B,SME - direct,72,J.P. Silk Mills,Textile Manufacturing,Weaving (waterjet/airjet/rapier),Surat,Owner/Director (MD Jitendra Shah),,,,https://www.linkedin.com/in/jitendra-shah-15733494/,ERP servers; shop-floor & billing PCs; large-area CCTV; networking + Wi-Fi; biometric attendance; AMC,Multi-technology modern weaving fleet,Waterjet+airjet+rapier modernization,Existence-verified (contact pending),"Surat, Gujarat",LinkedIn (company exec),https://www.linkedin.com/in/jitendra-shah-15733494/,"Mid-large: waterjet, airjet + rapier weaving units with latest technology",Multi-tech weaver; modern looms; shop-floor IT/CCTV scope
L0355,B,SME - direct,72,Laxminarayan Industries,Textile Manufacturing,Dyeing & Printing (integrated processing),Palsana (Baleshwar),Owner/Director or Admin manager,,,,https://madhusudangroup.com/dyeing-printing-mills/,ERP/Tally servers; billing & design PCs; large-area CCTV; networking + Wi-Fi; biometric attendance; AMC,Integrated dyeing + value-added printing; modern machines,"Computerised colour matching, HT/HP jets",Existence-verified (contact pending),"283, Laxminarayan Industrial Estate, NH No. 8, Village Baleshwar, Tal. Palsana, Surat",Company website,https://madhusudangroup.com/dyeing-printing-mills/,"Mid-large: fully integrated fabric + yarn dyeing + printing; U-Tube Jets, HT/HP machines, computerised colour matching",Integrated processing with computerised systems = strong IT/network fit
L0356,B,SME - direct,72,Madhusudan Weaves (Madhusudan Group),Textile Manufacturing,Weaving (rapier/waterjet),Surat,Owner/Director or Factory manager,,,,https://madhusudangroup.com/weaving/,ERP servers; shop-floor & billing PCs; multi-shed CCTV; networking + Wi-Fi; biometric attendance; AMC,State-of-the-art rapier/waterjet investment,Modern loom technology adoption,Existence-verified (contact pending),"Madhusudan Group weaving division, Surat",Company website,https://madhusudangroup.com/weaving/,Mid-large weaver: rapier + waterjet loom technology,Woven fabric supplier; modern loom base
L0357,B,SME - direct,72,Paramount Looms Pvt Ltd,Textile Manufacturing,Textile machinery (weaving looms),Kim-Mandvi,Owner/Director or Admin manager,,,,https://www.paramountlooms.com/about-best-looms-manufacturer-in-surat/,ERP servers; CAD/design & billing PCs; large-area CCTV across machine-build plant; networking + Wi-Fi; biometric attendance; AMC,Leading loom manufacturer/exporter; broad machine range,High-performance loom production scale,Existence-verified (contact pending),"Block No. 64, Plot No. B-1/B-2, Behind Bansidhar Cinema, Opp. Karanj Police Chowki, Kim-Mandvi, Surat 394530",Company website,https://www.paramountlooms.com/about-best-looms-manufacturer-in-surat/,"Mid-large: est. 2012; mfr of rapier, airjet, waterjet, jacquard, dobby looms",Major loom maker; large build-shop = strong CCTV/network/server need
L0358,B,SME - direct,72,Udhna Textile Weaving Mills,Textile Manufacturing,Weaving/Knitting (woven + knit fabric),Udhna,Owner/Director or Admin manager,,,,https://www.udhnatextiles.com/,ERP servers; shop-floor & billing PCs; large-area CCTV; networking + Wi-Fi; biometric attendance; AMC,Vertically integrated weave+knit+dye; bulk + customized,Integrated weave-knit-dye operations,Existence-verified (contact pending),"Udhna, Surat, Gujarat",Company website,https://www.udhnatextiles.com/,"Mid-large: est. 1972; weaving, knitting, dyeing & finishing; vertically integrated",Long-established integrated mill; broad shop-floor IT/CCTV scope
L0360,B,SME - direct,72,Clothbaba,Textile Trade & Design,Ladies readymade garment manufacturer,Surat,Owner / Partner,,,,https://clothbaba.com/,bulk billing/POS desktops; CCTV; networking + Wi-Fi; textile-CAD workstation; server/NAS; AMC,Manufacturing scale; e-commerce push,Self-described No.1 ladies RMG manufacturer,Existence-verified (contact pending),"Surat, Gujarat",Company website,https://clothbaba.com/,Leading women's RMG manufacturer,"Kurtis, suits, gowns, co-ord sets, western wear"
L0361,B,SME - direct,72,Clothing Exporter,Textile Trade & Design,Garment exporter (kurti/saree/salwar),Surat,Owner / Partner,,,,https://clothingexporter.com/,bulk billing/POS desktops; CCTV; networking + Wi-Fi; server/NAS; AMC,Export growth; bulk/wholesale orders,10+ years; export-focused operations,Existence-verified (contact pending),"Surat, Gujarat",Company website,https://clothingexporter.com/,10+ yrs; wholesale + export,"Wholesale kurtis, sarees, salwar kameez; export"
L0362,B,SME - direct,72,Pashupati Textile Market,Textile Trade & Design,Textile market complex,Moti Begumwadi / Ring Road,Market management / association office,,,,,complex-wide networking + Wi-Fi; dense CCTV; bulk billing/POS desktops; AMC,Older market - ripe for CCTV/network upgrade/refresh,One of oldest active markets in New Textile cluster,Existence-verified (contact pending),"4034, Ring Road, Moti Begumwadi, New Textile Market, Surat 395003",Market directory,https://surattextilemarkets.com/pashupati-textile-market/,"Old, active market",Ageing infra = upgrade/AMC opportunity
L0363,B,SME - direct,72,Radha Krishna Textile Market,Textile Trade & Design,Textile market complex,Moti Begumwadi / Ring Road,Market management / association office,,,,,complex-wide networking + Wi-Fi; dense CCTV; bulk billing/POS desktops; AMC,Wholesale digitization,Established Ring Road wholesale market,Contact found,"Radha Krishna Textile Market, Ring Road, Moti Begumwadi, Surat 395002",Business directory,https://www.bharatibiz.com/en/radha-krishna-textile-market-ring-road-098259-40069,Wholesale market,Listing phone 098259 40069 (bharatibiz)
L0364,B,SME - direct,72,Saree Studio,Textile Trade & Design,Designer saree manufacturer/exporter,Ring Road,Owner / Partner,,,,,bulk billing/POS desktops; CCTV; networking + Wi-Fi; textile-CAD workstation; server/NAS; AMC,In-house design dept; export; growth,Dedicated designing/QC/warehousing departments,Existence-verified (contact pending),"Ring Road, Surat",B2B marketplace,https://www.indiamart.com/saree-studio-surat/about-us.html,Estd 2011/2013; designing dept w/ modern machinery,Has own designing department - CAD workstation candidate
L0365,B,SME - direct,72,Sunil Tex Fab Pvt. Ltd.,Textile Trade & Design,Dress material/fabric manufacturer-exporter,Surat,Owner / Partner,,,,https://www.suniltexfab.com/,bulk billing/POS desktops; CCTV; networking + Wi-Fi; textile-CAD workstation; server/NAS; AMC,Export + wholesale; manufacturing,Manufacturer + wholesaler + exporter,Existence-verified (contact pending),"Surat, Gujarat",Company website,https://www.suniltexfab.com/dress-material-garment-fabric.html,Pvt Ltd; manufacturer/wholesaler/exporter,Dress material & garment fabric
L0368,B,SME - direct,71,Seros Logistics,BPO/Logistics/Print,Logistics/Transport,"Bhatpore GIDC / Hazira, Surat",IT Head / Operations Manager,,,info@seros.in,https://www.seros.in/,office PCs; servers; networking + firewall; port/warehouse CCTV; handhelds; AMC,Shipping/energy/offshore/logistics diversification,20+ years; Hazira/ONGC-adjacent operations,Contact found,"Plot No. 6 & 7 Bhatpore GIDC, Opp ONGC Gate No.1, Ichchhapar Magdalla Road, Surat - 394510",JustDial / Company website,https://www.justdial.com/jdmart/Surat/Seros-Logistics-Surat/0261PX261-X261-220611210411-M8Y2_BZDET/catalogue,Mid-large (20+ yrs),Seros Shipping Pvt Ltd; email info@seros.in; Hazira/Bhatpore GIDC
L0369,B,SME - direct,71,"CFE-KOTA, Surat (PP Savani Centre for Excellence)",Education,Coaching/Test-prep,"Mota Varachha, Abrama",Centre Director / Admin / IT Head,9978651005,https://wa.me/919978651005,,cfekota.com,computer-lab/test desktops; networking + Wi-Fi; CCTV; smart-class panels/projectors; AMC,Computer-based testing; growing batches,Expanding under PP Savani group,Contact found,"PP Savani Centre for Excellence, Mota Varachha-Abrama Road, Abrama, Surat-394101",Official site,https://cfekota.com/center/iit-jee-neet-coaching-in-surat-gujarat/,Mid-large JEE/NEET coaching (100+ faculty),Test labs + AV; tie-up with PP Savani campus
L0370,B,SME - direct,71,Dhiren Shah & Co,Finance & Professional,CA / Audit firm,Vesu,Partner,+91 9825156780,https://wa.me/919825156780,dhirenshahco@gmail.com,https://www.dhirenshahandco.com/,multi-seat desktops/workstations; Tally/data server + NAS backup; firewall; CCTV; UPS; AMC,Forex/corporate law & finance advisory,Multi-city CA presence,Contact found,"702, SNS Platina, Near Someshwara Enclave, Vesu, Surat-395007",Company site,https://www.dhirenshahandco.com/,Founded 1998; 30+ yrs experience,"Audit, taxation, corporate law, forex, finance"
L0373,B,SME - direct,71,La Net Team Software Solutions Pvt. Ltd.,IT & Software,Custom software / web / mobile / ERP,"Dumas Road, Surat",Founder/Director or HR/Admin (hr@ listed),+91 6353 235 503,https://wa.me/916353235503,hr@lanetteam.com,https://www.lanetteam.com/,Developer workstations; rack server + NAS; firewall + managed switches + Wi-Fi; CCTV; AMC,Incorporated 2008; 700+ projects across 50+ countries,Established delivery team; refresh + recurring AMC potential,Contact found,"406 Luxuria Business Hub, Near VR Mall, Dumas Road, Surat 395007",Company website (contact page),https://www.lanetteam.com/contact-us/,"Medium (700+ projects, 50+ countries; est. 2008)",Long-running custom-dev firm; solid infra + AMC fit
L0372,B,SME - direct,71,Grow Solutions,IT & Software,Mobile apps / game dev / AI-ML,Surat,Founder/Director,,,,https://growsolutions.in/,High-spec workstations; GPU for AI/ML + game dev; rack server + NAS; firewall + switches + Wi-Fi; CCTV; AMC,9+ years; 1B+ downloads; reported Google AI Innovation Pioneer Award 2025,Award + AI/ML + game-dev workloads = strong compute demand,Existence-verified (contact pending),"Surat, Gujarat",Company website + listicle,https://growsolutions.in/,Medium (9+ yrs; 1B+ app downloads),Phone/email not on source page; high compute-spend profile
L0374,B,SME - direct,71,Nayan Studio,Media/Video/Photo,Wedding photography/videography & film making,Vesu,Owner/Founder (Hetal Gohil),,,,http://nayanstudio.com/,GPU editing workstations; cinematic 4K storage/NAS; color-grading; backup; AMC,Cinematic wedding films ~50k/day,31 yrs; 4.8 rating; film-making services,Existence-verified (contact pending),"105, SNS Platina, University Road, Vesu, Surat 395007",IndiaMART / company site,https://www.indiamart.com/proddetail/wedding-cinematography-photography-service-20322374130.html,Est. 1994; 31 yrs,"Photography, videography, film making since 1994; Vesu; high ratings"
L0377,B,SME - direct,70,Polygon Design Studio,Architecture & CAD/Engineering,Architecture / Interior / Master planning,Adajan,Principal Architect / Partner,9426807807,https://wa.me/919426807807,polygondesigns@gmail.com,https://pdsindia.net/,GPU workstations for architecture/interior + master-planning 3D rendering; dual monitors; NAS; backup; networking; AMC,Architecture + interior + master planning practice,Diversified into master planning,Contact found,"502, Royal Trade Center, Near Cable-stayed Bridge, Hazira Road, Adajan, Surat 395009",Company website,https://www.pdsindia.net/contact.php,Mid,Master-planning work raises compute need
L0378,B,SME - direct,70,Amideep Honda (Two Wheeler),Automobile Dealership,Two-wheeler dealer (Honda),Varachha,Owner / Admin,8000445566,https://wa.me/918000445566,,https://www.amideephonda.com/,Billing desktops; showroom + workshop CCTV; networking + guest Wi-Fi; digital signage; AMC,Sales + service + spares facility,Established main dealer,Contact found,"Nr BPCL Petrol Pump, Simada Naka, Varachha Road, Surat 395006",Brand dealer site,https://www.amideephonda.com/,Authorized Honda 2W main dealer since 2012,Help desk 8000445566
L0381,B,SME - direct,70,Amex Logistics,BPO/Logistics/Print,Logistics/Transport,Surat (Surat operations page),Operations Manager,9990847170,https://wa.me/919990847170,Info@amexlogistics.in,https://amexlogistics.in/logistics-company-surat.html,office PCs; server; networking + firewall; warehouse CCTV; barcode/handhelds; AMC,Single-window multimodal expansion (road/air/sea/customs),Dedicated Surat operations page; multimodal services,Contact found,,Company website,https://amexlogistics.in/logistics-company-surat.html,Mid-large,"Phone +91-9990847170/9990847120; email Info@amexlogistics.in; corp office Delhi, Surat ops page"
L0382,B,SME - direct,70,Printwell Offset,BPO/Logistics/Print,Printing/Packaging,"Udhna-Sachin, Surat",Owner / Purchase,8758828177,https://wa.me/918758828177,,http://printwelloffset.in/,pre-press color workstations (Mac/PC); RIP server; large monitors; networking; CCTV; AMC,Full-range commercial printing + packaging boxes; latest infra,Established 2014; mainstream offset printer with modern infra,Contact found,"E-82 to 85, Laxminarayan Industrial Estate (BRC), Opp Daxeshwar Mahadev BRTS, Udhna-Sachin Road, Udhna, Surat - 394210",Company website,http://printwelloffset.in/,SME-Mid (est. 2014),"Phones +91-8758828177/9724506360 Gimik Patel, 9662522754/8866889829 Avinash Patel"
L0383,B,SME - direct,70,Surat-Ahmedabad Transport,BPO/Logistics/Print,Logistics/Transport,"Puna Kumbharia Road, Surat",Owner / Operations Manager,0261-2646990,,satpvt_srt81@yahoo.in,http://www.suratahmedabadtransport.com/,office PCs; server; networking + firewall; godown CCTV; barcode/handhelds; AMC,Multi-branch surface transport; online tracking,20+ years; multi-branch network,Contact found,"Opp. Sport Club, Puna Kumbharia Road, Surat, Gujarat",Company website,http://www.suratahmedabadtransport.com/contact.html,Mid-large (est. 1998),Phone (0261) 2646990/2643324; email satpvt_srt81@yahoo.in
L0384,B,SME - direct,70,Diamond Elements Pvt Ltd,Diamond/Jewellery/Textile Micro-SME,Lab-grown/CVD diamond & seed manufacturer,Citylight,Sales line listed (Diamond Elements),9909003806,https://wa.me/919909003806,,diamondelements.com,planning/billing PCs; CCTV (critical); networking + Wi-Fi; NAS; AMC,CVD diamonds + CVD seed mfr; grading lab + inventory data,Manufacturer + seed supplier = data + stock security spend,Contact found,"2nd Floor, Sham House, Opp Science Center, Citylight, Surat - 395007",Company website,http://www.diamondelements.com/contact-us.html,SME CVD diamond + seed manufacturer (est 2015),Phone +91 9909003806; CVD diamonds + seeds; high NAS/CCTV relevance; est 2015
L0385,B,SME - direct,70,N H Sales,Diamond/Jewellery/Textile Micro-SME,Lab-grown/CVD diamond manufacturer,Nana Varachha,Naimishkumar Lukhi (proprietor),7942538599,https://wa.me/917942538599,,nhdiam.com,planning/billing PCs; CCTV (critical); networking + Wi-Fi; NAS; AMC,LGD/CVD/HPHT manufacturer; inventory + grading data security,Established grower diversifying into HPHT+CVD+melee,Contact found,"Plot No 18, Vandana Soc 2, Nana Varachha, Varachha Road, Surat - 395006",IndiaMART (search snippet),https://www.indiamart.com/n-h-sales/profile.html,Proprietor firm est 1997 (HPHT/CVD/melee),Owner Naimishkumar Lukhi; proprietor firm; LGD manufacturer = NAS/CCTV need; alt source: https://www.nhdiam.com/
L0386,B,SME - direct,70,SK Diam (S K Diam),Diamond/Jewellery/Textile Micro-SME,Lab-grown/CVD diamond manufacturer,Varachha (Mini Bazar),Kirankumar Suthar (CEO) / Naresh Dholariya (owner),8045802722,https://wa.me/918045802722,,skdiam.net,planning/billing PCs; CCTV (critical); networking + Wi-Fi; NAS; AMC,CVD/HPHT/LGD polished mfr; inventory + grading data,Established proprietor grower; Mini Bazar core location,Contact found,"1st Floor, Sy No 19/A, Plot No. 30+31, Mohan Nagar, Varachha Road, Near Mini Bazar, Surat - 395006",Company website,https://www.skdiam.net/lab-grown-cvd-diamond.html,Proprietor firm est 1985 (loose/synthetic diamond),Phone +91 8045802722; proprietor firm est 1985; CVD/LGD; Mini Bazar Varachha
L0387,B,SME - direct,70,Tattvam Jewels,Diamond/Jewellery/Textile Micro-SME,Diamond jewellery manufacturer (princess-cut),Varachha (Mini Bazar),Marketing exec line listed (+91 93770 98221),9909962697,https://wa.me/919909962697,help@tattvamjewels.com,tattvamjewels.com,jewellery-CAD/billing PCs; CCTV (critical); networking; NAS; AMC,Diamond processing + jewellery mfr; wholesale + exports,WhatsApp commerce + back office = networking/NAS need,Contact found,"47, Thakordwar Society, Nr Mini Bazar, Varachha Road, Surat - 395006",Company website,https://tattvamjewels.com/contact-us/,Owner-run diamond jewellery mfr (princess-cut),WhatsApp +91 99099 62697; alt 9737321569; mfr+back office; high-value diamond stock = CCTV/NAS
L0389,B,SME - direct,70,K M Gatecha & Co LLP,Finance & Professional,CA / Audit firm,Surat,Partner,+91 8000057972,https://wa.me/918000057972,info@kmgcollp.com,https://kmgcollp.com/ca-chartered-accountant-in-surat-gujarat/,multi-seat desktops; Tally/data server + NAS backup; firewall; CCTV; UPS; AMC,Digitization of bookkeeping/GST/ROC filing,Ahmedabad + Surat presence,Contact found,,Directory/Blog,https://www.thinkingbridge.in/blog/top-ca-firms-in-surat,"LLP, multi-service practice","Bookkeeping, audit, ROC, income tax, GST; alt source: https://kmgcollp.com/ca-chartered-accountant-in-surat-gujarat/"
L0390,B,SME - direct,70,Atul Bakery,Food & Hospitality SME,Bakery,Udhna,Owner/Franchise team,+919913870005,https://wa.me/919913870005,,atulbakery.com,POS/billing PCs; CCTV; networking; AMC,Multiple branches across Surat; franchise enquiries,Franchise expansion - growth signal,Contact found,"A-1, Udhyogdarshan Society, Beside M.K. Jewellers, Udhna Gam, Surat",Website,https://atulbakery.com/contact-us/,"Medium (est 2001, multiple branches + franchise)",Larger regional bakery; verify owner-run vs franchise before pitch
L0391,B,SME - direct,70,Cafe De Meet,Food & Hospitality SME,Cafe,Piplod,Owner,+918980913000,https://wa.me/918980913000,,cafedemeet.com,POS/billing PCs; KOT printers; CCTV; Wi-Fi; AMC,Established cafe in business centre,Own website; steady operations,Contact found,"109 First Floor, International Business Centre (IBC), Piplod, Surat 395007",Zomato/Website,https://www.zomato.com/surat/cafe-de-meet-piplod,"Small-medium (cafe in IBC, ~15-30 staff)",Mobile captured; cozy cafe in Piplod IBC
L0392,B,SME - direct,70,Hanumante Ice Cream & Falooda,Food & Hospitality SME,Ice Cream / Falooda Parlour,Bhagal,Owner,+919898102261,https://wa.me/919898102261,,,POS/billing PCs; CCTV; Wi-Fi; AMC,Popular falooda brand; outlets in Bhagal/Jahangir Pura/Pandesara/Kamrej,Multiple outlets - expansion signal,Contact found,"Khaudhra Lane, Haripura, Bhagal, Surat 395003 (Near Ru Wala Tekra)",JustDial,https://www.justdial.com/Surat/Hanumante-Ice-Cream-Falooda-Near-Ru-Wala-Tekra-Bhagal/0261PX261-X261-180518111141-G2I7_BZDET,"Small-medium (1613 reviews, est 2015, multi-area)",Mobile captured; expanding ice-cream/falooda brand
L0396,B,SME - direct,70,Sai Ram Group,Hospitality & Real Estate,Real estate developer / Builder,Surat,Director / Purchase,+91-8141-998822,https://wa.me/918141998822,,https://www.thesairamgroup.com/about-us,Site CCTV; sales-gallery & office PCs; networking; server/NAS; AMC,Affordable homes pipeline,Volume residential delivery,Contact found,Surat,Builder official site,https://www.thesairamgroup.com/about-us,Affordable-housing focused developer,Phone listed on official site; affordable-housing builder
L0399,B,SME - direct,70,TechStaunch Software Solutions Pvt. Ltd.,IT & Software,AI / automation / software development,"Pal, Surat",Founder (Riddhi Parekh),+91 63529 94955,https://wa.me/916352994955,,https://techstaunch.com/,AI-grade developer workstations; GPU/server for AI; firewall + switches + Wi-Fi; CCTV; AMC,Founded 2020 by Riddhi Parekh; 40+ team; AI/automation focus,Young fast-growing firm (founded 2020) + AI focus = upgrade trajectory,Contact found,"302-304 Soham Arcade, B/H Madhav Atria, Gauravpath Road, Pal, Surat 395009",TechBehemoths profile + ContactOut,https://techbehemoths.com/company/techstaunch-solutions,Small-Medium (40+ professionals),Recent founding + AI niche = good growth-signal lead
L0401,B,SME - direct,70,Gemone Diamonds,Lab-Grown Diamond,LGD manufacturer / wholesaler / exporter,Lal Darwaja (City Centre),Owner/Director,+91 93755 20003,https://wa.me/919375520003,info@gemonediamond.com,https://www.gemonediamonds.in/,GPU workstations for planning/grading; rack server + NAS; CCTV + access control; managed switches + Wi-Fi; AMC,IGI-certified lab-grown diamonds + fine jewelry; wholesaler/distributor/exporter,Growing LGD + jewelry export business,Contact found,A102 City Centre Lal Darwaja Surat 395003,Company website,https://www.gemonediamonds.in/contact-us.htm,Medium - IGI-certified LGD supplier/exporter + jewelry,Phone is WhatsApp; second email gemone.diamonds@gmail.com
L0402,B,SME - direct,70,Balaji Medical and General Stores,Local Retail SME,Medical/Pharmacy,Surat HO,,9909668668,https://wa.me/919909668668,,https://www.hindustanyellowpages.in/Surat/Balaji-Medical-AND-General-Stores/Surat-Ho,POS/billing desktop; CCTV; networking; AMC,Medical+general store billing; CCTV,Combined medical & general goods,Contact found,"Surat HO, Surat",Directory (HindustanYellowPages),https://www.hindustanyellowpages.in/Surat/Balaji-Medical-AND-General-Stores/Surat-Ho,"Single store, owner-run",Real mobile captured
L0403,B,SME - direct,70,J J Pet Shop,Local Retail SME,Pet Shop,Varachha Road,,9909779259,https://wa.me/919909779259,jjpetproducts@gmail.com,https://www.hindustanyellowpages.in/Surat/J-J-Pet-Shop/Varachha-Road,POS/billing desktop; CCTV; Wi-Fi; AMC,158 reviews; multi-channel (own products brand),Has product brand jjpetproducts; email present,Contact found,"Shop No-18, Panchvati Vadi, Opp Jolly Enclave, Varachha Road, Surat 395006",Directory (HelloIndia/HindustanYellowPages),https://www.helloindia.co/Surat/J-J-Pet-Shop/Varachha-Road,"Single store, owner-run","Real mobile + email captured; 4.4, 158 reviews"
L0404,B,SME - direct,70,Royal Opticals,Local Retail SME,Optician/Eyewear,Bhagatalao,,9327380171,https://wa.me/919327380171,,https://www.hindustanyellowpages.in/Surat/ROYAL-OPTICALS/Bhagatalao,POS/billing desktop; CCTV; Wi-Fi; AMC,High-value optical inventory,Established local optician,Contact found,"Bhagatalao, Surat",Directory (HindustanYellowPages),https://www.hindustanyellowpages.in/Surat/ROYAL-OPTICALS/Bhagatalao,"Single store, owner-run",Real mobile captured
L0405,B,SME - direct,70,Sanjivani Medical Store,Local Retail SME,Medical/Pharmacy,Surat HO,,9879174297,https://wa.me/919879174297,,https://www.hindustanyellowpages.in/Surat/sanjivani-medical-store/Surat-Ho,POS/billing desktop; CCTV; networking; AMC,Pharmacy billing software + CCTV mandatory,Independent chemist,Contact found,"Surat HO, Surat",Directory (HindustanYellowPages),https://www.hindustanyellowpages.in/Surat/sanjivani-medical-store/Surat-Ho,"Single store, owner-run",Real mobile captured; pharmacy = recurring billing/AMC
L0407,B,SME - direct,70,Royal Studio,Media/Video/Photo,Photography & videography studio,Gopipura,Owner/Founder,+91 94289 22951,https://wa.me/919428922951,myroyalstudio2017@gmail.com,https://royalstudio.co.in/,GPU editing workstations; video storage/NAS; color-grading; backup; AMC,Wedding films + corporate video coverage,"Since 2008; weddings, corporate, fashion shows",Contact found,"Gopipura, near Post Office, Surat",Company website,https://royalstudio.co.in/contact.html,Since 2008; established,"Weddings, receptions, corporate profiles, fashion shows, cinematography"
L0408,B,SME - direct,70,Travelomoon,Professional Services SME,Travel agency / tour operator,Vesu,,9067443377,https://wa.me/919067443377,,https://travelomoon.com/,desktops/laptops; NAS backup; CCTV; networking + Wi-Fi + firewall; UPS; AMC,Outbound tour volume; booking systems,Leading outbound agency Gujarat; web booking,Contact found,"3rd Floor, 37, Atlanta Shoppers, beside Reliance Market, Vesu, Surat 395007",Company website,https://travelomoon.com/contact,Small agency (est 2012),Est 2012; outbound flights/hotels/cruise/tours - booking infra
L0413,B,SME - direct,70,Krishna Packging,SME Manufacturing & Jobwork,Plastic bottles / jars / containers,"Sachin, Surat",Chaitaliben Kanaiyalal Pipwala (CEO),7053136184,https://wa.me/917053136184,,https://www.krishnapackagingindia.com/,billing/ERP PCs; shop-floor CCTV; networking + Wi-Fi; biometric attendance; AMC,PET/HDPE bottle + jar production capacity,"TrustSEAL certified, own website, high response rate",Contact found,"7/18, D-31, Susml, Hojiwala Ind Estate, Sachin, Surat - 394230",IndiaMART,https://www.indiamart.com/krishnapackging-surat/profile.html,"Est. 2010, TrustSEAL, 89% response, small-medium","10-digit mobile via HelloIndia listing; cream jar, PET/HDPE bottles, containers"
L0416,B,SME - direct,70,Rudraksh Graphics,Textile Trade & Design,Textile/saree CAD design studio,Udhna,Owner / Partner,+918069728221,https://wa.me/918069728221,,https://textilepages.com/rudraksh-graphics,textile-CAD design workstation; high-spec PCs; networking + Wi-Fi; NAS; CCTV; AMC,Design-services demand; digital print patterns,Specialist textile-design studio - CAD buyer,Contact found,"Udhana, Surat, Gujarat",B2B marketplace,https://www.indiamart.com/rudraksh-graphics-surat/,Textile design studio (saree/dress/kaftan),Phone +918069728221; designs for saree/dress/kaftan/allover - core CAD workstation lead
L0417,B,SME - direct,70,Orkid Hospital & IVF Centre,Wellness & Clinics SME,IVF/specialty clinic,Vesu,Dr. Kaajal Mangukiya (Owner),7211178917,https://wa.me/917211178917,,https://www.orkidmedilife.com/,reception/billing PCs; CCTV; biometric; Wi-Fi + networking; NAS; AMC,Single-facility IVF; equipment-heavy,Owner-doctor practice,Contact found,"5 & 6th Floor, Western Vesu Point, Near S.D Jain School, Vesu, Surat",Business website,https://www.orkidmedilife.com/contact-us/,Owner/doctor-run IVF center (single facility),Owner-run (NOT a national chain); good fit
L0376,B,SME - direct,70,Phi Designs,Architecture & CAD/Engineering,Commercial interior design,Surat,Partner / Owner,,,,https://www.phidesigns.in/,GPU workstations for office/commercial 3D rendering at scale; dual monitors; NAS; backup; networking; AMC,100+ offices delivered; 2M+ sq ft designed,Scaling commercial office-design practice,Existence-verified (contact pending),"Surat, Gujarat",Company website,https://www.phidesigns.in/office-interior-designers-in-surat,Mid,Phone not visible on source; strong commercial volume
L0379,B,SME - direct,70,Ganesh Hyundai,Automobile Dealership,Car dealer (Hyundai),Udhna,Dealer Principal / Admin,,,,,DMS/billing desktops; showroom + workshop CCTV; networking + guest Wi-Fi; digital signage; AMC,Showroom + workshop on Udhna Sachin Road,Hyundai dealer in industrial belt,Existence-verified (contact pending),"Plot No. 189, Ghael Compound, Near BRC Temple, Udhna Sachin Main Road, Udhna, Surat 394210",Aggregator listing,https://www.cardekho.com/Hyundai/Surat/cardealers,"Authorized Hyundai dealer, Surat",Address from CarDekho Surat Hyundai dealer list
L0380,B,SME - direct,70,Tarun Motors,Automobile Dealership,Multi-brand car service & body shop,Surat,Owner / GM,,,,https://tarunmotors.com/,Billing/job-card desktops; workshop + lot CCTV; networking + Wi-Fi; digital signage; AMC,105-point inspection; pickup/drop fleet,Established multi-brand service growth,Existence-verified (contact pending),Surat,Company website,https://tarunmotors.com/,"Multi-brand service center; 80,000+ cars serviced","3,000+ regular customers"
L0388,B,SME - direct,70,FYNXT,Finance & Professional,Fintech,Surat,Admin,,,,https://tracxn.com/d/explore/fintech-startups-in-surat-india,multi-seat desktops/workstations; servers + NAS backup; networking/firewall; CCTV; UPS; AMC,Recent funding; team growth; office build-out,$5M funding; highest among Surat fintech,Existence-verified (contact pending),,Startup directory,https://tracxn.com/d/explore/fintech-startups-in-surat-india/__2s5hTjsX_EUHdNkzuyxJc3BVnfQMbXfsqixnWbbwA2s/companies,Funded fintech startup ($5M raised),Top-funded Surat fintech per Tracxn
L0394,B,SME - direct,70,Metropolis Healthcare (Surat),Healthcare,Pathology lab / diagnostics chain,Multiple (Surat),Regional Lab Head / IT (central procurement),,,,https://www.metropolisindia.com/labs/gujarat/surat,LIS servers + storage; networked collection-center desktops; billing desktops; multi-site networking; CCTV; UPS; AMC,Multi-center chain = networked LIS + endpoint fleet,National chain expanding local centers,Existence-verified (contact pending),Multiple locations across Surat,National lab chain website,https://www.metropolisindia.com/labs/gujarat/surat,National NABL lab chain; multiple Surat centers,Likely central procurement; many endpoints
L0397,B,SME - direct,70,White Wings Group,Hospitality & Real Estate,Real estate developer / Builder,Surat,Director / Purchase,,,,https://www.realestateindia.com/builders-developers-in-surat.htm,Site CCTV; sales-gallery & office PCs; networking; server/NAS; AMC,Prestigious projects pipeline,Decade+ track record,Existence-verified (contact pending),Surat,Real estate directory,https://www.realestateindia.com/builders-developers-in-surat.htm,Established (decade+),Known for innovative designs and modern amenities
L0398,B,SME - direct,70,Suvit (Suvit Fintech Pvt. Ltd. / Vyapar TaxOne),IT & Software,AI/SaaS for finance & accounting,"Lal Darwaja (Station Road), Surat",Founder (Ankit Virani) or IT/Admin Head,,,,https://www.suvit.io/,Dev workstations; server + NAS; firewall + managed switches + Wi-Fi; CCTV; AMC,Founded 2021; raised ~$601K; acquired by Vyapar Nov 2025,Funding + acquisition by Vyapar = integration/expansion phase,Existence-verified (contact pending),"9th Floor, Infinity Tower, Lal Darwaja Station Road, Beside Ayurvedic College, Surat 395003",Company website (contact page) + Tracxn,https://www.suvit.io/contact-us,Small-Medium (funded; acquired 2025),Recent Vyapar acquisition may trigger office/infra changes; timely outreach
L0400,B,SME - direct,70,WebOsmotic Pvt. Ltd.,IT & Software,Software development (AI/Fintech/Blockchain),"Bhatar Road, Surat",Founder/Director or IT Head,,,,https://webosmotic.com/,Developer workstations; GPU box for AI/ML; rack server + NAS; firewall + switches + Wi-Fi; CCTV; AMC,"14+ years; focus on AI/ML, fintech, blockchain (compute-heavy)",AI/ML practice signals GPU workstation/server demand,Existence-verified (contact pending),"A 6 GF Someshwar Nagar, Opposite Joggers Park, Bhatar Road, Surat 395007",Company website (contact page),https://webosmotic.com/contact-us/,Medium (14+ yrs experience),AI/ML & fintech focus = high-spec compute; publishes Surat IT listicles
L0406,B,SME - direct,70,Dhruvansh Photography,Media/Video/Photo,Wedding photography & cinematography,Surat,Owner/Founder,,,,https://www.dhruvanshphotography.com/,GPU editing rigs; cinematic video storage/NAS; color-grading; backup; AMC,Destination wedding 4K cinematography,25+ yrs; in-house editing team; destination focus,Existence-verified (contact pending),"Surat, Gujarat",Company website,https://www.dhruvanshphotography.com/,25+ yrs; in-house editing team,Destination wedding photography & cinematography; in-house editing team
L0412,B,SME - direct,70,Shreeji Super Store,Retail & Supermarket,Supermarket / Departmental store chain (local),Multiple incl. near Udhna,Owner / Purchase,,,,,bulk POS/billing desktops; loss-prevention CCTV; per-store networking + Wi-Fi; back-office server; AMC,Recently opened new outlet near Udhna,Local Surat chain actively opening new stores,Existence-verified (contact pending),Shreeji Building Near Mahta Petrol Pump Surat; new outlet near Udhna,JustDial / Sulekha listing,https://www.justdial.com/Surat/Supermarkets/nct-10463784,Local multi-branch superstore chain,Local expanding superstore; decisions local (high relevance) - verify exact branch addresses
L0414,B,SME - direct,70,Surbhi Industries Ltd,Textile Manufacturing,Yarn / Weaving (twisted/filament yarn),Surat,Owner/Director or Admin manager,,,,https://www.indiamart.com/surbhi-industriesltd/aboutus.html,ERP servers; plant & billing PCs; large-area CCTV; networking + Wi-Fi; biometric attendance; AMC,Yarn + fabric + embroidery integration,Multi-product integrated operation,Existence-verified (contact pending),"Surat, Gujarat (twisted polyester & filament yarns, fabrics)",IndiaMART,https://www.indiamart.com/surbhi-industriesltd/aboutus.html,Mid-large: twisted polyester/filament yarn + jacquard fabrics + embroidery (Surbhi Group),Surbhi Group yarn/fabric arm; integrated plant IT/CCTV scope
L0415,B,SME - direct,70,Pionex Fab,Textile Trade & Design,Digital-print saree manufacturer,Surat,Owner / Partner,,,,https://pionexfab.com/,bulk billing/POS desktops; CCTV; networking + Wi-Fi; textile-CAD/print workstation; server/NAS; AMC,Digital printing tech adoption; modern production,Digital-print specialization = compute-heavy,Existence-verified (contact pending),"Surat, Gujarat",Company website,https://pionexfab.com/digital-print-saree,Digital-print saree manufacturer,Digital print = strong CAD/print-server workstation need
L0422,B,SME - direct,69,Krishna Diamonds,Lab-Grown Diamond,CVD diamond manufacturer / supplier,Katargam,Owner/Director,+91 99243 83347,https://wa.me/919924383347,krishnadiamond77@gmail.com,https://www.krishnadiamonds.co.in/,GPU workstations for planning/grading; rack server + NAS; multi-camera CCTV + access control; managed switches + Wi-Fi; AMC,Expanded into LGD in 2020; CVD manufacturer/supplier/exporter from Surat,Recent LGD diversification (2020); growth-stage CVD line,Contact found,A-202 Labh Shubha Apartment Katargam Surat 395004,Company website,https://www.krishnadiamonds.co.in/,"Medium - proprietorship est 1997, LGD since 2020",Diversified from natural to CVD lab-grown in 2020
L0423,B,SME - direct,69,Baby Jivan Medical Stores,Local Retail SME,Medical/Pharmacy,Surat HO,,9825379187,https://wa.me/919825379187,,https://www.hindustanyellowpages.in/Surat/Baby-Jivan-Medical-Stores/Surat-Ho,POS/billing desktop; CCTV; networking; AMC,Pharmacy billing + CCTV,Independent chemist,Contact found,"Surat HO, Surat",Directory (HindustanYellowPages),https://www.hindustanyellowpages.in/Surat/Baby-Jivan-Medical-Stores/Surat-Ho,"Single store, owner-run",Real mobile captured
L0418,B,SME - direct,69,Chaitry Offset,BPO/Logistics/Print,Printing/Packaging,"Khatodara / Ring Road, Surat",Owner / Purchase,,,,https://www.chaitry.com/,pre-press color workstations; RIP server; large monitors; networking; CCTV; AMC,Sweet/confectionery box printing for national clients,Operating since 1994; supplies prominent sweetmeat makers in India & abroad,Existence-verified (contact pending),"Shed No.6, Survey 38/4, Khatodara, Ring Road, Surat - 395002 (opp Ganesh Dyeing Mill, behind Subjail)",Company website,https://www.chaitry.com/,Mid (est. 1994),M/S Chaitry Offset (I); sweet box printing & packaging specialist
L0420,B,SME - direct,69,EasyCloud Consultants Pvt. Ltd.,IT & Software,Cloud / SaaS consulting & development,"Godadara, Surat",Founder/Director or IT Head,,,,https://easycloudconsultants.com/,Dev workstations; rack server + NAS; firewall + managed switches + Wi-Fi; CCTV; AMC,Revenue grew $1.5M (2023) to $2.7M (2024),~80% YoY revenue growth = expansion/hiring signal,Existence-verified (contact pending),"242, Capital Square, Parvat Gam, Shakti Nagar, Godadara Road, Godadara, Surat 395010",JustDial listing + RocketReach,https://www.justdial.com/Surat/Easycloud-Consultants-Pvt-Ltd-Godadara/0261PX261-X261-190516161313-J7H3_BZDET,Small-Medium (revenue $2.7M in 2024),Strong revenue-growth signal; confirm contact before outreach
L0421,B,SME - direct,69,Logicwind (Logicwind Technologies LLP),IT & Software,Custom software / AI / IT staff augmentation,"Vesu/Piplod, Surat",Founder/Director or IT Head,,,,https://www.logicwind.com/,Developer workstations; rack server + NAS; firewall + managed switches + Wi-Fi; CCTV; AMC,"Founded 2010; custom software, MVPs, AI models, staff augmentation",Two Surat offices (Vesu + Piplod); AI + augmentation growth,Existence-verified (contact pending),"703, SNS Business Park, University Rd, Vesu, Surat 395007 (also Altair, Piplod)",JustDial listing + D&B + company site,https://www.justdial.com/Surat/Logicwind/0261PX261-X261-221202020557-H3A4_BZDET,Medium (since 2010),Multi-office in Surat; AI + staff-aug implies steady PC additions
L0425,B,SME - direct,68,Studio 17,Architecture & CAD/Engineering,Architecture / Interior firm,Bhatar / Althan,Principal Architect / Partner,8866830839,https://wa.me/918866830839,info@studio17.in,https://www.studio17.in/,GPU workstations for architecture/interior rendering; dual monitors; NAS; backup; networking; AMC,Co-founded 2017 by Mayur Mangukiya & Ankit Sojitra; project publicity,Young growing practice,Contact found,"B113 Bhatar Trade Center, Bhatar Althan, Surat, Gujarat",Company website,https://www.studio17.in/,Small-mid,Architecture & interior design
L0426,B,SME - direct,68,Munjani Motors (Royal Enfield),Automobile Dealership,Two-wheeler dealer (Royal Enfield),Vesu,Owner / Admin,9619390511,https://wa.me/919619390511,,https://dealers.royalenfield.com/,Billing desktops; showroom + workshop CCTV; networking + guest Wi-Fi; digital signage; AMC,Showroom + service in growth corridor,RE dealer; Munjani group also Toyota-linked,Contact found,"Vesu, Surat",Brand dealer site,https://dealers.royalenfield.com/gujarat/surat/vesu-munjani-motors-pvt-ltd-9110069030,"Authorized Royal Enfield dealer, Vesu",RE dealer locator listing
L0427,B,SME - direct,68,Navjivan Honda (Two Wheeler),Automobile Dealership,Two-wheeler dealer (Honda),Udhna,Owner / Admin,7359501000,https://wa.me/917359501000,,,Billing desktops; showroom + workshop CCTV; networking + guest Wi-Fi; digital signage; AMC,Multiple Honda 2W outlets,Multi-branch Honda 2W dealer,Contact found,"Udhna Bhestan Road, Surat 394210",Aggregator listing,https://www.zigwheels.com/bikes/dealers/honda/Surat,"Authorized Honda 2W dealer, multiple locations",Phone from ZigWheels Honda Surat listing
L0429,B,SME - direct,68,JN Logistics,BPO/Logistics/Print,Logistics/Warehousing,"South Gujarat (Vapi/Valsad, serves Surat)",Operations Manager / IT Head,,,jnslogistics15@gmail.com,https://www.jnslogistics.in/,office PCs; server; networking + firewall; warehouse CCTV; barcode/handhelds; AMC,eCommerce fulfillment + warehousing growth across South Gujarat,25 yrs; integrated supply chain incl eCommerce fulfillment,Contact found,"Plot 19 & 20, Survey 333/1, Village Dungra, Taluka Vapi, Dist Valsad - 396191",Company website,https://www.jnslogistics.in/,Mid-large (25 yrs),"Email jnslogistics15@gmail.com; South Gujarat 3PL/4PL, warehousing, eCommerce fulfillment"
L0431,B,SME - direct,68,Shreeji Jewellers,Diamond/Jewellery/Textile Micro-SME,Jewellery manufacturer (silver/gold),Nana Varachha,"Owner (partnership, Shreeji)",9825342244,https://wa.me/919825342244,,indiamart.com/shreejijewellers,jewellery-CAD/billing PCs; CCTV (critical); networking; NAS; AMC,Manufacturer/exporter/wholesaler; CZ-gold casting jewellery,Established + exporting = security/billing infra spend,Contact found,"Shop No. 12, Royal Haven, Building C, Opp Mahalaxmi Society, Nana Varachha, Surat - 395010",IndiaMART (search snippet),https://www.indiamart.com/shreejijewellers/about-us.html,Partnership firm est 1998 (silver/gold mfr),Phone +91 9825342244; est 1998; silver+gold casting; exporter
L0432,B,SME - direct,68,Soham Industrial Diamonds,Diamond/Jewellery/Textile Micro-SME,Diamond polishing/powder & seed jobwork unit,Katargam,Mayur / Haresh (owners),9427113859,https://wa.me/919427113859,mayur@diamondpowder.in,sohamindustrialdiamonds.com,CCTV (critical); planning/billing PCs; networking + Wi-Fi; NAS; AMC,"Diamond + powder mfr, CVD seed polishing jobwork; hiring",Active jobs page = growth; ISO 9001 small unit,Contact found,"Ground Floor, A/43, Laxmikant Ashram Road, Vaikunthdham Society, Katargam, Surat - 395004",Company website,https://www.sohamindustrialdiamonds.com/contact_us.html,"Small mfr est 2010 (diamond/powder, seed polish)","4 lines (9427113859, 9327722280, 9428147379, 0261-2489074); ISO 9001; CVD seed polish jobwork"
L0434,B,SME - direct,68,"Simba Institute, Surat",Education,Computer/IT Training Institute,"Sarthana, Varachha Road",Director / IT Head,+91-8200533835,https://wa.me/918200533835,contact.simbainstitute@gmail.com,simbainstitute.in,computer-lab desktops (bulk); networking + Wi-Fi; CCTV; AMC,Full-stack/UI-UX/digital-marketing labs; refresh cycles,Growing institute,Contact found,"406, MBH-1, Sarthana Jakatnaka, Surat-395006",Official site,https://simbainstitute.in/,Mid-size IT-training institute,Coding labs = desktop demand
L0435,B,SME - direct,68,Mysore Cafe,Food & Hospitality SME,Restaurant (South Indian),Athwalines,Owner/Manager,02612463767,,,cafemysore.com,POS/billing PCs; KOT printers; CCTV; Wi-Fi + networking; AMC,"Long-running popular cafe, steady footfall",Has own website; dine-in service started,Contact found,"Daruwalla Building Besides Athwa Petrol Pump, Athwalines, Surat 395001",Tripadvisor/Website,https://www.tripadvisor.com/Restaurant_Review-g297612-d6908900-Reviews-Mysore_Cafe-Surat_Surat_District_Gujarat.html,"Small (single-outlet legacy cafe, ~15-30 staff)",Landline only listed; legacy Surat South Indian eatery
L0438,B,SME - direct,68,Dr Lal PathLabs (Bhatar Road),Healthcare,Pathology lab / diagnostics chain,Bhatar Road,Regional Lab Head / IT (central procurement),+918071371254,https://wa.me/918071371254,,https://labs.lalpathlabs.com/location/gujarat/surat,LIS servers + storage; networked collection-center desktops; billing desktops; multi-site networking; CCTV; UPS; AMC,Multiple service centers = networked endpoints + LIS,National chain growing Surat presence,Contact found,"U/17 Abhinandan Royale Complex, Opp Rajhans Olympia, Bhatar Road, Surat",National lab chain website,https://labs.lalpathlabs.com/dr-lal-pathlabs-patient-service-centre-diagnostic-centre-bhatar-road-surat-343067/Home,National NABL chain; multiple Surat service centers,National chain; central procurement likely
L0450,B,SME - direct,68,Shivam Furniture and Furnishing,Local Retail SME,Furniture/Home,Navsari Road,,9879239935,https://wa.me/919879239935,,https://www.hindustanyellowpages.in/Mobile/9879239935,POS/billing desktop; CCTV; Wi-Fi; AMC,Big-ticket furniture needs CCTV+billing,Two lines (9879239935/9879239933),Contact found,"Navsari Road, Surat",Directory (HindustanYellowPages),https://www.hindustanyellowpages.in/Mobile/9879239935,"Single store, owner-run",Real mobile captured; furniture = high-value CCTV fit
L0451,B,SME - direct,68,Surat Sports,Local Retail SME,Sports Goods,Adajan Road,,9227447923,https://wa.me/919227447923,,https://www.justdial.com/Surat/Surat-Sports-Adajan-Road/0261PX261-X261-180816214057-C8B3_BZDET,POS/billing desktop; CCTV; Wi-Fi; AMC,Long-established; inventory billing,"Established 1995, 123 reviews",Contact found,"Hazira-Adajan Rd, Krishna Nagar Society, Adajan, Surat 395009",Directory (JustDial),https://www.justdial.com/Surat/Surat-Sports-Adajan-Road/0261PX261-X261-180816214057-C8B3_BZDET,"Single store, owner-run (since 1995)","Real mobile captured; 4-star, 123 reviews"
L0453,B,SME - direct,68,Empty Mind Entertainment,Media/Video/Photo,Film/ad production,Amroli,Owner/Founder (Ankit Kabariya),+91 7942560620,https://wa.me/917942560620,emptymindentertainment@gmail.com,https://www.youtube.com/c/EmptyMindEntertainment1,GPU editing rigs; fast storage for documentary/ad footage; backup; AMC,Documentary & ad-film shoots at 4K,Active since 2016; YouTube channel + commercial work,Contact found,"211 Second Floor Laksh Plaza, Surat - 394107",IndiaMART listing,https://www.indiamart.com/empty-mind-entertainment/,Est. 2016; SME,"Video shoot, production & advertising services; contact person Ankit Kabariya"
L0454,B,SME - direct,68,Ajay Modi Travels,Professional Services SME,Travel agency / tour operator,Adajan,,9879099946,https://wa.me/919879099946,,https://ajaymodi.com/branch/tour-operator-in-surat/,desktops/laptops; NAS backup; CCTV; networking + Wi-Fi; UPS; AMC,Multi-branch tour ops; package volume,Branches in Adajan/Vesu/Ghoddod/Varachha,Contact found,"108 Sai Square Complex, Nr Honey Park Rd, Adajan, Surat 395009",Company website,https://ajaymodi.com/branch/tour-operator-in-surat/,Small/medium (multi-branch Surat),Multiple Surat branches; group tours/packages - networked branches
L0455,B,SME - direct,68,Elite Overseas Education Consultant,Professional Services SME,Education / overseas consultant,Ghod Dod Road,,9081663334,https://wa.me/919081663334,,https://eliteoverseaseducation.com/,desktops/laptops; NAS backup; CCTV; networking + Wi-Fi + firewall; UPS; AMC,Study-abroad + IELTS/PTE volume; student data,Multi-branch (Varachha + Ghoddod); coaching,Contact found,"Elite House, 4th Floor, Ritz Plaza, Opp Kavi Narmad Central Library, Near Umra Police Station, Ghod Dod Road, Surat 395007",Company website,https://eliteoverseaseducation.com/contact-us/,Small/medium consultancy,Overseas education + IELTS/PTE; 2 branches - networked
L0465,B,SME - direct,68,Bliss IVF Fertility & Andrology Institute,Wellness & Clinics SME,IVF/specialty clinic,Athwa/Udhna Darwaja,Dr. Pankaj Chaklashiya (Owner),9904722213,https://wa.me/919904722213,,,reception/billing PCs; CCTV; biometric; Wi-Fi; NAS; AMC,Single-facility IVF lab,Owner-doctor practice,Contact found,"3rd Floor, Le-Grand Building, Opp Apple Hospital, Near Udhna Darwaja, Ring Road, Surat",Practo,https://www.practo.com/surat/clinic/blissivf-fertility-and-andrology-institute-athwa,Owner/doctor-run IVF institute,Mobile captured; landline 02612633144
L0466,B,SME - direct,68,Patho Plus Diagnostic Laboratory,Wellness & Clinics SME,Diagnostic/pathology lab,Pal Gam,,6351256871,https://wa.me/916351256871,,https://www.pathopluslabs.com/,reception/billing PCs; CCTV; Wi-Fi + networking; LIS server/NAS; AMC,Sample-collection network; reporting systems,Multiple collection points,Contact found,"C-136, Monarch, TP 10, Gauravpath Road, Near Nakshatra Heights, Pal Gam, Surat 395009",HelloIndia,https://www.helloindia.co/Surat/Patho-Plus-Diagnostic-Laboratory/Pal,Owner-run diagnostic lab; multi-collection,Labs need LIS server + networking + AMC
L0424,B,SME - direct,68,Joban Desai & Associates,Architecture & CAD/Engineering,Architecture / Structural consultancy,Ghod Dod Road,Principal / Partner,,,,https://gharpedia.com/nearby-professional/joban-desai-asso/,GPU workstations for architecture + structural CAD/rendering; dual monitors; NAS/server; backup; networking; AMC,Est. 1984; one of South Gujarat's leading/reputed firms,"Long-established, reputed firm",Existence-verified (contact pending),"Bhadani Chamber, Opp. Bank of Maharashtra, Ghod Dod Rd., Surat",GharPedia profile,https://gharpedia.com/nearby-professional/joban-desai-asso/,Mid,Phone not visible on source
L0428,B,SME - direct,68,Anand Sarees,BPO/Logistics/Print,E-commerce/D2C,"Ring Road, Surat",Owner / IT Head,,,,https://anandstore.in/,office/design PCs; e-comm/ERP server; networking + firewall; CCTV; barcode/handhelds; AMC,Early online saree seller (Amazon/Flipkart + own site),Brand of J R Dyeing & Printing Mills; online since 2015,Existence-verified (contact pending),"Shop Z-1201, Surat Textile Market, Ring Road, Surat - 395002",Company website,https://anandstore.in/,Mid (est. 1985),Saree manufacturer + online store (anandstore.in); Surat Textile Market
L0443,B,SME - direct,68,Harshraj Club & Resort,Hospitality & Real Estate,Resort / Club,Kamrej / Navi Pardi,Owner / Admin,,,,https://www.agoda.com/en-in/harshraj-club-and-resort/hotel/surat-in.html,Front-desk/back-office PCs; guest Wi-Fi + networking; CCTV; banquet AV; AMC,Club/resort with events + playground,Wedding/MICE venue,Existence-verified (contact pending),"Near At-Po Navi Pardi, Kamrej, Surat",JustDial listing,https://www.justdial.com/Surat/Harshraj-Club-Resort-Near-At-Po-Navi-Pardi-Kamrej/0261PX261-X261-170728202011-F3H5_BZDET,Resort + club with banquet/garden,"Resort with fitness centre, garden, restaurant; event business"
L0444,B,SME - direct,68,Marvella Mall,Hospitality & Real Estate,Shopping mall,Pal-Adajan,Admin / Mall IT Manager,,,,https://www.holidify.com/pages/malls-in-surat-1878.html,Mall management PCs; visitor Wi-Fi + networking; CCTV/access control; AMC,First AC mall in Pal-Adajan,Growing Pal-Adajan retail belt,Existence-verified (contact pending),"Pal-Adajan, Surat",Travel guide,https://www.holidify.com/pages/malls-in-surat-1878.html,River-facing AC mall,Only river-facing mall in Surat
L0445,B,SME - direct,68,Sayaji Hotels (Surat presence),Hospitality & Real Estate,Hotel chain,Surat,GM / IT Manager,,,,https://sayajihotels.com/,PMS server; front-desk/back-office PCs; guest Wi-Fi + networking; CCTV; banquet AV; AMC,Premium brand with event venues,Chain expansion in Gujarat,Existence-verified (contact pending),Surat,Hotel chain site,https://sayajihotels.com/,Premium hotel/resort + banquet brand,Premium Indian hotel brand; verify specific Surat property
L0446,B,SME - direct,68,Vraj Group,Hospitality & Real Estate,Real estate developer / Builder,Mota Varachha,Director / Purchase,,,,https://housivity.com/company-profile/vraj-group-in-mota-varachha-surat-sid-66e41db72764bf12770e6e28,Site CCTV; sales-gallery & office PCs; networking; server/NAS; AMC,Quality residential + commercial projects,Active in Mota Varachha,Existence-verified (contact pending),"Mota Varachha, Surat",Real estate portal,https://housivity.com/company-profile/vraj-group-in-mota-varachha-surat-sid-66e41db72764bf12770e6e28,Residential + commercial developer,Reputed Surat developer in Mota Varachha
L0447,B,SME - direct,68,Crest Infosystems Pvt. Ltd.,IT & Software,SaaS / ERP / CRM / cloud apps,"Adajan, Surat",Director or IT Head,,,,https://www.crestinfosystems.com/,Developer workstations; rack server + NAS for SaaS/ERP dev; firewall + managed switches + Wi-Fi; CCTV; AMC,Builds SaaS/ERP/CRM platforms; multiple Adajan office listings,SaaS/ERP focus implies server + backup infra needs,Existence-verified (contact pending),"#411-414, Wood Square, Opp. TGB Restaurant, L. P. Savani Road, Adajan, Surat 395009",Company website (contact page),https://www.crestinfosystems.com/contact-us/,Medium,Phone not seen on source; SaaS/ERP build infra is a strong angle
L0448,B,SME - direct,68,Mahika Gems,Jewellery,Diamond trader/wholesaler,Surat,Owner/Director,,,,https://www.mahikagems.com/,high-density CCTV + access control (critical); CAD workstations; networking + Wi-Fi; servers/NAS; AMC,Diamond rings + natural diamond wholesale,Wholesale/distribution growth,Existence-verified (contact pending),"Surat, Gujarat",company_website,https://www.mahikagems.com/,Medium (trader/wholesaler/distributor),
L0449,B,SME - direct,68,Caratline Diamond,Lab-Grown Diamond,CVD diamond manufacturer / wholesaler,Varachha,Owner/Director,,,,https://caratlinediamond.in/,GPU workstations for planning/grading; rack server + NAS; CCTV + access control; managed switches + Wi-Fi; AMC,Positions as largest high-quality CVD LGD wholesaler/supplier/exporter in India,Scaling CVD wholesale/export; sector growth,Existence-verified (contact pending),Shop No 78 1st Floor Mahatma Industrial Society Varachha Road Surat 395006,Company website,https://caratlinediamond.in/,Medium - large high-quality CVD wholesaler/exporter,Inquiry-form only; phone/email not visible
L0452,B,SME - direct,68,Clickzy Photography & Videography,Media/Video/Photo,Wedding photography & videography,Varachha Road,Owner/Founder,,,,https://www.clickzyphoto.com/,GPU editing rigs; video storage/NAS; color-grading; backup; AMC,Wedding/event 4K video volume,Since 1999; 20+ yrs experience,Existence-verified (contact pending),"54, First Floor, Near Harirambapa Nagar, Opp New Saktivijay Society, Varachha Main Rd, Surat 395006",Company website,https://www.clickzyphoto.com/about,Est. 1999; 2+ decades,"Wedding, pre-wedding, engagement, events; established 1999; Varachha"
L0458,B,SME - direct,68,Akash Dyeing & Printing Mills Pvt Ltd,Textile Manufacturing,Dyeing & Printing (processing house),Pandesara,Owner/Director or Admin manager,,,,https://www.justdial.com/jdmart/Surat/Akash-Dyeing-Printing-Mills-PVT-LTD-Pandesara/0261PX261-X261-121103160515-S9W5_BZDET/catalogue,ERP/Tally servers; billing & design PCs; large-area CCTV; networking + Wi-Fi; biometric attendance; AMC,Operating processing house in Pandesara cluster,Processing capacity in GIDC,Existence-verified (contact pending),"Pandesara, Surat 394221",JustDial,https://www.justdial.com/jdmart/Surat/Akash-Dyeing-Printing-Mills-PVT-LTD-Pandesara/0261PX261-X261-121103160515-S9W5_BZDET/catalogue,"Mid: dyeing & printing mill, Pandesara cluster",Listed textile mill in Pandesara; processing-house IT/CCTV scope
L0459,B,SME - direct,68,Jayram Textiles,Textile Manufacturing,Weaving (Lycra/uniform fabric),Surat,Owner/Director or Admin manager,,,,https://www.jayramtextile.com/,ERP servers; shop-floor & billing PCs; large-area CCTV; networking + Wi-Fi; biometric attendance; AMC,Established weaver; Lycra + uniform fabric lines,Long-running multi-product weaving,Existence-verified (contact pending),"Surat, Gujarat",Company website,https://www.jayramtextile.com/,Mid-large: est. 1984; Lycra fabric + school uniform fabric manufacturer,Established fabric weaver; shop-floor IT/CCTV scope
L0460,B,SME - direct,68,Oriental Dyeing & Printing Mill Pvt Ltd,Textile Manufacturing,Dyeing & Printing (processing house),Pandesara,Owner/Director or Admin manager,,,,https://www.justdial.com/Surat/Oriental-Dyeing-Printing-Mill-Pvt-Ltd-Pandesara/0261PX261-X261-110304115331-M8K1_BZDET,ERP/Tally servers; billing & design PCs; large-area CCTV; networking + Wi-Fi; biometric attendance; AMC,Operating processing house in GIDC Pandesara,Multi-plot processing facility,Existence-verified (contact pending),"Plot No 574-576, GIDC Industrial Estate, Dr Ambedkar Road, Pandesara, Surat 394221",JustDial,https://www.justdial.com/Surat/Oriental-Dyeing-Printing-Mill-Pvt-Ltd-Pandesara/0261PX261-X261-110304115331-M8K1_BZDET,"Mid: dyeing & printing mill, large Pandesara plot",Large multi-plot footprint = strong CCTV/network opportunity
L0461,B,SME - direct,68,Premier Looms Mftrs Pvt Ltd,Textile Manufacturing,Textile machinery (weaving looms),Surat,Owner/Director or Admin manager,,,,https://www.premierloom.net/,ERP servers; CAD/design & billing PCs; large-area CCTV; networking + Wi-Fi; biometric attendance; AMC,Weaving + spinning machinery export leader,State-of-the-art manufacturing plant,Existence-verified (contact pending),Surat (state-of-the-art loom manufacturing unit),Company website,https://www.premierloom.net/,"Mid-large: mfr/exporter of rapier looms, rapier dobby, spinning machinery",Loom/spinning machinery maker; design + shop-floor IT/CCTV scope
L0462,B,SME - direct,68,Saanika Industries Pvt Ltd,Textile Manufacturing,Yarn / Texturising (DTY/ATY),Surat,Owner/Director or Admin manager,,,,https://saanikaindustries.com/,ERP servers; plant & billing PCs; CCTV; networking + Wi-Fi; biometric attendance; AMC,Diversified into knitted fabric + texturising,Yarn + knitting integration,Existence-verified (contact pending),"Surat, Gujarat (Polyester DTY, ATY, knitted fabric)",Company website,https://saanikaindustries.com/,"Mid: DTY, ATY + knitted fabric manufacturer/exporter",Texturising + knitting; plant CCTV/network opportunity
L0463,B,SME - direct,68,Shailja Polyesters Pvt Ltd,Textile Manufacturing,Yarn / Texturising,Surat,Owner/Director or Admin manager,,,,https://www.shailjapolyesters.com/,ERP servers; plant & billing PCs; CCTV; networking + Wi-Fi; biometric attendance; AMC,Export-quality yarn; texturising capacity,Export-focused yarn production,Existence-verified (contact pending),"Surat, Gujarat (yarn texturising unit)",Company website,https://www.shailjapolyesters.com/,"Mid: textile yarn manufacturer/exporter, texturising",Yarn texturising; plant-floor IT and surveillance need
L0464,B,SME - direct,68,Sareez House,Textile Trade & Design,Designer saree manufacturer/wholesaler,Ring Road,Owner / Partner,,,,,bulk billing/POS desktops; CCTV; networking + Wi-Fi; textile-CAD workstation; AMC,Bridal/Bollywood-replica range; export,Designer/bridal range; domestic + intl,Existence-verified (contact pending),"Ring Road, Surat",B2B marketplace,https://www.indiamart.com/sareez-house/aboutus.html,Manufacturer + wholesaler; ladies wear,"Designer sarees, bridal, lehengas, suits"
L0467,B,SME - direct,67,Stockarea,BPO/Logistics/Print,Logistics/Warehousing,Surat,Operations Manager / IT Head,9873144145,https://wa.me/919873144145,hello@stockarea.io,https://stockarea.io/warehouse-services-in-surat,office PCs; WMS servers; networking + firewall; warehouse CCTV; barcode/handhelds/scanners; AMC,On-demand warehousing + eCommerce fulfillment in Surat,"Tech-driven digital warehousing, real-time tracking",Contact found,,Company website,https://stockarea.io/warehouse-services-in-surat,Mid (tech 3PL),Phone +91-9873144145; email hello@stockarea.io; Surat warehousing/3PL page
L0468,B,SME - direct,67,SK Diam,Lab-Grown Diamond,CVD diamond manufacturer / exporter,Varachha (Mini Bazar),Owner (Dholariya Nareshbhai),+91 80458 02722,https://wa.me/918045802722,,https://www.skdiam.co.in/,GPU workstations for planning/grading; rack server + NAS; multi-camera CCTV + access control; managed switches + Wi-Fi; AMC,Long-established (1985) now CVD/synthetic manufacturer + exporter; owner Dholariya Nareshbhai,Diversified into CVD/lab-grown; export expansion,Contact found,1st Floor Sy No 19/a Plot No 30+31 Mohan Nagar Varachha Road Near Mini Bazar Surat 395006,Company website,https://www.skdiam.co.in/,"Medium - est 1985, loose + synthetic/CVD diamond manufacturer",Multiple domains skdiam.co.in/.net/.com; email not visible
L0469,B,SME - direct,67,Krishna Medical And Pet Shop,Local Retail SME,Medical/Pharmacy,Surat HO,,9898599118,https://wa.me/919898599118,,https://www.helloindia.co/Surat/Krishna-Medical-And-Pet-Shop/Surat-Ho,POS/billing desktop; CCTV; networking; AMC,Pharmacy+pet retail billing; CCTV,Dual-line business (medical+pet),Contact found,"Surat HO, Surat",Directory (HelloIndia),https://www.helloindia.co/Surat/Krishna-Medical-And-Pet-Shop/Surat-Ho,"Single store, owner-run",Real mobile captured; combined niche store
L0470,B,SME - direct,67,Mahavir Farsan and Provision,Local Retail SME,Supermarket/Kirana,City Light Road,,8866230752,https://wa.me/918866230752,,https://www.hindustanyellowpages.in/Surat/Mahavir-Farsan-AND-Provision/City-Light-Road,POS/billing desktop; CCTV; AMC,Farsan+provision billing; CCTV,Prime City Light Road; high turnover,Contact found,"City Light Road, Surat",Directory (HindustanYellowPages),https://www.hindustanyellowpages.in/Surat/Mahavir-Farsan-AND-Provision/City-Light-Road,"Single store, owner-run",Real mobile captured
L0471,B,SME - direct,67,Mangaldeep Hardware and Paint,Local Retail SME,Hardware/Paint,Surat HO,,9825951881,https://wa.me/919825951881,,https://www.hindustanyellowpages.in/Mobile/9825951881,POS/billing desktop; CCTV; Wi-Fi; AMC,Hardware+paint stock; counter billing,Combined hardware & paint lines,Contact found,"Surat HO, Surat",Directory (HindustanYellowPages),https://www.hindustanyellowpages.in/Mobile/9825951881,"Single store, owner-run",Real mobile captured
L0472,B,SME - direct,67,Radhe Furniture,Local Retail SME,Furniture/Home,Varachha Road,,9925524484,https://wa.me/919925524484,,https://www.hindustanyellowpages.in/Surat/Radhe-Furniture/Varachha-Road,POS/billing desktop; CCTV; Wi-Fi; AMC,High-value furniture; surveillance,Varachha furniture market,Contact found,"Varachha Road, Surat",Directory (HindustanYellowPages),https://www.hindustanyellowpages.in/Surat/Radhe-Furniture/Varachha-Road,"Single store, owner-run",Real mobile captured
L0475,B,SME - direct,67,Pruthvi Estate Consultant,Professional Services SME,Real estate consultant,Adajan,Nimesh Vira (CEO),9898010968,https://wa.me/919898010968,,https://pruthviestate.com/,desktops/laptops; NAS backup; CCTV; networking + Wi-Fi; UPS; AMC,High deal volume Adajan/Pal/Vesu; 258 ratings,Established broker w/ web presence + team,Contact found,"A 6, Green Arcade, Behind Trinity Business Park, L P Savani, 120 Feet Road, Adajan Dn 395009",Company website,https://pruthviestate.com/About_Us,Small agency (est 2001),Est 2001; Adajan/Pal/Palanpur/Vesu; office + web + team
L0476,B,SME - direct,67,SWEC Visa Consultant (Surat),Professional Services SME,Immigration / visa & education,Ghod Dod Road,,8000968420,https://wa.me/918000968420,surat@swecvisaconsultant.com,https://swecvisaconsultant.com/,desktops/laptops; NAS backup; CCTV; networking + Wi-Fi + firewall; UPS; AMC,Student/visa volume; UK/Canada/Australia,Multi-country education + immigration,Contact found,"Showroom B, 1st Floor, West Field Shopping Complex, Nr ST Xaviers School, Ghoddod Road, Surat 395007",Company website,https://swecvisaconsultant.com/contact-visa-consultant-ahmedabad-surat/,Small/medium consultancy,Student World Educational Consultant; UK/Canada/Australia
L0474,B,SME - direct,67,K.S Films,Media/Video/Photo,Film/ad production house,Surat,Owner/Founder,,,,,GPU editing + VFX workstations; render farm storage; NAS; color-correction monitor; sound; AMC,In-house VFX/post pipeline expansion,"Full pre-to-post incl. VFX, color, sound mixing in-house",Existence-verified (contact pending),"Surat, Gujarat",Business directory,https://adbizdirectory.com/business/ksfilms-production-house,SME; in-house post team,"Films, drama, ad commercials, serials; in-house VFX/edit/color/sound"
L0478,B,SME - direct,66,The Brick Tales,Architecture & CAD/Engineering,Architecture firm,Surat,Principal Architect / Owner,9426101122,https://wa.me/919426101122,thebricktales@outlook.com,https://www.buildofy.com/architects-interior-design-firms-india/the-brick-tales-surat,GPU workstations for 3D rendering/visualisation; large monitors; NAS; backup; networking; AMC,Founded 2017 by Ar. Rini Singhvi; design-award publicity (ArchDaily),Young design-led studio; rising profile,Contact found,"Surat, Gujarat",Buildofy profile,https://www.buildofy.com/architects-interior-design-firms-india/the-brick-tales-surat,Small,Design-oriented architecture & interiors; no street address captured
L0479,B,SME - direct,66,The Interior Workshop,Architecture & CAD/Engineering,Interior design studio,Vesu,Principal Designer / Owner,9879453181,https://wa.me/919879453181,theinteriorworkshop.surat@gmail.com,http://www.theinteriorworkshop.com,GPU workstations for interior 3D visualisation; dual monitors; NAS; backup; networking; AMC,Est. 2011 by Ar. Tejas Mistry; commercial + residential projects,Established Vesu studio,Contact found,"302/303 Gokul Solitaire, Opp Nandanvan 2, Near Sun Arcade, Vesu, Surat 395007",Infoline listing,https://www.infoline.com/the-interior-workshop,Small-mid,Commercial & residential interiors
L0481,B,SME - direct,66,Ganga Honda (Two Wheeler),Automobile Dealership,Two-wheeler dealer (Honda),Ring Road,Owner / Admin,9974016174,https://wa.me/919974016174,,,Billing desktops; showroom + workshop CCTV; networking + guest Wi-Fi; digital signage; AMC,Prime Ring Road showroom,Honda 2W dealer,Contact found,"21st Century House A, Ring Road, Maan Darwaja, Beside World Trade Centre, Surat 395002",Aggregator listing,https://www.zigwheels.com/bikes/dealers/honda/Surat,"Authorized Honda 2W dealer, central Surat",Phone from ZigWheels Honda Surat listing
L0482,B,SME - direct,66,Gujrat Motors (Bajaj),Automobile Dealership,Two-wheeler dealer (Bajaj),Adajan,Owner / Admin,9825167667,https://wa.me/919825167667,,https://www.bikes4sale.in/,Billing desktops; showroom + workshop CCTV; networking + guest Wi-Fi; digital signage; AMC,Showroom + workshop,Established Bajaj dealer,Contact found,"Opera House, Opp Sanghvi Tower, Adajan Road, Surat 395003",Aggregator listing,https://www.bikes4sale.in/new-bike-showrooms/dealer/bajaj/gujarat/surat/1835/gujrat-motors-pvt-ltd,Prominent Bajaj 2W/3W dealer,Also landlines 02622-2783555/2784555
L0484,B,SME - direct,66,Jsn Motors (Royal Enfield),Automobile Dealership,Two-wheeler dealer (Royal Enfield),Adajan,Owner / Admin,9619409640,https://wa.me/919619409640,,https://dealers.royalenfield.com/,Billing desktops; showroom + workshop CCTV; networking + guest Wi-Fi; digital signage; AMC,Showroom + service,RE dealer in premium 2W segment,Contact found,"Adajan, Surat",Brand dealer site,https://dealers.royalenfield.com/gujarat/surat/adajan-jsn-motors-9110109240,Authorized Royal Enfield dealer,RE dealer locator listing
L0485,B,SME - direct,66,Kisan Tractor Traders (Mahindra Tractors),Automobile Dealership,Tractor dealer (Mahindra),Kamrej,Owner / Admin,9825305556,https://wa.me/919825305556,kisantractorkamrej@rediffmail.com,https://dealer.mahindratractor.com/,Billing desktops; showroom + workshop + yard CCTV; networking; digital signage; AMC,Tractor sales + service yard,Mahindra tractor dealer in agri belt,Contact found,"Navagam Udyog Nagar, Kamrej Char Rasta, Kamrej, Surat 394185",Aggregator listing,https://www.carz4sale.in/new-car-showrooms/dealer/mahindra-tractors/gujarat/surat/11543/kisan-tractor-traders,"Mahindra tractor dealer, Kamrej",Contact Rajendra Kumar Patel; email on listing
L0486,B,SME - direct,66,Purav Automobiles (Royal Enfield),Automobile Dealership,Two-wheeler dealer (Royal Enfield),Sarthana Jakat Naka,Owner / Admin,9619147489,https://wa.me/919619147489,,https://dealers.royalenfield.com/,Billing desktops; showroom + workshop CCTV; networking + guest Wi-Fi; digital signage; AMC,Showroom + service,RE dealer,Contact found,"G3 Deepkamal Commercial Hub, Zoo Rd, Near Sarthana Jakat Naka, Nana Varachha, Surat 395010",Brand dealer site,https://dealers.royalenfield.com/gujarat/surat/sarthana-jagat-naka-purav-automobiles-9110050780,Authorized Royal Enfield dealer,RE dealer locator listing
L0491,B,SME - direct,66,Bhanderi (BLGD Corporation),Diamond & Bourse,Lab-grown (CVD) diamond manufacturer,Katargam,Owner/Partner or IT head,+91 8500385003,https://wa.me/918500385003,info@blgdlab.com,https://blgdlab.com/,CVD process workstations; managed networking; CCTV + access control; servers + NAS; AMC,CVD lab-grown growth,Scaling LGD manufacturer,Contact found,"4th Floor, BLGD Corporation, Akshar Building, Opp Mehta Petrol Pump, Katargam, Surat 395004",Company site + search snippet,https://blgdlab.com/contact-bhanderi-diamonds,Prime CVD lab-grown manufacturer,Bhanderi prime CVD lab-grown diamonds
L0492,B,SME - direct,66,RRP Diamonds (R R P Diamond),Diamond & Bourse,Natural loose & melee diamond manufacturer,Mahidharpura,Owner/Partner or IT head,+91 9016106290,https://wa.me/919016106290,info@rrpdiamonds.com,https://www.rrpdiamonds.com/,Diamond-planning workstations; managed networking; CCTV + access control; servers + NAS; AMC,Separate office + factory premises,Established melee specialist,Contact found,"301 Ashok Chamber, Moti Bazaar, Mahidharpura, Surat 395008; Factory 177 Ghanshyam Nagar",Company site + search snippet,https://www.rrpdiamonds.com/contact-us/,Natural loose & real melee diamonds; office + factory,Office Mahidharpura + factory Ghanshyam Nagar
L0493,B,SME - direct,66,V. Jayantilal & Co.,Diamond & Bourse,Diamond manufacturer,Katargam,Owner/Partner or IT head,+91 9638135135,https://wa.me/919638135135,,https://vjayantilal.com/,Diamond-planning workstations; managed networking; CCTV + access control; office desktops; AMC,Established manufacturer with BDB presence,Surat + Mumbai BDB ops,Contact found,"201/202, 2nd Floor, Plot 95/B, Prayosha Diamond Building, Sagar Industrial Society, Vasta Devdi Road, Surat 395004",Company site + search snippet,https://vjayantilal.com/contact/,Diamond manufacturer; BDB Mumbai office also,Manufacturing in Katargam; office at Bharat Diamond Bourse Mumbai
L0494,B,SME - direct,66,Maulshree Jewellery,Diamond/Jewellery/Textile Micro-SME,Jewellery 3D-CAD/rendering studio,Mota Varachha,"Owner (Maulshree, 3D render)",8866487117,https://wa.me/918866487117,maulshreejewellery@gmail.com,maulshreejewellery.com,jewellery-CAD/render workstations; CCTV; networking + Wi-Fi; NAS; AMC,3D modelling/rendering/visualization services = workstation-heavy,GPU-render studio = high-spec PC + NAS for render files,Contact found,"301, ABC-2, Near Sudama Chowk, Mota Varachha, Surat - 394101",Company website,https://www.maulshreejewelleryrendering.com/contact-us/,Small jewellery 3D-CAD/rendering studio,Phone +91 88664 87117; 3D modelling/rendering = render-grade workstation + NAS buyer
L0495,B,SME - direct,66,Royal Jewellers,Diamond/Jewellery/Textile Micro-SME,Jewellery manufacturer/showroom,Varachha,Owner (Royal Jewellers),9825432029,https://wa.me/919825432029,royal.jewel1724@gmail.com,indiamart.com/royal-jewellers-surat,billing PCs; CCTV (critical); networking + Wi-Fi; AMC,Gold/diamond jewellery mfr+retail; showroom security,Manufacturer + showroom = CCTV/billing/AMC need,Contact found,"Rachna Chambers, Near Anuradha Society, Baroda Pristage, Varachha Road, Surat - 395006",HindustanYellowPages,https://www.hindustanyellowpages.in/Surat/Royal-Jewellers/Varachha-Road,Owner-run jewellery mfr/showroom est 2011,"Mobile 9825432029, landline 0261-2553693; est 2011; mfr + showroom"
L0496,B,SME - direct,66,Sai Dresses,Diamond/Jewellery/Textile Micro-SME,Dress-material/salwar wholesaler (proprietorship),Ring Road,Mr. Mayuri Suthar (proprietor),9099763957,https://wa.me/919099763957,sdresses27@gmail.com,saidresses.com,billing PCs; CCTV; networking + Wi-Fi; NAS; AMC,Wholesale dress-material trader; online catalog ops,Multi-channel (YouTube/FB) seller = network/billing spend,Contact found,"5th Floor Auditorium Hall, Surat Textile Market, Near Tex Palazzo Hotel, Ring Road, Surat - 395002",Company website,https://saidresses.com/contact_us,Proprietor wholesaler est 2002 (suits/kurtis),"Phone 9099763957; alt 99243 24455, 96875 61855; est 2002; salwar/kurti wholesaler"
L0497,B,SME - direct,66,Sculptoris Innovation,Diamond/Jewellery/Textile Micro-SME,Jewellery CAD/CAM & 3D-print unit,Bhagal,Owner (Sculptoris Innovation),8043813037,https://wa.me/918043813037,,indiamart.com/sculptorisinnovation,jewellery-CAD workstations/PCs; CCTV; networking + Wi-Fi; NAS; AMC,Sells CAD/CAM machines + design services; new Gems Park HO,"Expanding (2nd office in Hira Bourse, Ichhapore G&J Park)",Contact found,"301, Golden Point, Parsi Sheri, Navapura Bhagal, Surat - 395003",IndiaMART (search snippet),https://www.indiamart.com/sculptorisinnovation/profile.html,Small CAD/CAM machine + service unit,Phone 8043813037; CAD/CAM machines + 3D-print resin; workstation-heavy buyer
L0498,B,SME - direct,66,Wholetex (Whole Tex),Diamond/Jewellery/Textile Micro-SME,Dress-material/saree wholesaler (online catalog),Ring Road,Sales/WhatsApp line listed,9137381212,https://wa.me/919137381212,,wholetex.com,billing PCs; CCTV; networking + Wi-Fi; NAS; AMC,Online catalog wholesale = billing/network/storage spend,Growing e-catalog wholesaler (sarees/salwar/kurtis),Contact found,"House no. 4/2317, Inside RKTM Gate No.2, Sahara Darwaja, Ring Road, Surat",Company website,https://www.wholetex.com/,Proprietor wholesaler est 2017 (online catalog),WhatsApp +91 9137381212; alt +91 9327773330; Radha Krishna Textile Market; online ops = IT need
L0499,B,SME - direct,66,Aum Insurance Brokers Pvt Ltd,Finance & Professional,Insurance broker,L P Savani,Admin,,,9825264988,,multi-seat desktops; data server + NAS backup; networking/firewall; CCTV; UPS; AMC,IRDAI compliance; client-data security,Active IRDAI broker license,Contact found,"School, L P Savani Circle, Surat-395009",IRDAI registry,https://policyholder.gov.in/en/web/guest/list-of-brokers,IRDAI-registered Life & General broker,IRDAI Life & General broker; LP Savani
L0504,B,SME - direct,66,Globela Pharma Pvt Ltd,GIDC Manufacturing,Pharmaceuticals,GIDC Sachin,IT Manager / QA Head / Purchase,+91 78618 51969,https://wa.me/917861851969,sales@globelapharma.com,https://globelapharma.com/,ERP servers + storage; plant & office desktops; industrial PCs; large-area CCTV; networking + Wi-Fi; biometric access; AMC,Exports; oncology/nephrology formulations; GMP compliance,Founded 1996; WHO-GMP certified formulations,Contact found,"Plot No. 357 & 358, Road No 3, Near Ginza Industries, GIDC Sachin, Surat 394230, Gujarat",Company website,https://globelapharma.com/contact/,Medium (WHO-GMP/ISO; oncology & nephrology),Oncology & nephrology finished/semi-finished formulations
L0507,B,SME - direct,66,Tapi Fruit Processing Ltd (Tapi Food),GIDC Manufacturing,Food / Agro Processing,"Pipodara (Mangrol, Surat dist)",IT Manager / Purchase / Director,+91 261 2551206,,tapifood@gmail.com,https://www.tapifood.com/,ERP servers; office & plant desktops; process/cold-chain CCTV; networking + Wi-Fi; biometric access; AMC,Exports; solar energy adoption; product range expansion,India's first solar-powered fruit processing unit,Contact found,"Plot No 17A, Block No 124-125, NH No 8, Post Pipodara, Tal Mangrol, Dist Surat, Gujarat",Company website,https://www.tapifood.com/tapi-fruit-product-contact-details.html,Medium (estd 1999; fruit processing & exports; solar-powered),"Jelly candies, gummies, jams, ketchup, sauces, fruit crush"
L0519,B,SME - direct,66,Coruscate Solutions Pvt. Ltd.,IT & Software,Web / mobile / blockchain app development,"Station Road (Lal Darwaja), Surat",Founder/Director or Marketing/Admin,+91 261 333 2299,,marketing@coruscatesolution.com,https://www.coruscatesolution.com/,Developer workstations; server + NAS; firewall + switches + Wi-Fi; CCTV; AMC,Grew from 4 founders to 40+ members in ~5 years; blockchain/Flutter/Node,Headcount growth 4 to 40+; in shared Infinity Tower tech hub,Contact found,"9th Floor, Infinity Tower, Lal Darwaja Station Road, Surat 395003 (Beside Ayurvedic College)",JustDial listing + IndiaMART,https://www.justdial.com/Surat/Coruscate-Solutions-Pvt-Ltd-Beside-Ayurvedic-College-Station-Road/0261PX261-X261-220313014011-A1M4_BZDET,Small-Medium (40+ members),In Infinity Tower (dense Surat IT building); blockchain workloads
L0521,B,SME - direct,66,Vision Infotech,IT & Software,Software outsourcing / web & mobile dev,"Sahara Darwaja, Surat",Director or IT/Admin Head,84016 52525,https://wa.me/918401652525,sales@visioninfotech.net,https://visioninfotech.net/,Developer workstations; server + NAS; firewall + switches + Wi-Fi; CCTV; AMC,"Multi-stack (React, Node, .NET, Flutter); multiple Surat listings over years",Established multi-tech team; steady operations,Contact found,"3001, 3rd Floor APMC, Krushi Bazaar, Beside North Extension, Sahara Darwaja, Surat 395002",Company website (contact page),https://visioninfotech.net/contact-us/,Medium,Multiple Surat addresses historically; verify current floor for infra sizing
L0524,B,SME - direct,66,Keystar Gems LLP,Lab-Grown Diamond,CVD diamond manufacturer,Varachha,Owner/Director,,,keystargems@gmail.com,https://keystarlgd.co/,GPU workstations for planning/grading; rack server + NAS; multi-camera CCTV + access control; managed switches + Wi-Fi; AMC,Manufacturing LGDs since 2019; incorporated as LLP Dec 2022; growth-stage,Recent incorporation (2022) and growing LGD output,Contact found,Ground Floor Plot No 5 Block No 4 Kohinoor Industrial Estate Varachha Road Surat 395006,IndiaMART listing,https://www.indiamart.com/keystar-gems/aboutus.html,"Medium - LGD manufacturer since 2019, LLP since 2022",Phone not visible on source
L0525,B,SME - direct,66,Amar Medical Store,Local Retail SME,Medical/Pharmacy,Kamrej,,9925181951,https://wa.me/919925181951,,https://www.helloindia.co/Surat/Amar-Medical-Store/Surat-Ho/ContactUs,POS/billing desktop; CCTV; networking; AMC,Pharmacy billing + CCTV,Mobile + landline (02621-251828),Contact found,"Kamrej, Surat",Directory (HelloIndia),https://www.helloindia.co/Surat/Amar-Medical-Store/Surat-Ho/ContactUs,"Single store, owner-run",Real mobile captured
L0526,B,SME - direct,66,Dipak Kirana Store,Local Retail SME,Supermarket/Kirana,Bhagal,,9909615014,https://wa.me/919909615014,,https://www.hindustanyellowpages.in/Surat/Dipak-Kirana-Store/Bhagal,POS/billing desktop; CCTV; weighing-scale integration; AMC,Grocery billing + CCTV adoption,"Independent kirana, central Bhagal",Contact found,"Bhagal, Surat",Directory (HindustanYellowPages),https://www.hindustanyellowpages.in/Surat/Dipak-Kirana-Store/Bhagal,"Single store, owner-run",Real mobile captured; kirana billing+CCTV fit
L0527,B,SME - direct,66,J J Opticals,Local Retail SME,Optician/Eyewear,Kamrej,,9825127171,https://wa.me/919825127171,,https://helloindia.co/Surat/J-J-OPTICALS/Kamrej/ContactUs,POS/billing desktop; CCTV; Wi-Fi; AMC,Optical stock needs surveillance,Kamrej (Surat outskirt) shop,Contact found,"Gopal Nagar Shopping Centre, Char Rasta, Kamrej, Surat",Directory (HelloIndia),https://helloindia.co/Surat/J-J-OPTICALS/Kamrej/ContactUs,"Single store, owner-run",Mobile + landline (0262-1251152) captured
L0528,B,SME - direct,66,Miracle Ladies Corner,Local Retail SME,Garment/Boutique,Surat HO,,9377725549,https://wa.me/919377725549,,https://www.hindustanyellowpages.in/Mobile/9374716876,POS/billing desktop; CCTV; Wi-Fi; AMC,Ladies wear boutique billing; CCTV trial areas,Two lines (9377725549/9374716876),Contact found,"Surat HO, Surat",Directory (HindustanYellowPages),https://www.hindustanyellowpages.in/Mobile/9374716876,"Single store, owner-run",Real mobile captured; ladies boutique
L0529,B,SME - direct,66,Modern The Craft Shop,Local Retail SME,Gift/Toys,Ghod Dod Road,,9825425860,https://wa.me/919825425860,,https://www.hindustanyellowpages.in/Surat/Modern-The-Craft-Shop/GHOD-DOD-ROAD,POS/billing desktop; CCTV; Wi-Fi; AMC,Gift/craft retail; CCTV for displays,Prime Ghod Dod Road location,Contact found,"Ghod Dod Road, Surat",Directory (HindustanYellowPages),https://www.hindustanyellowpages.in/Surat/Modern-The-Craft-Shop/GHOD-DOD-ROAD,"Single store, owner-run",Real mobile captured
L0530,B,SME - direct,66,Rajal Stationery and Xerox,Local Retail SME,Stationery,Surat HO,,9727013469,https://wa.me/919727013469,,https://www.hindustanyellowpages.in/Mobile/9727013469,POS/billing desktop; multi-function printer; CCTV; AMC,Xerox/printing means recurring IT/AMC needs,Two lines (9727013469/9035616161),Contact found,"Surat HO, Surat",Directory (HindustanYellowPages),https://www.hindustanyellowpages.in/Mobile/9727013469,"Single store, owner-run",Real mobile captured; printing+stationery = good AMC fit
L0531,B,SME - direct,66,Sansar Hardware Stores,Local Retail SME,Hardware/Paint,Ring Road,,9825134580,https://wa.me/919825134580,,https://www.hindustanyellowpages.in/Surat/SANSAR-HARDWARE-STORES/Ring-Road,POS/billing desktop; CCTV; Wi-Fi; AMC,Ring Road wholesale-retail; billing,Prime Ring Road location,Contact found,"Ring Road, Surat",Directory (HindustanYellowPages),https://www.hindustanyellowpages.in/Surat/SANSAR-HARDWARE-STORES/Ring-Road,"Single store, owner-run",Real mobile captured
L0532,B,SME - direct,66,Sarita Sagar Sports,Local Retail SME,Sports Goods,Adajan,,9374143945,https://wa.me/919374143945,,https://www.hindustanyellowpages.in/Surat/Sarita-Sagar-Sports/Adajan,POS/billing desktop; CCTV; Wi-Fi; AMC,Seasonal sports inventory; billing needs,Established Adajan sports shop,Contact found,"Adajan, Surat",Directory (HindustanYellowPages),https://www.hindustanyellowpages.in/Surat/Sarita-Sagar-Sports/Adajan,"Single store, owner-run",Real mobile captured
L0533,B,SME - direct,66,CK Studio,Media/Video/Photo,Product video & ecommerce photography,Athwa Lines / Varachha / Piplod,Owner/Founder,+91 8700258773,https://wa.me/918700258773,,https://ckstudio.in/surat/,GPU workstations for product video edit; fast storage; color-accurate monitors; NAS; backup; AMC,Ecommerce/Amazon/Flipkart product video volume,8+ yrs; serves brands/retailers across Surat,Contact found,"Serving Ring Road, Varachha, Vesu, Surat",Company website,https://ckstudio.in/gujarat/product-video-maker-in-surat/,8+ yrs; SME,"Product videography, ecommerce + jewellery photography; multi-area Surat coverage"
L0536,B,SME - direct,66,QMedia Production,Media/Video/Photo,Wedding photography & cinematography,Surat,Owner/Founder,+91 97236 39636,https://wa.me/919723639636,,,GPU editing rigs; cinematic video storage/NAS; color-grading; backup; AMC,Cinematic wedding film volume,7 yrs; high average booking value,Contact found,"Surat, Gujarat",WedMeGood profile,https://www.wedmegood.com/profile/QMedia-Production-177168,7 yrs; avg booking ~151k,"Pre-wedding, candid, cinematic wedding film, albums; strong booking value"
L0537,B,SME - direct,66,Snapito Studio,Media/Video/Photo,Wedding/portrait photography studio,Vesu,Owner/Founder,+91 99253 76601,https://wa.me/919925376601,,https://snapitostudio.com/,GPU editing workstations; fast storage/NAS; color-grading monitor; backup; AMC,Wedding/maternity/baby shoot volume,7+ yrs experience; Vesu studio,Contact found,"B-203 Aagam Shopping World, VIP Road, near Rajhans Cinemas, Vesu, Surat 395007",Company website,https://snapitostudio.com/contact/,7+ yrs; SME,"Wedding, pre-wedding, baby, maternity; also runs Snapito Rental"
L0538,B,SME - direct,66,iVIPANAN,Professional Services SME,Digital marketing agency,Sitanagar,,6355008989,https://wa.me/916355008989,,,desktops/workstations; NAS backup; networking + Wi-Fi + firewall; UPS; AMC,Client campaign volume; creative workstations,Serves small-to-large; est 2014 - growing,Contact found,"2054 International Fashion Market, Parvat Patiya Rd, Sitanagar, Surat 395010",Directory/blog listing,https://iide.co/blog/digital-marketing-agencies-in-surat/,Small agency (est 2014),Digital marketing agency est 2014; workstation-heavy
L0539,B,SME - direct,66,Stark Visas (Surat),Professional Services SME,Immigration / visa consultant,Surat,,8233058233,https://wa.me/918233058233,info@starkvisas.com,https://starkvisas.com/surat,desktops/laptops; NAS backup; CCTV; networking + Wi-Fi + firewall; UPS; AMC,Visa application volume; client documents,Job assistance + visa services growth,Contact found,,Company website,https://starkvisas.com/surat,Small/medium consultancy,Immigration consultant; document-heavy - backup/firewall need
L0543,B,SME - direct,66,Bharat Masala Products,SME Manufacturing & Jobwork,Spices / masala manufacturing,"Bhaga Talao, Surat",,9265470310,https://wa.me/919265470310,,https://www.bharatmasala.com/,billing/ERP PCs; shop-floor CCTV; networking + Wi-Fi; biometric attendance; AMC,Masala/blended spice production + retail,Own website + retail; brand presence,Contact found,"10/320 A, Opp. Natraj Apartment, Bhaga Talao, Surat - 395003",Company website,https://www.bharatmasala.com/contact-us/,Small-medium owner-run masala unit,"10-digit mobile from company site; masala powder, blended spices; alt 9825209634"
L0544,B,SME - direct,66,PANKU PLASTIC POLYMERS,SME Manufacturing & Jobwork,Reprocessed plastic granules (dana),Surat,,+91 8047825275,https://wa.me/918047825275,,,shop-floor CCTV; networking; billing/ERP PC; biometric attendance; AMC,Reprocessing plant (granule output) capacity,16 years TrustSEAL verified; steady operations,Contact found,"Surat, Gujarat",IndiaMART,https://dir.indiamart.com/surat/reprocessed-plastic-granules.html,"16 yrs TrustSEAL, small-medium recycler",IndiaMART proxy number; reprocessed natural PP granules Rs 78/kg
L0555,B,SME - direct,66,Keshav Madhav Fashion,Textile Trade & Design,Designer saree manufacturer,Surat,Owner / Partner,+918047633966,https://wa.me/918047633966,,https://www.keshavmadhavfashion.com/,bulk billing/POS desktops; CCTV; networking + Wi-Fi; textile-CAD workstation; AMC,Printed/designer range; digital selling,Branded saree manufacturer w/ own site,Contact found,"Surat, Gujarat",Company website,https://www.keshavmadhavfashion.com/printed-saree.html,Ladies fancy designer saree manufacturer,Phone +918047633966; printed/designer sarees
L0560,B,SME - direct,66,Dermafollix Hair Transplant & Skin Clinic,Wellness & Clinics SME,Skin/hair transplant clinic,Adajan / Parle Point,Dr. Surbhi Patki (Co-Founder/MD),9601687529,https://wa.me/919601687529,surbhi@drpatki.com,https://drpatki.com/,reception/billing PCs; CCTV; Wi-Fi; NAS for imaging; AMC,Hair transplant procedure suite,Adajan + Parle Point presence,Contact found,"304, Rajcorner, Opp Vasupujya Residency, L.P. Savani Road, Adajan, Surat (also Sheron Plaza, Parle Point)",Business website,https://drpatki.com/transformative-care-at-dermafollix-hair-transplant-and-skin-clinic-in-surat/,Owner-run skin/hair clinic,Email + mobile captured
L0562,B,SME - direct,66,Jan Suvidha Laboratory,Wellness & Clinics SME,Diagnostic/pathology lab,Adajan,,9510059690,https://wa.me/919510059690,,http://jansuvidhalab.com/,reception/billing PCs; CCTV; Wi-Fi + networking; LIS/NAS; AMC,Home-collection + reporting systems,Home-visit service expansion,Contact found,"2, Akshardham Soc., Opp Asian Physiotherapy Center, Gangeshwar Mahadev Road, Adajan, Surat",Business website,http://jansuvidhalab.com/contact.html,Owner-run lab; home-visit collection,Mobile captured; landline 02613130191
L0477,B,SME - direct,66,Design Synthesis,Architecture & CAD/Engineering,Architecture / Interior / Landscape,Surat,Principal Architect / Partner,,,,https://www.designsynthesis.in/,GPU workstations for architecture/interior/landscape rendering; dual monitors; NAS; backup; networking; AMC,"Multidisciplinary: architecture, interior, landscape across many sectors (healthcare, hospitality, sports)",Broad multi-sector portfolio,Existence-verified (contact pending),"Surat, Gujarat (Opp. Jolly Party Plot area)",Company website,https://www.designsynthesis.in/,Mid,Address partial; contact not visible on source
L0480,B,SME - direct,66,"Dhru Motors (Maruti Suzuki True Value, City Light)",Automobile Dealership,Used car dealer (Maruti True Value),City Light,Owner / Admin,,,,https://www.truevalueofcitylight.com/,Billing/inventory desktops; lot + showroom CCTV; networking; AMC,Certified used-car outlet with inspection bay,"Operates multiple True Value outlets (City Light, Katargam)",Existence-verified (contact pending),"City Light, Surat",Brand dealer site,https://www.truevalueofcitylight.com/,Authorized Maruti True Value certified used-car outlet,Also runs True Value of Katargam; used-car chain
L0483,B,SME - direct,66,Jalaram Auto (Hero MotoCorp),Automobile Dealership,Two-wheeler dealer (Hero),Adajan,Owner / Admin,,,,https://dealers.heromotocorp.com/,Billing desktops; showroom + workshop CCTV; networking + guest Wi-Fi; digital signage; AMC,Showroom + service,Hero 2W dealer (high volume brand),Existence-verified (contact pending),"B Wing Sargam Complex, Opp Bhulka Bhavan School, Adajan Road, Surat 395009",Brand dealer site,https://dealers.heromotocorp.com/hero-motocorp-m-s-jalaram-auto-two-wheeler-dealer-adajan-road-surat-25885/Home,"Authorized Hero 2W dealer, Adajan",Hero dealer locator listing
L0487,B,SME - direct,66,The Auto Shoppers,Automobile Dealership,Multi-brand car service & body shop,Surat,Owner / GM,,,,https://theautoshoppers.co.in/,Billing/job-card desktops; workshop + lot CCTV; networking + Wi-Fi; digital signage; AMC,EFI diagnostics + engine/maintenance bays,Standardized multi-brand chain model,Existence-verified (contact pending),Surat,Company website,https://theautoshoppers.co.in/,Standardized multi-brand service workshop,"Specializes EFI diagnostics, engine repair"
L0488,B,SME - direct,66,Advance BPO,BPO/Logistics/Print,BPO/Call Center,Surat,Operations Manager / IT Head,,,,https://www.indiamart.com/advance-bpo/,bulk desktops/thin clients + headsets; VOIP/dialer servers; networking + firewall; CCTV; AMC,Call center dialer/VOIP rollouts,Selling call-center software/predictive dialer (own infra growth),Existence-verified (contact pending),,IndiaMART,https://www.indiamart.com/advance-bpo/,SME,"Provides call center software, VOIP and predictive dialer services from Surat"
L0490,B,SME - direct,66,Pankaj Offset,BPO/Logistics/Print,Printing Press,"Udhna, Surat",Owner / Purchase,,,,https://pankajoffset.com/,pre-press color workstations (Mac/PC); RIP server; large color-accurate monitors; networking; CCTV; AMC,Quality color printing + design support; rapid turnaround,Cited as one of Surat's best-quality presses,Existence-verified (contact pending),"A/6-7, City Industrial Estate, Udhna Main Road, Udhna, Surat - 394210 (Behind Swaminarayan Temple)",Company website,https://pankajoffset.com/,SME,"High-quality color printing, design support; Udhna Surat"
L0500,B,SME - direct,66,Pawan Siddharth Advisors Private Limited,Finance & Professional,Financial advisory,Ring Road,Director,,,,https://pawansiddharth.site123.me/,multi-seat desktops/workstations; data server + NAS backup; firewall; CCTV; UPS; AMC,Multi-disciplinary finance team; digitization,Long-established multi-disciplinary firm,Existence-verified (contact pending),"Beside Apple Hospital, Ring Road, Surat",JustDial,https://www.justdial.com/Surat/Pawan-Siddharth-Advisors-Beside-Apple-Hospital-Ring-Road/0261PX261-X261-170626021501-V1C7_BZDET,Incorporated 1988; team of CA/CFA/CMA/CS/tax lawyers,"Directors Kavita Jain, Pawan Jain; finance advisory"
L0501,B,SME - direct,66,Sunidhi Securities & Finance Ltd,Finance & Professional,Stock / commodity broker,Surat,Admin,,,,https://www.sunidhi.com/,multi-seat desktops + dealing terminals; data server + NAS backup; networking/firewall; CCTV + access control; UPS; AMC,Trading-app/platform tech; data security,Stock & commodity trading solutions,Existence-verified (contact pending),,Company site,https://www.sunidhi.com/,Stock & commodity broking firm,Listed among Surat brokers
L0502,B,SME - direct,66,Healthy Eatzzz,Food & Hospitality SME,Restaurant (Health Food/Salads),City Light,Owner,,,,,POS/billing PCs; KOT printers; CCTV; Wi-Fi; AMC,Health-food niche; 2 outlets,City Light + Athwa branches = expansion,Existence-verified (contact pending),"B-14, Gurukrupa Co-op Housing Society, Ghod Dod Road, City Light, Surat",Zomato,https://www.zomato.com/surat/healthy-eatzzz-city-light,Small-medium (2 outlets: City Light + Athwa),Phone not in snippet; 2 outlets confirm growth; check JustDial
L0505,B,SME - direct,66,National Engineers & Steel Fabricators (NESF),GIDC Manufacturing,Engineering / Heavy Steel Fabrication,GIDC Sachin,Plant Head / Purchase / Director,,,,https://nationalengrs.com/,ERP/design workstations; CAD desktops; industrial PCs; CCTV; networking + Wi-Fi; biometric access; AMC,Custom-fabricated process equipment for Hazira/Sachin plants; infra project demand,"Serves Hazira, Sachin & GIDC estates; growth in heavy fabrication",Existence-verified (contact pending),"Plot No. 1022, Cross Road No. 87, Sachin GIDC, Surat 394230, Gujarat",Company website,https://nationalengrs.com/contact,"Medium (estd 1990; serves oil&gas, petrochem, fertilizer, ETP)","Pressure vessels, heat exchangers, tanks, piping skids, structural steel"
L0506,B,SME - direct,66,Sun Textile Engineers,GIDC Manufacturing,Engineering / Heavy Fabrication,GIDC Sachin,Plant Head / Purchase / Director,,,,https://www.suntextile.in/,ERP/design workstations; CAD desktops; industrial PCs; CCTV; networking + Wi-Fi; biometric access; AMC,Fabrication of pressure vessels & chemical plants; established capability,Since 1976; critical pressure vessel fabrication,Existence-verified (contact pending),"A-1, Shed No. 441/2, GIDC, Sachin, Surat 394230, Gujarat",Company website,https://www.suntextile.in/,Medium (~150 staff; 30000 sq.ft shop floor),"Thermic fluid heaters, dyeing machines, vessels, boilers"
L0514,B,SME - direct,66,Ginger Surat,Hospitality & Real Estate,Hotel (budget/3-star),City Centre,GM / IT Manager,,,,https://www.gingerhotels.com/hotels/ginger-surat,PMS server; front-desk PCs; guest Wi-Fi + networking; CCTV; AMC,Taj/IHCL budget brand,Lean-IT smart hotel model,Existence-verified (contact pending),"Near Surat Railway Station, Surat",Hotel official site,https://www.gingerhotels.com/hotels/ginger-surat,Mid budget business hotel,Ranked #10/87 hotels Surat on Tripadvisor; chain standardized IT
L0515,B,SME - direct,66,Modi Resort & Amusement Park,Hospitality & Real Estate,Resort / Amusement park,Near Surat,Owner / Admin,,,,https://www.holidify.com/hotel-collections/resorts-near-surat,Ticketing/reception PCs; Wi-Fi + networking; CCTV across park; AMC,Resort with amusement attractions,High-footfall leisure venue,Existence-verified (contact pending),Near Surat,Travel guide,https://www.holidify.com/hotel-collections/resorts-near-surat,Resort + amusement park,Amusement park adds extensive CCTV/ticketing IT needs
L0517,B,SME - direct,66,Sahjanand Group / Sahajanand,Hospitality & Real Estate,Real estate developer / Builder,Surat,Director / Purchase,,,,https://www.99acres.com/builders-in-surat-bffid,Site CCTV; sales-gallery & office PCs; networking; server/NAS; AMC,Residential + commercial projects,Active pipeline,Existence-verified (contact pending),Surat,Real estate portal,https://www.99acres.com/builders-in-surat-bffid,Established developer,Listed Surat builder on 99acres
L0518,B,SME - direct,66,Sairam Builders,Hospitality & Real Estate,Real estate developer / Builder,Surat,Director / Purchase,,,,https://sairambuilders.co/,Site CCTV; sales-gallery & office PCs; networking; server/NAS; AMC,Active residential projects,Ongoing delivery,Existence-verified (contact pending),Surat,Builder official site,https://sairambuilders.co/,Residential builder,Distinct from Sai Ram Group; own site
L0520,B,SME - direct,66,IBL Infotech,IT & Software,App development / cloud / web,Surat,Director or IT Head,,,,https://www.indiamart.com/ibl-infotech/,Developer workstations; rack server + NAS; firewall + managed switches + Wi-Fi; CCTV; AMC,Since 2014; 300+ apps; 85+ full-stack team (India/Canada),Cross-border team; cloud + web services scale,Existence-verified (contact pending),"Surat, India",IndiaMART profile + LinkedIn,https://www.indiamart.com/ibl-infotech/,"Medium (85+ experts, India + Canada)",85+ team = meaningful workstation/infra need; confirm Surat HQ contact
L0522,B,SME - direct,66,Sk Cad,Jewellery,Jewellery CAD design studio,Surat,Owner/Director,,,,https://sk-cad.ueniweb.com/,jewellery CAD workstations (high-spec); CCTV; networking + Wi-Fi; server/NAS for design files; AMC,Jewellery CAD design services,Design-services niche,Existence-verified (contact pending),"Surat, Gujarat",company_website,https://sk-cad.ueniweb.com/,Small (CAD design studio),CAD-workstation buyer profile
L0523,B,SME - direct,66,Craft Diamonds,Lab-Grown Diamond,LGD rough/polished manufacturer / jewelry,Surat,Owner/Director,,,,https://www.craftdiamonds.co/,GPU workstations for planning/grading; reactor-control PCs; rack server + NAS; CCTV + access control; managed switches + Wi-Fi; AMC,Leading manufacturer of lab-grown rough + polished diamonds + jewelry; US market,Vertically integrated rough-to-jewelry; export growth,Existence-verified (contact pending),"Surat, Gujarat (manufacturing) markets to USA",Company website,https://www.craftdiamonds.co/,Medium - manufacturer of LGD rough + polished + jewelry,Phone/email not visible on source
L0534,B,SME - direct,66,FF Studio,Media/Video/Photo,Wedding photography & cinematography,Katargam,Owner/Founder (Sachin),,,,,GPU editing rigs; cinematic video storage/NAS; color-grading; backup; AMC,Cinematic wedding film volume,Covering weddings since 2015; Surat/Ahmedabad/Mumbai (FF Films),Contact found,"A 602, RJD Business Hub, Kasanagar Road, Katargam, Surat, Near Naginawadi",WedMeGood profile,https://www.wedmegood.com/profile/FF-Studio-88511,Since 2015; SME,Contact person Sachin; +91 8010667788; cinematic + candid + traditional; ~75k/day packages
L0535,B,SME - direct,66,Mahir Films,Media/Video/Photo,Ad film production house,Surat,Owner/Founder (Jigar Padaya),,,,https://www.mahirfilms.com/,GPU editing workstations; render storage; NAS; color-grading; AMC,TV commercials & cinema ads volume,Franchise of Isha TV Mumbai; TVC for FMCG/jewellers,Existence-verified (contact pending),"Surat, Gujarat",Company website,https://www.mahirfilms.com/,SME; Isha TV franchise,"Owner Mr. Jigar Padaya; TVCs, cinema ads, e-commerce/jewellery ads. JustDial corporate-ad-filmmaker listing also confirms"
L0540,B,SME - direct,66,Pocket Stores,Retail & Supermarket,Departmental store chain (local),"Kamrej, Amroli, Choryasi",Owner / Store Manager,,,,,bulk POS/billing desktops; loss-prevention CCTV; per-store networking + Wi-Fi; AMC,"Multi-location local chain (Kamrej, Amroli)",Local nearby South Gujarat dept-store chain,Existence-verified (contact pending),Bus Stand JIN Compound Near Kamrej Choryasi Surat,JustDial + Facebook,https://www.justdial.com/Surat/Pocket-Stores-Near-Bus-Stand-Jin-Compound-Near-Kamrej-Kamrej/0261PX261-X261-200318141208-K9C4_BZDET,Local dept-store chain (Kamrej + Amroli),Nearby Surat (Kamrej/Amroli); local owner-led - easier direct approach
L0542,B,SME - direct,66,Bhagwati Polyweave Pvt. Ltd.,SME Manufacturing & Jobwork,PP woven / BOPP bags / jumbo bags,"Vanz, Sachin, Surat",Kishan Agarwal (Director),,,,,billing/ERP PCs; shop-floor CCTV; networking + Wi-Fi; biometric attendance; AMC,PP woven + jumbo bag production lines,"Pvt Ltd, multiple product lines, owner-run",Existence-verified (contact pending),"Road No. 13, Plot No. B-14/20, Hojiwala Ind Estate, Village Vanz, Sachin Palsana Road, Sachin, Surat - 394230",TradeIndia,https://www.tradeindia.com/bhagwati-polyweave-pvt-ltd-1707481/,Small-medium Pvt Ltd packaging unit,"PP woven bags, BOPP bags, food packing bags, jumbo bags"
L0545,B,SME - direct,66,VR Fibc Jumbo Bag Industries,SME Manufacturing & Jobwork,FIBC / jumbo / PP bags,"Lal Darwaja / Kim, Surat",Raj Patel (owner),,,,http://vrfibc.com/,billing/ERP PC; shop-floor CCTV; networking + Wi-Fi; biometric attendance; AMC,FIBC/jumbo bag export capacity (Kim unit too),"Own website, exporter, two locations",Existence-verified (contact pending),"502, Subha Square, Opp. Shivanjali Row House, Lal Darwaja Road, Surat - 395003",IndiaMART,https://www.indiamart.com/vrfibc-jumbobag-industries/,Small-medium FIBC manufacturer/exporter,"FIBC bags, jumbo bags, PP bags; UN-grade bags"
L0546,B,SME - direct,66,Ashoka Dyeing And Printing Mill Pvt Ltd,Textile Manufacturing,Dyeing & Printing (processing house),Pandesara,Owner/Director or Admin manager,,,,https://www.justdial.com/Surat/Ashoka-Dyeing-And-Printing-Mill-PVTLTD-Surat-Pandesara/0261PX261-X261-110105214150-D2F3_BZDET,ERP/Tally servers; billing & design PCs; large-area CCTV; networking + Wi-Fi; biometric attendance; AMC,Operating processing house in Pandesara cluster,Processing capacity in GIDC,Existence-verified (contact pending),"Pandesara, Surat 394221",JustDial,https://www.justdial.com/Surat/Ashoka-Dyeing-And-Printing-Mill-PVTLTD-Surat-Pandesara/0261PX261-X261-110105214150-D2F3_BZDET,"Mid: dyeing & printing mill, Pandesara",Listed processing house; standard mill IT/CCTV scope
L0547,B,SME - direct,66,Creative Trendz,Textile Manufacturing,Embroidery (Schiffli),Surat,Owner/Director or Admin manager,,,,https://www.creativetrendz.com/,ERP servers; design/digitizing & billing PCs; CCTV; networking + Wi-Fi; biometric attendance; AMC,Computerized Swiss embroidery technology,Swiss LASSER machine adoption,Existence-verified (contact pending),"Surat, Gujarat",Company website,https://www.creativetrendz.com/,Mid: Schiffli embroidered fabrics + laces; Swiss LASSER computerized machines,Schiffli embroidery maker; design + shop-floor IT/CCTV need
L0548,B,SME - direct,66,Devika Group,Textile Manufacturing,Yarn / Texturising (PTY),Surat,Owner/Director or Admin manager,,,,https://dir.indiamart.com/surat/polyester-yarn.html,ERP servers; plant & billing PCs; CCTV; networking + Wi-Fi; biometric attendance; AMC,Established texturising scale since 1992,Major PTY market player,Existence-verified (contact pending),"Surat, Gujarat (polyester texturized yarn)",IndiaMART directory,https://dir.indiamart.com/surat/polyester-yarn.html,Mid-large: est. 1992; major polyester texturized yarn player,Established texturising group; plant-floor surveillance/network scope
L0549,B,SME - direct,66,Ganga Fashions Pvt Ltd,Textile Manufacturing,Dyeing & Processing (EPC member),Pandesara,Owner/Director or Admin manager,,,,http://www.txcindia.gov.in/html/Consolidated%20list%20of%20EPC%20member%20units%20yet%20to%20submit%20returns%20online.pdf,ERP/Tally servers; billing & design PCs; large-area CCTV; networking + Wi-Fi; biometric attendance; AMC,Export Promotion Council member; export operations,EPC-registered exporter,Existence-verified (contact pending),"Plot No. 287, GIDC, Pandesara, Surat 394221",Govt EPC member list,http://www.txcindia.gov.in/html/Consolidated%20list%20of%20EPC%20member%20units%20yet%20to%20submit%20returns%20online.pdf,"Mid: textile processing/export unit, GIDC Pandesara",Govt EPC-listed unit in Pandesara; processing/export IT need
L0550,B,SME - direct,66,J.R. Dyeing & Printing Mills Pvt Ltd,Textile Manufacturing,Dyeing & Printing (processing house),Pandesara,Owner/Director or Admin manager,,,,https://www.exportersindia.com/jrdyeing/,ERP/Tally servers; billing & design PCs; large-area CCTV; networking + Wi-Fi; biometric attendance; AMC,Fabric processing + designing services,Processing + design operations,Existence-verified (contact pending),"GIDC Main Road, GIDC, Pandesara, Surat 394221",ExportersIndia,https://www.exportersindia.com/jrdyeing/,"Mid: fabric processing, designing, dyeing & printing",Processing house on GIDC Main Road; design + processing IT need
L0551,B,SME - direct,66,Jay Bharat Dyeing & Printing Mills,Textile Manufacturing,Dyeing & Printing (processing house),Palsana (Kadodara Char Rasta),Owner/Director or Admin manager,,,,https://www.mapsofindia.com/whitepages/businesses/index/jaybhadye,ERP/Tally servers; billing & design PCs; large-area CCTV; networking + Wi-Fi; biometric attendance; AMC,Man-made fabric processing in Palsana/Kadodara cluster,Processing capacity Palsana belt,Existence-verified (contact pending),"Plot No. 216, Kadodara Char Rasta, Taluka Palsana, Surat",Maps of India,https://www.mapsofindia.com/whitepages/businesses/index/jaybhadye,Mid: processing of man-made fabrics,Palsana-Kadodara processing house; CCTV/network opportunity
L0552,B,SME - direct,66,Skilled Industries,Textile Manufacturing,Textile machinery (dyeing/processing),Sachin GIDC,Owner/Director or Admin manager,,,,https://www.skilledindustries.com/,ERP servers; design (CAD) & billing PCs; CCTV across machine-build shop; networking + Wi-Fi; biometric attendance; AMC,Machinery manufacturer/exporter; ongoing production,Export of processing machinery,Existence-verified (contact pending),"5412, Road No 54, Sachin GIDC, Sachin, Surat",Company website,https://www.skilledindustries.com/,"Mid: est. 1989; mfr/exporter of jet dyeing, soft flow, winch, jigger, beam machines",Machinery maker; CAD/design + shop-floor IT and CCTV need
L0553,B,SME - direct,66,Ambaji Tex Fab,Textile Trade & Design,Dress material / fabric manufacturer,Saroli,Owner / Partner,,,,,bulk billing/POS desktops; CCTV; networking + Wi-Fi; textile-CAD workstation; AMC,Manufacturing growth,Established apparel/fabric manufacturer (2005),Existence-verified (contact pending),"Saroli, Surat",B2B marketplace,https://www.indiamart.com/ambaji-tex-fabsurat/profile.html,Estd 2005; apparel/fabric brand,Saroli industrial belt manufacturer
L0554,B,SME - direct,66,Ekta Fashion Pvt Ltd,Textile Trade & Design,Dress material wholesaler,Ring Road / Shree Mahalaxmi Market,Owner / Partner,,,,,bulk billing/POS desktops; CCTV; networking + Wi-Fi; server/NAS; AMC,Wholesale digitization,"Pvt Ltd, established 1997",Existence-verified (contact pending),"Shop 518-521, Upper Ground, Shree Mahalaxmi Market, Ring Road, Surat 395002",Business directory,https://www.justdial.com/Surat/Ekta-Fashion-Pvt-Ltd-Ring-Road/0261PX261-X261-110406194143-S5F1_BZDET,Pvt Ltd; estd 1997,Dress material wholesaler
L0556,B,SME - direct,66,Rudraksh Sarees,Textile Trade & Design,Designer/party-wear saree manufacturer,New Textile Market,Owner / Partner,,,,,bulk billing/POS desktops; CCTV; networking + Wi-Fi; textile-CAD workstation; AMC,Bridal/designer range; export,"Party-wear, designer, bridal sarees",Existence-verified (contact pending),"New Textile Market, Surat",B2B marketplace,https://www.indiamart.com/rudrakshsarees/profile.html,Party-wear/designer/bridal manufacturer,Modern fancy/bridal sarees; exporter
L0557,B,SME - direct,66,Sachin Prints,Textile Trade & Design,Dress material / saree wholesaler,Ring Road / Raghukul Market,Owner / Partner,,,,,bulk billing/POS desktops; CCTV; networking + Wi-Fi; AMC,Wholesale digitization; catalogue selling,Established print fabric wholesaler,Existence-verified (contact pending),"B-3126-29, Lift No. 13-15, B-Wing, 1st Floor, Gate No.3, Raghukul Market, Near Kamela Darwaza, Ring Road, Surat",B2B marketplace,https://www.indiamart.com/sachin-prints-surat/,Estd 2004; wholesaler/distributor,"Printed rayon/cotton fabric, sarees, kurtis, readymade"
L0558,B,SME - direct,66,Shree Binni Prints,Textile Trade & Design,Saree manufacturer,Silk City Textile Market,Owner / Partner,,,,,bulk billing/POS desktops; CCTV; networking + Wi-Fi; textile-CAD workstation; AMC,Export to international markets; embroidered range,Domestic + international customer base,Existence-verified (contact pending),"Silk City Textile Market, Surat",Industry guide,https://ajmeratrends.com/details/top-10-saree-manufacturer-in-surat,Manufacturer; domestic + intl,Embroidered sarees and dresses; export
L0559,B,SME - direct,66,Shree Sarees,Textile Trade & Design,Saree manufacturer,Ring Road,Owner / Partner,,,,,bulk billing/POS desktops; CCTV; networking + Wi-Fi; textile-CAD workstation; AMC,Embroidered/party-wear range expansion,Long-established manufacturer (since 1996),Existence-verified (contact pending),"Ring Road, Surat",B2B marketplace,https://www.indiamart.com/shree-sarees-surat/profile.html,Estd 1996; manufacturer,"Embroidered sarees, party wear, traditional"
L0561,B,SME - direct,66,Gymnation - The Fitness Hub,Wellness & Clinics SME,Gym/fitness center,Athwa/Bhatar,,,,,,reception/billing PCs; CCTV; biometric access; Wi-Fi; AMC,Established gym; access control,Athwa + Adajan branches,Existence-verified (contact pending),"Shop 1-7, 2nd Floor, Sheetal Shopping Centre, Bhatar Rd, Beside Turning Point, Athwa, Surat 395001",JustDial,https://www.justdial.com/Surat/Gymnation-The-Fitness-Hub-Near-Turning-Point-Ghoddod-Road/0261PX261-X261-130529112126-Z1E4_BZDET,Owner-run; est 2014; multi-branch (Adajan too),Phone behind JustDial Show Number
L0564,B,SME - direct,65,Mahak Logistic,BPO/Logistics/Print,Logistics/Transport,"Hazira, Surat",Owner / Operations Manager,9173558998,https://wa.me/919173558998,info@mahaklogistic.com,https://mahaklogistic.com/,office PCs; server; networking; warehouse/container-yard CCTV; handhelds; AMC,Container fleet (20/32/40 ft) + warehouse services,Long-running Surat transporter with warehousing,Contact found,"Hazira, Surat, Gujarat",Company website,https://mahaklogistic.com/transport-company-in-surat.html,Mid,Phone 9173558998; email info@mahaklogistic.com; container + warehouse services
L0566,B,SME - direct,65,Finaccle Advisory Private Limited,Finance & Professional,Tax / GST consultant,Ring Road,Partner,,,cajssj.co@gmail.com,https://finaccle.in/,multi-seat desktops; Tally/data server + NAS backup; firewall; CCTV; UPS; AMC,Startup advisory & accounting digitization,Broad service catalogue; startup advisory,Contact found,"602, Empire State Building, Ring Road, Nr Udhna Darwaja, Surat-395002",Company site,https://finaccle.in/,Pvt Ltd advisory (financial/accounting/legal),"Accounting, GST returns, startup & legal advisory"
L0571,B,SME - direct,65,Atologist Infotech,IT & Software,Custom software / AI engineering / mobile apps,"Ghod Dod Road, Surat",Founder/Director or IT Head,+91 99091 66110,https://wa.me/919909166110,info@atologistinfotech.com,https://atologistinfotech.com/,Developer workstations; GPU/server for AI engineering; firewall + switches + Wi-Fi; CCTV; AMC,Full-stack digital studio since 2014; AI/software engineering,AI engineering positioning = compute upgrade signal,Contact found,"506-507, Poddar Plaza, Opp. Majura Fire Station, Ghoddod Road, Surat 395001",Company website (contact page) + JustDial,https://atologistinfotech.com/contact-us.php,Small-Medium (since 2014),Ghod Dod Road business district; AI focus
L0572,B,SME - direct,65,LogicGo Infotech LLP,IT & Software,Software dev + IT training institute,"Katargam (Singanpore), Surat",Founder/Director or Admin,+91 96389 87317,https://wa.me/919638987317,info@logicgoinfotech.com,https://logicgoinfotech.com/,Developer + lab/training workstations; server + NAS; firewall + managed switches + Wi-Fi; CCTV; AMC,Software dev + training institute (2 use-cases),Training arm = classroom of PCs + networking + CCTV,Contact found,"301 Silverstone Arcade, Singanpore Causeway Road, Katargam, Surat 395004",Company website (contact page) + JustDial,https://logicgoinfotech.com/contact/,Small-Medium,Institute + dev firm = bulk PC + lab networking + CCTV opportunity
L0575,B,SME - direct,65,A To Z Hardware Stores,Local Retail SME,Hardware/Paint,Udhana Darwaja,,9374500866,https://wa.me/919374500866,,https://www.hindustanyellowpages.in/Mobile/9374801917,POS/billing desktop; CCTV; Wi-Fi; AMC,Wide hardware range; billing,Two lines (9374500866/9374801917),Contact found,"Udhana Darwaja, Surat",Directory (HindustanYellowPages),https://www.hindustanyellowpages.in/Mobile/9374801917,"Single store, owner-run",Real mobile captured
L0576,B,SME - direct,65,Amar Stationery and Gift Articles,Local Retail SME,Stationery,Surat HO,,9925709595,https://wa.me/919925709595,,https://www.hindustanyellowpages.in/Mobile/9925709595,POS/billing desktop; printer; CCTV; AMC,Stationery+gift billing; CCTV for gifts,Combined stationery & gift lines,Contact found,"Surat HO, Surat",Directory (HindustanYellowPages),https://www.hindustanyellowpages.in/Mobile/9925709595,"Single store, owner-run",Real mobile captured
L0577,B,SME - direct,65,Chandrika Dresses / Chandrika Garments,Local Retail SME,Garment/Boutique,Kotsafil Road,,9227193714,https://wa.me/919227193714,,https://www.hindustanyellowpages.in/Surat/Chandrika-Dresses--OR--Chandrika-Garments/Kotsafil-Road,POS/billing desktop; CCTV; Wi-Fi; AMC,Garment showroom billing; CCTV,Dresses+garments retail/wholesale,Contact found,"Kotsafil Road, Surat",Directory (HindustanYellowPages),https://www.hindustanyellowpages.in/Surat/Chandrika-Dresses--OR--Chandrika-Garments/Kotsafil-Road,"Single store, owner-run",Real mobile captured
L0578,B,SME - direct,65,Kanaiya Readymades,Local Retail SME,Garment/Boutique,Olpad,,9824184352,https://wa.me/919824184352,,https://www.hindustanyellowpages.in/Surat/Kanaiya-Readymades/Olpad,POS/billing desktop; CCTV; Wi-Fi; AMC,Garment retail billing; CCTV for trial counters,Olpad (Surat) readymades+boutique,Contact found,"Olpad, Surat",Directory (HindustanYellowPages),https://www.hindustanyellowpages.in/Surat/Kanaiya-Readymades/Olpad,"Single store, owner-run",Real mobile captured
L0579,B,SME - direct,65,Om Plywood and Hardware,Local Retail SME,Hardware/Paint,Bhatar Road,,9724397043,https://wa.me/919724397043,,https://www.hindustanyellowpages.in/Mobile/9724397043,POS/billing desktop; CCTV; Wi-Fi; AMC,Plywood+hardware inventory billing,Bhatar Road commercial area,Contact found,"Bhatar Road, Surat",Directory (HindustanYellowPages),https://www.hindustanyellowpages.in/Mobile/9724397043,"Single store, owner-run",Real mobile captured
L0580,B,SME - direct,65,Shree Ridhi Sidhi Hardware And Electricals,Local Retail SME,Hardware/Paint,Godadara,,9898376936,https://wa.me/919898376936,,https://www.hindustanyellowpages.in/Mobile/8128389969,POS/billing desktop; CCTV; Wi-Fi; AMC,Hardware+electricals billing,Two lines (9898376936/8128389969),Contact found,"Godadara, Surat",Directory (HindustanYellowPages),https://www.hindustanyellowpages.in/Mobile/8128389969,"Single store, owner-run",Real mobile captured
L0581,B,SME - direct,65,Tavakkal Hardware & Electricals,Local Retail SME,Hardware/Paint,Limbayat,,9426875334,https://wa.me/919426875334,,https://nipponpaint.co.in/wp-content/uploads/2024/11/Gujarat.pdf,POS/billing desktop; CCTV; Wi-Fi; AMC,Authorized paint dealer; counter billing,Nippon Paint authorized dealer,Contact found,"Idgah Road, Limbayat Udhana Yard, Limbayat, Surat 395006",Manufacturer dealer list (Nippon Paint),https://nipponpaint.co.in/wp-content/uploads/2024/11/Gujarat.pdf,"Single store, owner-run",Real mobile captured from Nippon dealer PDF
L0582,B,SME - direct,65,Uncle Shop,Local Retail SME,Garment/Boutique,Surat HO,,9327391514,https://wa.me/919327391514,,https://www.hindustanyellowpages.in/Surat/Uncle-Shop/Surat-Ho,POS/billing desktop; CCTV; Wi-Fi; AMC,Readymade garment showroom billing,Established readymade showroom,Contact found,"Surat HO, Surat",Directory (HindustanYellowPages),https://www.hindustanyellowpages.in/Surat/Uncle-Shop/Surat-Ho,"Single store, owner-run",Real mobile captured
L0583,B,SME - direct,65,Taj Studio,Media/Video/Photo,Photography studio,Bhatar Road,Owner/Founder,+91 95581 94459,https://wa.me/919558194459,info@taj.studio,https://www.taj.studio/,GPU editing workstations; video storage/NAS; color-grading; backup; AMC,Candid/pre-wedding 4K volume,Established Bhatar Road studio,Contact found,"401, Sakar Complex, Near Rupali Naher, Bhatar Road, Surat 395001",Company website,https://www.taj.studio/contact-us/,SME,"Candid, pre-wedding, wedding photography & video; Bhatar Road"
L0585,B,SME - direct,65,Prolific Overseas Education,Professional Services SME,Education / overseas consultant,Ghod Dod Road,,02612662245,,,https://www.prolificoverseaseducation.com/,desktops/laptops; NAS backup; networking + Wi-Fi; UPS; AMC,IELTS/GRE/TOEFL/PTE + study-abroad volume,Multi-branch (Ghoddod + Varachha + Navsari),Contact found,"Ghod Dod Road office, Surat (+ Varachha branch)",Company website,https://www.prolificoverseaseducation.com/,Small/medium consultancy,Overseas edu + test prep; multiple branches
L0586,B,SME - direct,65,City Light Skin & Cosmetic Clinic,Wellness & Clinics SME,Skin/cosmetic clinic,City Light,Dr. Sharat Gupta (Owner),9376438238,https://wa.me/919376438238,,https://drsharatgupta.in/contact/,reception/billing PCs; CCTV; Wi-Fi; NAS; AMC,Cosmetic equipment investment,City Light prime location,Contact found,"UG-22 Agrasen Point, Near Agrasen Bhavan, Citylight, Surat 395007",Business website,https://drsharatgupta.in/contact/,Owner-run skin + cosmetic clinic,Second number 7405058426 also listed
L0565,B,SME - direct,65,Angel One Ltd - Surat Office,Finance & Professional,Stock / commodity broker,Rustampura,Admin,,,,https://stockbroker.angelone.in/location/gujarat/surat,multi-seat desktops + dealing terminals; data server + NAS backup; networking/firewall; CCTV; UPS; AMC,Branch broking office; trading-tech,Angel One Surat branch,Existence-verified (contact pending),"Rustampura, Surat",Company site,https://stockbroker.angelone.in/angel-one-ltd-surat-office-stock-broker-rustampura-surat-528841/Contact-Us,National broker branch office,"Online trading & broking, Rustampura"
L0573,B,SME - direct,65,Trezix (Trezix Software Pvt. Ltd.),IT & Software,SaaS (export-import / trade software),"Athwa (SVNIT Campus), Surat",Founder/Director or IT Head,,,,https://trezix.io/,Dev workstations; server + NAS; firewall + switches + Wi-Fi; CCTV; AMC,Founded 2022; end-to-end import/export SaaS platform,Recent founding (2022); product build-out phase,Existence-verified (contact pending),"Ashine Building, SVNIT Campus, Athwa, Surat 395007",Company website (contact page) + ZaubaCorp,https://trezix.io/contact/,Small-Medium (founded 2022),Located in SVNIT incubation area; early-stage growth = setup needs
L0574,B,SME - direct,65,Kunthu Gems,Lab-Grown Diamond,HPHT & CVD diamond manufacturer / exporter,Mahidharpura,Owner/Director (Sapan Chaudhari),,,,https://www.kunthugems.co.in/,GPU workstations for planning/grading; rack server + NAS; CCTV + access control; managed switches + Wi-Fi; AMC,Manufactures/exports lab-grown (HPHT/CVD) diamonds + jewelry; contact Sapan Chaudhari,Range of polished + rough HPHT/CVD; export focus,Existence-verified (contact pending),Office 405 to 412 4th Floor Diamond Village-A Jadakhadi Mahidharpura Surat 395003,Company website,https://www.kunthugems.co.in/contact-us.htm,Medium - manufacturer/exporter of HPHT/CVD + jewelry,Phone not visible on fetched info
L0584,B,SME - direct,65,Nakrani Rabadiya & Co,Professional Services SME,CA / tax consultant,Nana Varachha,Partner,,,,https://nakranirabadiyanco.in/chartered-accountant-in-surat/,desktops/workstations; server + NAS backup; networking + firewall; UPS; AMC,Serving Adajan/Vesu/Citylight/Athwa clients; practice growth,Multi-area client base expanding,Existence-verified (contact pending),"Vikas Shoppers, 247-248, Vraj Chowk Rd, Sarthana Jakat Naka, Zeal Park, Nana Varachha, Surat 395013",Company website,https://nakranirabadiyanco.in/chartered-accountant-in-surat/,Small CA firm,CA firm; serves multiple Surat areas - tax season data load
L0589,B,SME - direct,64,Patel Motors (TVS),Automobile Dealership,Two-wheeler dealer (TVS),Udhna Darwaja,Owner / Admin,918153828788,https://wa.me/918153828788,,https://dealers.tvsmotor.com/,Billing desktops; showroom + workshop CCTV; networking + guest Wi-Fi; digital signage; AMC,Showroom + service,TVS 2W + iQube EV growth,Contact found,"Plot No 867/AF/P6, Near Kotak Mahindra Bank, Udhna Darwaja, Surat",Brand dealer site,https://dealers.tvsmotor.com/tvs-motors/tvs-patel-motors-two-wheeler-dealer-udhnaa-darwaja-surat-178162/Home,Authorized TVS 2W dealer,TVS dealer locator listing
L0590,B,SME - direct,64,Vinod Honda (Two Wheeler),Automobile Dealership,Two-wheeler dealer (Honda),Jahangirpura,Owner / Admin,7387875048,https://wa.me/917387875048,,,Billing desktops; showroom + workshop CCTV; networking + guest Wi-Fi; digital signage; AMC,Showroom + workshop,Honda 2W dealer,Contact found,"1-4 Sarita Society, Near Jahangirpura Dabholi Bridge, Near LG Service Centre, Jahangirpura Main Road, Surat 395005",Aggregator listing,https://www.zigwheels.com/bikes/dealers/honda/Surat,Authorized Honda 2W dealer,Phone from ZigWheels Honda Surat listing
L0591,B,SME - direct,64,Zealay Automotive (Royal Enfield),Automobile Dealership,Two-wheeler dealer (Royal Enfield),Udhna,Owner / Admin,9619870419,https://wa.me/919619870419,,https://dealers.royalenfield.com/,Billing desktops; showroom + workshop CCTV; networking + guest Wi-Fi; digital signage; AMC,Showroom + service,RE dealer,Contact found,"Plot No 30, J B Compound, Opp Laxmi-narayan Temple, Udhna, Surat 394210",Brand dealer site,https://dealers.royalenfield.com/gujarat/surat/udhna-zealay-automotive-9110142860,"Authorized Royal Enfield dealer, Udhna",RE dealer locator listing
L0593,B,SME - direct,64,Tasveer Digital Press,BPO/Logistics/Print,Printing/Digital,"Delhi Gate / Ring Road, Surat",Owner / Purchase,0261-4017272,,info@tasveercolorlab.com,https://www.tasveercolorlab.com/,pre-press color workstations; photo-book RIP; large color monitors; networking; CCTV; AMC,"Photo books, albums, catalogs; digital + offset",Long-established (1948); digital photo & offset printing,Contact found,"A-2, Shree Kuberji Textile Park, Behind Belgium Tower, Opp Linear Bus Stand, Delhi Gate, Ring Road, Surat - 395003",IndiaMART / Company website,https://www.indiamart.com/tasveerdigitalpress/profile.html,SME (est. 1948),"Phone 0261-4017272, mobile 9727727279; email info@tasveercolorlab.com"
L0595,B,SME - direct,64,Kesariya Textile,Diamond/Jewellery/Textile Micro-SME,Saree wholesaler/trader (proprietorship),Ring Road,Proprietor (Kesariya Textile),9081995544,https://wa.me/919081995544,,kesariatextile.com,planning/billing PCs; CCTV; networking + Wi-Fi; AMC,Fancy/vichtra saree wholesaler in Ring Road market,Proprietor shop; catalog/online sales = billing+network need,Contact found,"B 3031-3032, 1st Floor, Millennium Textile Market, Ring Road, Surat",Company website,https://kesariatextile.com/contact-us/,Proprietorship saree wholesaler,Phone +91 9081995544; fancy/border saree wholesaler; Millennium Market
L0597,B,SME - direct,64,Punjabi Roots - Cloud Kitchen,Food & Hospitality SME,Cloud Kitchen (North Indian),Surat,Owner (FB page),+917818921212,https://wa.me/917818921212,Punjabirootssrt@gmail.com,punjabirootssrt (FB),POS/billing PCs; KOT printers; CCTV; Wi-Fi; AMC,Delivery-first cloud kitchen,Online-order driven; scope to add outlets,Contact found,"Surat, Gujarat (cloud kitchen)",Facebook,https://www.facebook.com/punjabirootssrt/,"Small (cloud kitchen, ~5-15 staff)",Mobile + email captured; delivery-only Punjabi kitchen
L0598,B,SME - direct,64,Silver Nest Restaurant,Food & Hospitality SME,Restaurant (Multicuisine),Ghod Dod Road,Owner/Manager,9825193286,https://wa.me/919825193286,,,POS/billing PCs; KOT printers; CCTV; Wi-Fi; AMC,Established Ghod Dod Rd restaurant,Prime commercial-road location,Contact found,"Ghod Dod Road, Surat",HelloIndia directory,https://www.helloindia.co/Surat/Silver-Nest-Restaurant/Ghod-Dod-Road,Small-medium (independent restaurant),Mobile captured from directory; Ghod Dod Rd eatery
L0602,B,SME - direct,64,Sahajanand Valves Pvt Ltd (Swastik),GIDC Manufacturing,Engineering / Industrial Valves,GIDC Sachin,Plant Head / Purchase / Director,+91 261 2397367,,sales@swastikvalves.in,https://www.swastikvalves.in/,ERP/design workstations; CAD desktops; industrial PCs; CCTV; networking + Wi-Fi; biometric access; AMC,Supplies valves to process industries; brand expansion (Swastik),Top valve manufacturer in Surat; process-industry supplier,Contact found,"Plot No 5616, Road No 56, GIDC Sachin, Surat 394520, Gujarat",IndiaMART / company,https://www.indiamart.com/svpl/profile.html,Medium (industrial valve manufacturer for process industries),Ball/needle/industrial valves; brand 'Swastik'
L0608,B,SME - direct,64,Instance IT Solutions Pvt. Ltd.,IT & Software,IT solutions / software development,"Dabholi/Causeway, Surat",Director or IT Head,+91 82001 82588,https://wa.me/918200182588,,https://www.instanceit.com/,Developer workstations; server + NAS; firewall + switches + Wi-Fi; CCTV; AMC,Celebrating 10 years; also a Vesu/VR Mall location,10-year milestone; multi-location in Surat,Contact found,"13-17, 1st Floor, Shivan Avenue, Causeway Link Rd, opp. Hyundai Service Center, Surat 395004",Company website (contact page) + Sulekha,https://www.instanceit.com/reach-us,Small-Medium (10 yrs),Phone captured; multi-location indicates networking/CCTV need
L0610,B,SME - direct,64,Gehna Shop,Jewellery,Jewellery showroom/retailer,Ghod Dod Road,Store/Admin manager,+91-96383-10354,https://wa.me/919638310354,,,high-density CCTV + access control (critical); POS/billing PCs; networking + Wi-Fi; AMC,Ghod Dod Road retail corridor,Established showroom,Contact found,"G-9, Rangeela Park Shopping Center, Ghod Dod Road, Surat 395007",directory,https://www.scribd.com/document/879082529/Jewellers-in-Surat-Contact-Details,Small-medium (showroom),
L0614,B,SME - direct,64,Divya Shopee,Local Retail SME,Footwear,Adajan,,7359728031,https://wa.me/917359728031,,https://www.hindustanyellowpages.in/Surat/Divya-Shopee/Adajan,POS/billing desktop; CCTV; Wi-Fi; AMC,Footwear retail billing; CCTV,Adajan footwear shop,Contact found,"Adajan, Surat",Directory (HindustanYellowPages),https://www.hindustanyellowpages.in/Surat/Divya-Shopee/Adajan,"Single store, owner-run",Real mobile captured
L0615,B,SME - direct,64,Gokul Stationery Mart,Local Retail SME,Stationery,Surat HO,,9904571542,https://wa.me/919904571542,,https://www.hindustanyellowpages.in/Mobile/9825487415,POS/billing desktop; printer; CCTV; AMC,Stationery mart billing,Two lines (9904571542/9825487415),Contact found,"Surat HO, Surat",Directory (HindustanYellowPages),https://www.hindustanyellowpages.in/Mobile/9825487415,"Single store, owner-run",Real mobile captured
L0616,B,SME - direct,64,Kanaiya Hardware and Sanitary,Local Retail SME,Hardware/Paint,Katargam,,9825250917,https://wa.me/919825250917,,https://www.hindustanyellowpages.in/Mobile/9825250917,POS/billing desktop; CCTV; Wi-Fi; AMC,Hardware+sanitary inventory billing,Katargam trade area,Contact found,"Katargam, Surat",Directory (HindustanYellowPages),https://www.hindustanyellowpages.in/Mobile/9825250917,"Single store, owner-run",Real mobile captured
L0617,B,SME - direct,64,Om Hardware and Sales,Local Retail SME,Hardware/Paint,Surat HO,,9825372176,https://wa.me/919825372176,,https://www.hindustanyellowpages.in/Mobile/9033411771,POS/billing desktop; CCTV; Wi-Fi; AMC,Hardware stock billing,Two lines (9825372176/9033411771),Contact found,"Surat HO, Surat",Directory (HindustanYellowPages),https://www.hindustanyellowpages.in/Mobile/9033411771,"Single store, owner-run",Real mobile captured
L0618,B,SME - direct,64,Shakti Colour & Hardware,Local Retail SME,Hardware/Paint,Varachha Road,,9925233986,https://wa.me/919925233986,,https://nipponpaint.co.in/wp-content/uploads/2024/11/Gujarat.pdf,POS/billing desktop; CCTV; Wi-Fi; AMC,Paint+hardware billing,Nippon Paint authorized dealer,Contact found,"65/8, Variya Marble Compound, M.H. Complex, Varachha Road, Surat 395006",Manufacturer dealer list (Nippon Paint),https://nipponpaint.co.in/wp-content/uploads/2024/11/Gujarat.pdf,"Single store, owner-run",Real mobile captured from Nippon dealer PDF
L0619,B,SME - direct,64,Shubham Paints,Local Retail SME,Hardware/Paint,Katargam,,9374843906,https://wa.me/919374843906,,https://nipponpaint.co.in/wp-content/uploads/2024/11/Gujarat.pdf,POS/billing desktop; CCTV; Wi-Fi; AMC,Paint dealer; colour-mix counter billing,Nippon Paint authorized dealer,Contact found,"Shop No.2, Prabhudarshan Complex, Opp Fire Station, Katargam, Surat 395004",Manufacturer dealer list (Nippon Paint),https://nipponpaint.co.in/wp-content/uploads/2024/11/Gujarat.pdf,"Single store, owner-run",Real mobile captured from Nippon dealer PDF
L0621,B,SME - direct,64,Axiom Consulting,Professional Services SME,Recruitment / placement agency,Ghod Dod Road,,9558334174,https://wa.me/919558334174,,,desktops/workstations; NAS backup; networking + Wi-Fi + firewall; UPS; AMC,Candidate/client database growth; placements,Job placement + recruiting services,Contact found,"1016, Westfield Complex, Ghod Dod Road, Surat",Company website,https://axiom-consulting.co.in/best-job-placement-and-recruiting-services-in-surat-axiom-consulting/,Small agency,Recruitment/placement agency Ghod Dod Rd - database/PC need
L0625,B,SME - direct,64,Mahesh Namkeen Private Limited,SME Manufacturing & Jobwork,Namkeen / snack food manufacturing,Surat,,+91 8047645067,https://wa.me/918047645067,,,billing/ERP PCs; shop-floor CCTV; networking + Wi-Fi; biometric attendance; AMC,Namkeen production capacity (food-grade),Pvt Ltd food processor,Contact found,"Surat, Gujarat",IndiaMART,https://dir.indiamart.com/surat/namkeens.html,Small-medium Pvt Ltd namkeen unit,IndiaMART proxy number; namkeen manufacturer
L0626,B,SME - direct,64,Shreeji Krupa Plastic,SME Manufacturing & Jobwork,Reprocessed plastic granules (dana),Surat,,+91 8047635205,https://wa.me/918047635205,,https://www.shreejikrupaplastic.com/,shop-floor CCTV; networking; billing/ERP PC; biometric attendance; AMC,Recycle PP granule production,Own website + IndiaMART; recycling unit,Contact found,"Surat, Gujarat",IndiaMART,https://www.shreejikrupaplastic.com/reprocessed-plastic-granules.html,Small-medium recycling unit,IndiaMART proxy number; recycled polypropylene granules
L0634,B,SME - direct,64,Fitness Fiesta Gym,Wellness & Clinics SME,Gym/fitness center,Town/Surat,,9879008786,https://wa.me/919879008786,,,reception/billing PCs; CCTV; biometric access; Wi-Fi; AMC,Membership management hardware,Owner-run fitness center,Contact found,"M-2 to 6, Hirapana Shopping Center, Surat",Contactwala,https://contactwala.com/listing/fitness-fiesta-gym-surat/,Owner-run gym,Mobile captured
L0587,B,SME - direct,64,BplusK Architects,Architecture & CAD/Engineering,Architecture firm,Piplod,Principal Architect / Partner,,,,http://bplusk.in/,GPU workstations for architecture/interior rendering; dual monitors; NAS; backup; networking; AMC,Active client-focused design practice,Studio in prime Piplod commercial hub,Existence-verified (contact pending),"302, 3rd Floor, Union Heights, B/H Lalbhai Contractor Stadium, Rahulraj Mall Lane, Maharana Pratap Rd, Piplod, Surat, Gujarat 395007",Company website,https://www.bplusk.in/contact,Small-mid,Phone not visible on source
L0588,B,SME - direct,64,Tej Consultant,Architecture & CAD/Engineering,Architecture / Structural / Urban planning,Adajan,Principal / Partner,,,,https://www.indiamart.com/tej-consultants/,GPU workstations for architecture + structural design + interior CAD/rendering; dual monitors; NAS; backup; networking; AMC,"Architecture, structural design, interior, project mgmt & valuation; many Surat projects (5 yrs)",Broad service mix; steady local volume,Existence-verified (contact pending),"S-7-8-9-10, Meghdhanush Apartment, B/s Kalpana Society, Adajan Patiya, Surat 395005",IndiaMART profile,https://www.indiamart.com/tej-consultants/aboutus.html,Small-mid,Multi-discipline consultancy
L0592,B,SME - direct,64,Pirates BPO Services,BPO/Logistics/Print,BPO/Call Center,Surat,Operations Manager / Owner,,,,,bulk desktops + headsets; servers; networking + firewall; CCTV; AMC,Seat expansion,"GST/TrustSEAL verified, 3.9 rating, 86% response rate",Existence-verified (contact pending),,JustDial,https://www.justdial.com/Surat/BPO/nct-10055809,SME,"Pirates BPO Services (OPC) Pvt Ltd, listed on JustDial Surat BPO"
L0594,B,SME - direct,64,The Boo Boo Club,BPO/Logistics/Print,E-commerce/D2C,Surat,Owner / Operations Manager,,,,https://www.firstcry.com/the-boo-boo-club/6/0/1006953,office/design PCs; e-comm/ERP server; networking; CCTV; barcode/handhelds; AMC,Kidswear D2C scaling on marketplaces + own channel,Leading Surat kidswear e-comm brand (0-4 yrs segment),Existence-verified (contact pending),,FirstCry / retailer listing,https://www.firstcry.com/the-boo-boo-club/6/0/1006953,SME-Mid (D2C),"D2C kidswear (Muslin Jhablas, frocks, night suits); Surat-based"
L0596,B,SME - direct,64,Navjivan Nagrik Co-operative Credit & Supply Society Ltd,Finance & Professional,Credit co-op society,Surat,Branch Manager,,,,https://www.navjivannagrikcoopsociety.com/,multi-seat desktops; data server + NAS backup; networking/firewall; CCTV + access control; UPS; AMC,Member/credit data digitization & security,Operating credit society with insurance arm,Existence-verified (contact pending),,Company site,https://www.navjivannagrikcoopsociety.com/Home/Contact,Co-op credit & supply society,Credit & supply society; insurance services
L0599,B,SME - direct,64,The Punjabi Kitchen,Food & Hospitality SME,Restaurant (North Indian),Pal Gam / Adajan,Owner,,,,,POS/billing PCs; KOT printers; CCTV; Wi-Fi; AMC,Punjabi food brand; Pal + Adajan presence,2 locations = expansion signal,Existence-verified (contact pending),"Opposite Monarch Park, Adajan Dn, Surat (also Pal Gam)",Zomato,https://www.zomato.com/surat/the-punjabi-kitchen-pal-gam,"Small-medium (North Indian, 2 areas)",Phone via Zomato/JustDial; Pal+Adajan outlets
L0600,B,SME - direct,64,Gautam Industrial Corporation Pvt Ltd,GIDC Manufacturing,Engineering / Pipe Fittings & Valves,GIDC Sachin,Plant Head / Purchase / Director,,,,https://gautamindustrial.com/,ERP/design workstations; CAD desktops; industrial PCs; CCTV; networking + Wi-Fi; biometric access; AMC,"Supplies pipe fittings/flanges/valves to oil & gas, refineries, power, nuclear",3-decade supplier to refineries/petrochem/power,Existence-verified (contact pending),"Plot No. 5420, Road No. 54, Sachin GIDC, Surat 394520, Gujarat",Company website,https://gautamindustrial.com/,"Medium (estd 1980; serves oil & gas, refineries, nuclear)","SS/CS/alloy pipe fittings, flanges, ball valves, spools"
L0601,B,SME - direct,64,Mahavir Synthesis Pvt Ltd,GIDC Manufacturing,Dyes & Dye Intermediates,GIDC Sachin,IT Manager / Purchase / Director,,,,https://www.mahavirsynthesis.com/,ERP servers; plant & office desktops; industrial PCs; CCTV; networking + Wi-Fi; biometric access; AMC,Large producer of dye intermediates; export demand,Pioneer since 1973; biggest regional dye-intermediate maker,Existence-verified (contact pending),"Block No. 304B & 305, Sachin Magdalla Road GIDC, Sachin, Surat 394230, Gujarat",Company website,https://www.mahavirsynthesis.com/,Medium (estd 1973; major dye intermediates producer),Dyes intermediates; ~Rs 4.5cr capital
L0605,B,SME - direct,64,Prabhat Pathology Laboratory,Healthcare,Pathology lab / diagnostics,Varachha Road,Lab Director / Owner / IT,,,,https://prabhatlab.in/,LIS servers + storage; analyzer-integrated workstations; reception/billing desktops; networking + Wi-Fi; CCTV; UPS; AMC,High test volume needs LIS + reporting infra,Established lab; broad test menu,Existence-verified (contact pending),"Hira Baug, Varachha Road, Surat",Lab website,https://prabhatlab.in/,1000+ clinical tests; diagnostic centre,Established lab; capture contact
L0607,B,SME - direct,64,Sri Sairam Group,Hospitality & Real Estate,Real estate developer / Builder,Surat,Director / Purchase,,,,https://srisairamgroup.com/about-us/,Site CCTV; sales-gallery & office PCs; networking; server/NAS; AMC,Active project pipeline,Growing developer,Existence-verified (contact pending),Surat,Builder official site,https://srisairamgroup.com/about-us/,Residential + commercial developer,Distinct Surat developer; own site
L0609,B,SME - direct,64,Upmetrics,IT & Software,SaaS (business-plan / ERP software),"Utran, Surat",Founder/Director (Vinay Kevadiya),,,,https://upmetrics.co/,Dev workstations; server + NAS; firewall + switches + Wi-Fi; CCTV; AMC,Founded 2019; cloud SaaS (business planning / ERP),Growing SaaS product team in Utran IT belt,Existence-verified (contact pending),"3082, Silver Business Point, Utran, Surat 394105",Company website + Tracxn + Glassdoor,https://upmetrics.co/,Small-Medium (since 2019),Product SaaS team; confirm contact; steady compute need
L0611,B,SME - direct,64,Premvati Gold,Jewellery,Gold jewellery showroom/manufacturer,Katargam,Owner/Director,,,,https://premvatigold.org/,high-density CCTV + access control (critical); POS/billing PCs; networking + Wi-Fi; AMC,Katargam retail/manufacturing,Sister unit to Premvati Diamond,Existence-verified (contact pending),"Behind Kantareshwar Mahadev Mandir, Lalita Chokdi, Katargam, Surat",company_website,https://premvatigold.org/,Small-medium (gold jewellery showroom/mfr),
L0612,B,SME - direct,64,Aom Diamond,Lab-Grown Diamond,CVD & HPHT diamond manufacturer / exporter,Utran (Varachha),Owner (Ashwin Nakrani),,,,,GPU workstation for planning/grading; rack server + NAS; CCTV + access control; managed switches + Wi-Fi; AMC,Manufacturer/trader/wholesaler/exporter of CVD/LGD/HPHT since 2017; partner Ashwin Nakrani,Founded 2017; expanding LGD trade,Existence-verified (contact pending),604 Victoriya Heritage Opposite Shaligram Status Utran Pow Varachha Surat 394101,IndiaMART listing,https://www.indiamart.com/aomdiamond/about-us.html,"Small-medium - est 2017, CVD/HPHT manufacturer/trader/exporter",Phone/email not visible on source
L0613,B,SME - direct,64,Mahant Exports,Lab-Grown Diamond,CVD & HPHT diamond manufacturer / wholesaler,Katargam,Owner/Director,,,,,GPU workstation for planning/grading; rack server + NAS; CCTV + access control; managed switches + Wi-Fi; AMC,Manufacturer/wholesaler of LGD CVD/HPHT since 2017; growth-stage,Founded 2017; growing CVD/HPHT wholesale,Existence-verified (contact pending),Plot No 8 R.S.No 407 Pramukh Gems Building Bambawadi Katargam Surat 395004,IndiaMART listing,https://www.indiamart.com/mahant-exports/profile.html,"Small-medium - est 2017, CVD/HPHT manufacturer/wholesaler",Phone/email not visible on source
L0620,B,SME - direct,64,The Dream Stories,Media/Video/Photo,Wedding photography & videography,Mota Varachha / Piplod,Owner/Founder,,,,,GPU editing rigs; cinematic video storage/NAS; color-grading; backup; AMC,4K candid + cinematic wedding volume,20+ yrs in still & videography,Existence-verified (contact pending),"Sai Ashish Society II, 27/28, near Chandni Chowk Complex, Piplod, Surat 395007",WeddingWire profile,https://www.weddingwire.in/wedding-photographers/the-dream-stories--e76648,2+ decades; SME,"Candid & traditional photography, wedding albums, pre-wedding, videography"
L0623,B,SME - direct,64,Bhalala Digital Print,SME Manufacturing & Jobwork,Digital textile / fabric printing job work,"Udhna, Surat",,,,,,billing/ERP PCs; shop-floor CCTV; networking + Wi-Fi; design PCs; biometric attendance; AMC,Digital print capacity (fabric/curtain/flag),Owner-run since 2012; diversified printing,Existence-verified (contact pending),"Ground Floor, Plot No. 14, Hariom Estate, Near Swaminarayan Temple, Udhna, Surat - 395002",IndiaMART,https://www.indiamart.com/bhalaladigitalprint/,"Sole proprietorship est. 2012, small unit","Digital printed fabric, curtain fabric, flag printing; Rs 29/m"
L0624,B,SME - direct,64,Hemaxi Industries Private Limited,SME Manufacturing & Jobwork,CNC turning / VMC job work,"AK Road, Surat",,,,,,design/CAM PCs; shop-floor CCTV; networking + Wi-Fi; biometric attendance; AMC,CNC + VMC combined capacity,"Pvt Ltd structure, dual-process capability",Existence-verified (contact pending),"A-21/a/2, Patel Nagar, Near Mahadev Temple, A. K. Road, Surat - 395008",IndiaMART,https://www.indiamart.com/proddetail/cnc-turning-and-vmc-machine-job-work-21672617955.html,Small Pvt Ltd engineering unit,CNC turning and VMC machine job work
L0627,B,SME - direct,64,Ugam Packaging,SME Manufacturing & Jobwork,Flexible packaging pouches,"Sarthana Jakatnaka, Surat",,,,,https://www.facebook.com/ugampackagings/,billing/ERP PCs; shop-floor CCTV; networking + Wi-Fi; biometric attendance; AMC,Spice/snack pouch production (rotogravure),"Multi-industry pouch supplier, FB presence",Existence-verified (contact pending),"901, Blue Point, Opposite D-Mart, Sarthana Jakatnaka, Surat - 395006",IndiaMART,https://www.indiamart.com/ugampackaging/profile.html,Small-medium flexible-packaging maker,"Spice, snacks & food packaging pouches"
L0628,B,SME - direct,64,Army Looms & Textiles Company,Textile Manufacturing,Textile machinery (weaving looms),Surat,Owner/Director or Admin manager,,,,https://www.armylooms.in/,ERP servers; CAD/design & billing PCs; CCTV; networking + Wi-Fi; biometric attendance; AMC,Loom manufacturer/exporter; multi-machine range,Jacquard + waterjet loom production,Existence-verified (contact pending),"Surat, Gujarat",Company website,https://www.armylooms.in/,"Mid: mfr/exporter of rapier, power loom, jacquard, waterjet looms",Loom maker; design/shop-floor IT/CCTV need
L0629,B,SME - direct,64,Bright Weaves Pvt Ltd,Textile Manufacturing,Weaving (EPC member),Pandesara,Owner/Director or Factory manager,,,,http://www.txcindia.gov.in/html/Consolidated%20list%20of%20EPC%20member%20units%20yet%20to%20submit%20returns%20online.pdf,ERP/Tally servers; shop-floor & billing PCs; large-area CCTV; networking + Wi-Fi; biometric attendance; AMC,EPC member exporter; weaving operations,EPC-registered exporter,Existence-verified (contact pending),"Plot No. 130, Jay Jalaram Industrial Society, Pandesara, Surat 394221",Govt EPC member list,http://www.txcindia.gov.in/html/Consolidated%20list%20of%20EPC%20member%20units%20yet%20to%20submit%20returns%20online.pdf,"Mid: weaving/export unit, Pandesara",Govt EPC-listed weaving unit; shop-floor IT/CCTV need
L0630,B,SME - direct,64,Tulsi Syntex Pvt Ltd,Textile Manufacturing,Synthetic fabric / Processing (EPC member),Pandesara,Owner/Director or Admin manager,,,,http://www.txcindia.gov.in/html/Consolidated%20list%20of%20EPC%20member%20units%20yet%20to%20submit%20returns%20online.pdf,ERP/Tally servers; billing & shop-floor PCs; large-area CCTV; networking + Wi-Fi; biometric attendance; AMC,EPC member exporter; synthetic fabric operations,EPC-registered exporter,Existence-verified (contact pending),"Plot No. 123-124, GIDC, Pandesara, Surat 394221",Govt EPC member list,http://www.txcindia.gov.in/html/Consolidated%20list%20of%20EPC%20member%20units%20yet%20to%20submit%20returns%20online.pdf,"Mid: synthetic textile/export unit, GIDC Pandesara",Govt EPC-listed synthetic textile unit; multi-plot Pandesara footprint
L0631,B,SME - direct,64,Weavetech Engineers Ltd,Textile Manufacturing,Textile machinery (weaving looms),Surat,Owner/Director or Admin manager,,,,https://www.weavetech.in/power-loom-machine.html,ERP servers; CAD/design & billing PCs; CCTV; networking + Wi-Fi; biometric attendance; AMC,Automatic loom + electronic jacquard production,Electronic jacquard weaving lines,Existence-verified (contact pending),"Surat, Gujarat",Company website,https://www.weavetech.in/power-loom-machine.html,Mid: mfr of automatic power loom + rapier electronic jacquard weaving machines,Automatic loom maker; design/shop-floor IT/CCTV scope
L0632,B,SME - direct,64,Ekta International,Textile Trade & Design,Saree wholesaler,Ring Road / Millennium Market,Owner / Partner,,,,,bulk billing/POS desktops; CCTV; networking + Wi-Fi; AMC,Wholesale digitization,Long-established (since 1997),Existence-verified (contact pending),"I-2491-92, Upper Ground, Millennium Textile Market, Ring Road, Surat 395002",Business directory,https://www.justdial.com/Surat/Ekta-International-Ring-Road/0261PX261-X261-131212152240-N9I5_BZDET,Estd 1997; wholesaler,Saree wholesaler in Millennium market
L0633,B,SME - direct,64,Sunrise Fashion,Textile Trade & Design,Designer saree wholesaler,Ring Road / Millennium Market,Owner / Partner,,,,,bulk billing/POS desktops; CCTV; networking + Wi-Fi; AMC,Wholesale digitization,Established 2008; two locations,Existence-verified (contact pending),"D-2177, 2178 Millennium Textile Market, 80 Feet Road, Ring Road, Surat 395002",Business directory,https://www.justdial.com/Surat/Sunrise-Fashion-Exclusive-Fancy-Printed-Designer-Sarees-Ring-Road/0261PX261-X261-131210214644-S5L8_BZDET,Estd 2008; fancy printed designer sarees,Also at Vardhman Textile Market; fancy printed/designer sarees
L0638,B,SME - direct,63,iRoid Solutions,IT & Software,Mobile app / web development (AI-powered),Surat,Founder/Director,+91 90238 68898,https://wa.me/919023868898,business@iroidsolutions.in,https://iroidsolutions.com/,Developer workstations; server + NAS; firewall + switches + Wi-Fi; CCTV; AMC,"Founded 2015 in Surat; iOS/Android origin, now AI-powered dev",AI repositioning + ~10 yrs in market,Contact found,"318, 3rd Floor, Fortune High Street, Opp. Western Arena, Surat",Instagram (Surat) + company site,https://www.instagram.com/iroid_solutions/,Small-Medium (founded 2015),Phone/email captured from source; confirm full address
L0639,B,SME - direct,63,iVIPANAN Digital Marketing,IT & Software,Digital marketing agency + institute,"Adajan, Surat",Founder/Director or Admin,+91 98794 56211,https://wa.me/919879456211,info@ivipanan.co.in,https://www.ivipanan.co.in/,Creative workstations + training-lab PCs; NAS; firewall + switches + Wi-Fi; CCTV; AMC,Founded 2014; agency + digital marketing institute,Institute arm = classroom PCs + networking + CCTV,Contact found,"401, Shiven Shoppers, Opp. Gangeshwar Mahadev Temple Rd, Adajan, Surat 395009",Company website + Sulekha,https://www.ivipanan.co.in/,Small-Medium (7+ yrs; since 2014),Phone + email captured; agency + training = bulk PC opportunity
L0643,B,SME - direct,63,Ambika Stationery,Local Retail SME,Stationery,Surat HO,,9428635152,https://wa.me/919428635152,,https://www.hindustanyellowpages.in/Mobile/9428635152,POS/billing desktop; printer; CCTV; AMC,Stationery billing,Two lines (9428635152/8347438523),Contact found,"Surat HO, Surat",Directory (HindustanYellowPages),https://www.hindustanyellowpages.in/Mobile/9428635152,"Single store, owner-run",Real mobile captured
L0644,B,SME - direct,63,Sangeeta Steel and Gift Corner,Local Retail SME,Gift/Toys,Surat HO,,9426773744,https://wa.me/919426773744,,https://www.hindustanyellowpages.in/Mobile/9426773744,POS/billing desktop; CCTV; AMC,Steel+gift retail billing; CCTV,Combined steel utensils & gift lines,Contact found,"Surat HO, Surat",Directory (HindustanYellowPages),https://www.hindustanyellowpages.in/Mobile/9426773744,"Single store, owner-run",Real mobile captured
L0645,B,SME - direct,63,Shree Jalaram Hardware and General Stores,Local Retail SME,Hardware/Paint,Unn,,9825588924,https://wa.me/919825588924,,https://www.hindustanyellowpages.in/Surat/SHREE-JALARAM-HARDWARE-AND-GENERAL-STORES/Unn,POS/billing desktop; CCTV; AMC,Hardware+general billing,Unn area store,Contact found,"Unn, Surat",Directory (HindustanYellowPages),https://www.hindustanyellowpages.in/Surat/SHREE-JALARAM-HARDWARE-AND-GENERAL-STORES/Unn,"Single store, owner-run",Real mobile captured
L0647,B,SME - direct,63,Advocate Vaishali Patil & Associates,Professional Services SME,Advocate / law firm,Surat,Adv. Vaishali Patil (Principal Advocate),9819533351,https://wa.me/919819533351,,https://www.advocatevaishalipatil.com/best-criminal-lawyer-in-surat.html,desktops/workstations; NAS backup for case files; networking; UPS; AMC,Case-file digitisation; associate growth,Multi-practice (criminal/labour/cheque) firm,Contact found,,Company website,https://www.advocatevaishalipatil.com/best-criminal-lawyer-in-surat.html,Small law firm (associates),Law firm w/ associates; document-heavy - needs backup/scanning
L0648,B,SME - direct,63,Edworld Education Pvt Ltd,Professional Services SME,Education / overseas consultant,Surat,,7600014403,https://wa.me/917600014403,,https://edworldeducation.com/,desktops/laptops; NAS backup; networking + Wi-Fi; UPS; AMC,Study-abroad + German language + IELTS volume,Education + language coaching,Contact found,,Company website,https://edworldeducation.com/,Small/medium consultancy,Overseas education + German + IELTS coaching
L0649,B,SME - direct,63,MyDigital Crown,Professional Services SME,Digital marketing agency,Surat,,8369511877,https://wa.me/918369511877,,,desktops/workstations; NAS backup; networking + Wi-Fi; UPS; AMC,Client campaign volume; 50+ businesses served,8+ yrs; growing client base,Contact found,,Company website,https://mydigitalcrown.in/digital-marketing-agency-surat.html,Small agency (8+ yrs),Digital marketing 8+ yrs; 50+ clients
L0635,B,SME - direct,63,Sarvoday Enterprise,BPO/Logistics/Print,Printing/Packaging,"Udhana, Surat",Owner / Purchase,,,,https://www.sarvodayenterprise.com/,pre-press design workstations; RIP server; large monitors; networking; CCTV; AMC,Diverse packaging-box printing (garment/cosmetic/confectionery),Wide packaging product range; proprietor Kamlesh Dobariya,Existence-verified (contact pending),"Ground Floor, Plot 18,19, Revanagar Industrial Society, South Zone Office Road, Udhana, Surat - 394210",Company website,https://www.sarvodayenterprise.com/,SME,Manufacturer of printing services & packaging boxes; Udhana Surat
L0636,B,SME - direct,63,Prakash Kapooria & Associates,Finance & Professional,CA / Audit firm,Magob,Partner,,,,,multi-seat desktops; Tally/data server + NAS backup; firewall; CCTV; UPS; AMC,GST filing volume; MSME loan advisory,MSME loan/finance advisory expansion,Existence-verified (contact pending),"324 Times Square, Opp Landmark Empire, Near Vakil Wadi, Magob Parvat Patiya, Surat-395010",Directory/Blog,https://www.thinkingbridge.in/blog/top-ca-firms-in-surat,Tax-focused practice,"Direct & indirect tax, GST, MSME loans"
L0637,B,SME - direct,63,Forefront Infotech,IT & Software,ASP.NET software dev / web / SEO,"Adajan / Railway Station, Surat",Founder/Director or HR/Admin,,,,https://in.linkedin.com/company/forefront-infotech,Developer workstations; server + NAS; firewall + switches + Wi-Fi; CCTV; AMC,"Actively hiring ASP.NET Developer, SEO Executive, HR Executive",Active hiring across roles = headcount growth (workstation demand),Existence-verified (contact pending),"Adajan & Railway Station area, Surat",LinkedIn company page (hiring posts),https://in.linkedin.com/company/forefront-infotech,Small-Medium,Hiring signal strong; confirm exact address/phone before outreach
L0640,B,SME - direct,63,Excellent Diamond,Lab-Grown Diamond,IGI-certified CVD diamond manufacturer / exporter,Surat,Owner/Director,,,,https://www.excellentdiamond.in/,GPU workstation for planning/grading; rack server + NAS; CCTV + access control; managed switches + Wi-Fi; AMC,IGI-certified CVD diamond manufacturer/supplier/exporter (certified emerald/polished),Active CVD exporter; sector growth,Existence-verified (contact pending),"Surat, Gujarat (street address not visible on source)",Company website,https://www.excellentdiamond.in/company-profile.html,Small-medium - IGI-certified CVD manufacturer/supplier/exporter,Distinct from Excellent Corporation; phone/email not visible
L0641,B,SME - direct,63,Hirpara Export,Lab-Grown Diamond,CVD diamond manufacturer / exporter,Varachha (Mini Bazar),Owner/Director,,,,https://www.hirparaexport.in/,GPU workstation for planning/grading; rack server + NAS; CCTV + access control; managed switches + Wi-Fi; AMC,Manufacturer/exporter of lab-grown diamonds + designer jewelry; CVD focus,Export-oriented LGD + jewelry; sector growth,Existence-verified (contact pending),821 Rajhansh Tower Near Opera House Mini Bazar Surat 395006,Company website,https://www.hirparaexport.in/contact-us.htm,Small-medium - LGD + natural diamond jewelry manufacturer/exporter,Related person Hirpara Samir (CVD diamond machine background)
L0642,B,SME - direct,63,HRB Exports,Lab-Grown Diamond,CVD rough & polished diamond manufacturer / exporter,Surat,Owner/Director,,,,https://www.hrb-exports.com/,GPU workstation for planning/grading; reactor/rough handling PCs; rack server + NAS; CCTV + access control; managed switches + Wi-Fi; AMC,Manufacturer/supplier of white CVD rough + lab-grown diamonds from Surat,Active CVD rough supplier; sector growth,Existence-verified (contact pending),"Surat, Gujarat (street address not visible on source)",Company website,https://www.hrb-exports.com/lab-grown-diamond.htm,Small-medium - white CVD rough + LGD manufacturer/supplier,Rough CVD focus suggests growing/processing; phone/email not visible
L0646,B,SME - direct,63,Meet My Media,Media/Video/Photo,Video production,Surat,Founder/Creative Director,,,,https://meetmymedia.com/video-production-surat/,GPU editing workstations; fast NAS; backup; color-grading; AMC,Brand films/social ads volume growth,Described as one of fastest-growing video cos in Surat,Existence-verified (contact pending),"Surat, Gujarat",Company website,https://meetmymedia.com/video-production-surat/,Fast-growing SME,"Brand films, testimonials, social media ads for brands & creators"
L0650,B,SME - direct,63,Parmar Engineering Works,SME Manufacturing & Jobwork,Sheet metal fabrication / press parts,Surat,,,,,,shop-floor CCTV; networking; control-panel assembly PCs; biometric attendance; AMC,Manufactures electrical control panels - electronics-adjacent demand,20+ years in business; sheet metal + panels,Existence-verified (contact pending),"Surat, Gujarat (est. 2003)",IndiaMART,https://www.indiamart.com/proddetail/cnc-sheet-metal-fabrication-8856086348.html,"Established 2003, small-medium fabricator","Lab tables, control panels, sheet metal press parts, cutting/bending job work"
L0651,B,SME - direct,63,Dr Smile Dental Clinic,Wellness & Clinics SME,Dental clinic,Parvat Patia,,,,,,reception/billing PCs; CCTV; biometric access; Wi-Fi; AMC,High review volume = busy practice,Strong patient footfall,Existence-verified (contact pending),"G-8, Shivam Avenue, Opposite Reshma Row House, Punagam Canal Road, Parvat Patia, Surat 395010",JustDial,https://www.justdial.com/Surat/Dr-Smile-Dental-Clinic-Opposite-Reshma-Row-House-Parvat-Patia/0261PX261-X261-110415123800-Q9V3_BZDET,Small owner-run clinic; 4.8 rating 566 reviews,Phone behind JustDial Show Number
L0655,B,SME - direct,62,Ambika Motors (TVS),Automobile Dealership,Two-wheeler dealer (TVS),Jahangir Pura,Owner / Admin,917824006952,https://wa.me/917824006952,,https://dealers.tvsmotor.com/,Billing desktops; showroom + workshop CCTV; networking + guest Wi-Fi; digital signage; AMC,Showroom + service,TVS 2W dealer,Contact found,"Plot No 42/3, Olpad Road, Near Shell Petrol Pump, Jahangir Pura, Surat",Brand dealer site,https://dealers.tvsmotor.com/tvs-motors/amp/tvs-ambika-motors-two-wheeler-dealer-jahangir-pura-surat-242136/Home,Authorized TVS 2W dealer,TVS dealer locator listing
L0660,B,SME - direct,62,Dirgh Diamond Pvt Ltd,Diamond & Bourse,Diamond wholesaler/manufacturer,Mahidharpura,Owner/Partner or Admin head,+91 9925666966,https://wa.me/919925666966,,,Diamond-planning workstations; managed networking; CCTV + access control; office desktops; AMC,Long-established 21-yr operation,Established wholesaler/manufacturer,Contact found,"203, 2nd Floor, Shubham Complex, Pipla Street, Mahidharpura, Surat 395003",JustDial + search snippet,https://www.justdial.com/Surat/Dirgh-Diamond-Pvt-Ltd-Mahidharpura/0261PX261-X261-150115122755-A8D4_BZDET,21 yrs in business; certified & non-certified loose diamonds,Certified & fancy-colored loose diamonds; phone captured
L0666,B,SME - direct,62,Navkar Tiffin & Catering Services,Food & Hospitality SME,Catering / Tiffin,Adajan,Owner/Proprietor,08460262557,https://wa.me/918460262557,,navkartiffinsurat.yolasite.com,POS/billing PCs; CCTV; Wi-Fi; AMC,"4.8 rating, 140 reviews; tiffin + catering",Catering scaling alongside tiffin,Contact found,"38, Pratiksha Row House, Opp. Sarnath Hospital, Honey Park Road, Adajan Dn, Surat 395009",JustDial,https://www.justdial.com/Surat/Navkar-Tiffin-Catering-Services-Oppsarnath-Hospital-Adajan-Dn/0261PX261-X261-200723175503-H6H5_BZDET,"Small (tiffin + catering, ~5-15 staff)",Mobile/WhatsApp captured; owner-run tiffin+catering
L0668,B,SME - direct,62,Surti Khaman & Farsan Mart,Food & Hospitality SME,Farsan / Khaman,Gopipura,Owner/Proprietor,+919825352555,https://wa.me/919825352555,,,POS/billing PCs; CCTV; Wi-Fi; AMC,Popular locho/khaman counter,Multiple Surti Khaman branches in city,Contact found,"9/1101, Narmada Apartment, Ground Floor, Ambaji Road, Gopipura, Surat",Zomato,https://www.zomato.com/surat/surti-khaman-farsan-mart-gopipura,Small (single khaman/farsan outlet),Mobile captured; classic Surti khaman/locho mart
L0669,B,SME - direct,62,Aceto Chem Pvt Ltd,GIDC Manufacturing,Dyes & Dye Intermediates,Pandesara,IT Manager / Purchase / Director,0261-2890998,,info@acetochemindia.com,https://www.acetochemindia.in/,ERP servers; plant & office desktops; industrial PCs; CCTV; networking + Wi-Fi; biometric access; AMC,Manufacture/export of dye intermediates; export demand,Established 1976; intermediates exporter,Contact found,"Plot No. 90/A, GIDC Pandesara, Surat 394221, Gujarat",Company website,https://www.acetochemindia.in/profile.html,Medium (estd 1976; dye intermediates manufacturer/exporter),N-Phenyl-1-Naphthylamine and other dye intermediates
L0682,B,SME - direct,62,Differenz System Pvt. Ltd.,IT & Software,Web & mobile app development,"Adajan, Surat",Director or IT/Admin Head,+91 261 457 4179,,,https://www.differenzsystem.com/,Developer workstations; server + NAS; firewall + switches + Wi-Fi; CCTV; AMC,Incorporated 2013; web & mobile app dev,Established Adajan dev shop,Contact found,"307-308 Shivalik Western, LP Savani Rd, Adajan Gam, Surat 395009",Company website (contact page) + Sulekha,https://www.differenzsystem.com/contact,Small-Medium (since 2013),Landline captured from source; Adajan IT cluster
L0683,B,SME - direct,62,RJSquare Infotech,IT & Software,Web / app / UI-UX / offshore dev,"Mota Varachha (Digital Valley), Surat",Founder/Director,,,info@rjsquareinfotech.com,https://www.rjsquareinfotech.com/,Developer workstations; server + NAS; firewall + switches + Wi-Fi; CCTV; AMC,"7+ years; 100+ mobile apps, web, IoT products",Located in IT Park / Digital Valley cluster; IoT work,Contact found,"901-902, IT Park, Mota Varachha - Digital Valley, Surat 394105",Company website + JustDial,https://www.rjsquareinfotech.com/,Small-Medium (7+ yrs; 100+ apps),In Surat IT Park; email on site; IoT adds hardware lab angle
L0684,B,SME - direct,62,Sassy Infotech Pvt. Ltd.,IT & Software,Web design & development / digital marketing,"Udhana Darwaja (Ring Road), Surat",Director or IT/Admin Head,+91 87806 38433,https://wa.me/918780638433,info@sassyinfotech.com,https://www.sassyinfotech.com/,Developer/designer workstations; server + NAS; firewall + switches + Wi-Fi; CCTV; AMC,"Incorporated 2013; web design, SEO, PPC, e-commerce",Established agency on Ring Road business corridor,Contact found,"101, Meridian Tower 2, Udhana Darwaja, Ring Road, Surat 395002",Company website (contact page) + ZaubaCorp,https://sassyinfotech.com/contact-us,Small-Medium (since 2013),Phone + email captured; design team = higher-spec PCs
L0689,B,SME - direct,62,Gemone Diamond (Jewelry brand),Lab-Grown Diamond,LGD jewelry manufacturer / retailer,Surat,Owner/Director,,,gemone.diamonds@gmail.com,https://gemonediamond.com/,GPU workstation for jewelry CAD/planning; rack server + NAS; CCTV + access control; managed switches + Wi-Fi; AMC,Lab-grown diamonds + fine jewelry brand (retail arm of Gemone Diamonds),Growing LGD jewelry retail; sector growth,Contact found,"Surat, Gujarat (street address not visible on source)",Company website,https://gemonediamond.com/pages/contact-us,Small-medium - lab-grown diamonds + fine jewelry brand,Distinct jewelry-brand domain from gemonediamonds.in
L0693,B,SME - direct,62,Harshil Second Hand Toys,Local Retail SME,Gift/Toys,Surat,,8469888767,https://wa.me/918469888767,,https://harshil-second-hand-toys.ueniweb.com/,POS/billing desktop; CCTV; AMC,Has own web storefront; growing,Owns UENI website,Contact found,Surat,Business website (UENI),https://harshil-second-hand-toys.ueniweb.com/,"Single store, owner-run",Real mobile captured; small owner-run toy store
L0694,B,SME - direct,62,Naik Brothers,Local Retail SME,Hardware/Paint,Bardoli,,9879405526,https://wa.me/919879405526,,https://nipponpaint.co.in/wp-content/uploads/2024/11/Gujarat.pdf,POS/billing desktop; CCTV; AMC,Paint dealer; colour-mix billing,Nippon Paint authorized dealer (Bardoli),Contact found,"14, Panchsheel Chambers, Gandhi Road, Bardoli, Surat 394602",Manufacturer dealer list (Nippon Paint),https://nipponpaint.co.in/wp-content/uploads/2024/11/Gujarat.pdf,"Single store, owner-run",Real mobile captured; Surat district (Bardoli)
L0695,B,SME - direct,62,Sanjay Store,Local Retail SME,Stationery,Surat HO,,9879069222,https://wa.me/919879069222,,https://www.hindustanyellowpages.in/Surat/Sanjay-store/Surat-Ho,POS/billing desktop; printer; CCTV; AMC,General stationery billing,Independent stationery general store,Contact found,"Surat HO, Surat",Directory (HindustanYellowPages),https://www.hindustanyellowpages.in/Surat/Sanjay-store/Surat-Ho,"Single store, owner-run",Real mobile captured
L0701,B,SME - direct,62,4S Design Hub,Professional Services SME,Graphic design / branding studio,Surat,,9157622202,https://wa.me/919157622202,hello@4sdesignhub.com,https://4sdesignhub.com/,desktops/workstations; NAS backup; networking + Wi-Fi; UPS; AMC,Branding/textile/packaging design volume,Logo/textile/branding/packaging studio,Contact found,"#1 Ambika Nagar Society, Surat",Company website,https://4sdesignhub.com/contact,Small studio,Branding + textile + packaging design; creative workstations
L0703,B,SME - direct,62,Mark Studio,Professional Services SME,Branding / design / advertising,Pal,,8320063804,https://wa.me/918320063804,info@markstudio.in,https://markstudio.in/,desktops/workstations; NAS backup; networking + Wi-Fi; UPS; AMC,Branding + advertising volume,Creative agency Surat + Pune,Contact found,"B312, 3rd floor, Fortune Island, Galaxy Circle, Pal, Surat 395009",Company website,https://markstudio.in/contact-us/,Small studio,Branding/advertising agency Pal (Surat + Pune)
L0704,B,SME - direct,62,RG International,Professional Services SME,Education / IELTS / study abroad,Piplod,,7575866622,https://wa.me/917575866622,,,desktops/laptops; NAS backup; networking + Wi-Fi; UPS; AMC,IELTS coaching + study-abroad volume,Coaching + consultancy Piplod,Contact found,"603, 6th Floor, Swastik House, Opp Lakeview Garden Restaurant, Kargil Chowk, Piplod, Surat 395007",Company website,https://ieltscoachinginsurat.com/our-location/,Small/medium consultancy,IELTS coaching + study abroad consultant Piplod
L0706,B,SME - direct,62,Soni Events,Professional Services SME,Event & wedding planner,Adajan,,9081180052,https://wa.me/919081180052,,https://sonievents.in/,laptops/desktop; NAS backup for media; CCTV; networking + Wi-Fi; UPS; AMC,Wedding/corporate event volume; photo/video data,Corporate + wedding + photography; team 10+ yrs,Contact found,"116, Sai Square Complex, Honey Park Road, Adajan, Surat 395009",Company website,https://sonievents.in/,Small team (10+ yrs),Events + wedding + photography - media storage need
L0707,B,SME - direct,62,Techeasify,Professional Services SME,Web design / digital studio,Adajan,,9313961011,https://wa.me/919313961011,,https://techeasify.com/,desktops/workstations; NAS backup; networking + Wi-Fi + firewall; UPS; AMC,Web dev + SEO project volume,Web + digital marketing studio Adajan,Contact found,"M1, Ruchi Complex, Adajan-Hazira Road, Surat 395009",Company website,https://techeasify.com/web-development-company/,Small studio,Web design/dev + SEO studio Adajan
L0708,B,SME - direct,62,Underscore Media,Professional Services SME,Digital marketing agency,Vesu,Founder/Director (Aditya),9510273527,https://wa.me/919510273527,aditya@underscoremedia.in,https://www.underscoremedia.in/,desktops/workstations; NAS backup; networking + Wi-Fi; UPS; AMC,Campaign + social media volume,Creative studio Vesu,Contact found,"303, Highfield Asccot, Opp Palm Avenue, VIP Main Road, Vesu, Surat",Directory/blog listing,https://www.brewmyidea.com/top-20-social-media-marketing-agencies-in-surat,Small agency,Digital/social media marketing agency Vesu; alt source: https://www.underscoremedia.in/
L0715,B,SME - direct,62,Yaksh Polypack,SME Manufacturing & Jobwork,PP woven / BOPP laminated bags,"Sachin, Surat",,+91 8047809153,https://wa.me/918047809153,,,billing/ERP PC; shop-floor CCTV; networking; biometric attendance; AMC,PP woven + BOPP laminated bag capacity,Woven sack production unit,Contact found,"Sachin area, Surat (PP woven sacks)",IndiaMART,https://dir.indiamart.com/surat/non-woven-bag.html,Small-medium woven-sack unit,IndiaMART proxy number; PP woven & BOPP laminated bags (Surat listing)
L0726,B,SME - direct,62,Central Pathology Laboratory,Wellness & Clinics SME,Diagnostic/pathology lab,Mota Varachha,,9137641360,https://wa.me/919137641360,,,reception/billing PCs; CCTV; Wi-Fi; LIS/NAS; AMC,Reporting/LIS systems,Growing Mota Varachha belt,Contact found,"E/4-5, Besides Gangotri Residency Gate, Sudama Chowk, Mota Varachha, Surat 394101",Mediyaar,https://www.mediyaar.com/surat/labs/surat-pathology-laboratory-godadara.html,Owner-run pathology lab,Mobile captured
L0728,B,SME - direct,62,Pooja Dent Care,Wellness & Clinics SME,Dental clinic,Adajan,,9725752458,https://wa.me/919725752458,,,reception/billing PCs; CCTV; Wi-Fi; AMC,Long-established practice,Established patient base,Contact found,"Adajan Road, Surat 395009",Lybrate,https://www.lybrate.com/surat/doctors-for-orthodontics/vesu-surat,Owner-run; 29 yrs in healthcare,Mobile captured via Lybrate snippet
L0729,B,SME - direct,62,Surat Pathology Laboratory,Wellness & Clinics SME,Diagnostic/pathology lab,Godadara,,9328661125,https://wa.me/919328661125,,,reception/billing PCs; CCTV; Wi-Fi; LIS/NAS; AMC,Reporting/LIS systems,Godadara industrial belt,Contact found,"Shop 411-413, Shreeji Arcade, Near Godadara-Dindoli Road, Khodiyar Nagar, Godadara, Surat 394210",Mediyaar,https://www.mediyaar.com/surat/labs/surat-pathology-laboratory-godadara.html,Owner-run pathology lab,Mobile captured
L0652,B,SME - direct,62,Mstudio Interior,Architecture & CAD/Engineering,Interior design studio,Adajan,Principal / Owner,,,,https://mstudiointerior.com/,GPU workstations for interior 3D rendering; dual monitors; NAS; backup; networking; AMC,350+ completed projects (homes & offices),High project throughput,Existence-verified (contact pending),"Business Bay Centre, 110, opp. Adajan, Surat 395005",Company website,https://mstudiointerior.com/,Mid,Phone not visible on source
L0653,B,SME - direct,62,Nirman Design Studio (Nirman Architects),Architecture & CAD/Engineering,Architecture / Interior firm,Surat,Principal Architect / Partner,,,,https://www.nirman-architects.com/,GPU workstations for architecture/interior rendering & furniture design; dual monitors; NAS; backup; networking; AMC,Founded 2014; 100+ projects across residential/commercial/hospitality,11+ years collective expertise; multidisciplinary growth,Existence-verified (contact pending),"SNS Business Park, Surat (partial)",Company website,https://www.nirman-architects.com/,Small-mid,Address partial on source; serves clients globally
L0654,B,SME - direct,62,Optima Engineers & Developers,Architecture & CAD/Engineering,Structural consultant,Surat,Principal Engineer / Partner,,,,https://www.optimadevelopers.com/structural-consultancy/index.html,GPU workstations for structural analysis/design software (latest tools); dual monitors; NAS; backup; networking; AMC,"Residential, commercial, institutional & industrial structural consultancy",Diversified project sectors,Existence-verified (contact pending),"Surat, Gujarat",Company website,https://www.optimadevelopers.com/structural-consultancy/index.html,Small-mid,Uses latest structural software per source
L0656,B,SME - direct,62,KDN Automobiles (Hero MotoCorp),Automobile Dealership,Two-wheeler dealer (Hero),Una Pani Road,Owner / Admin,,,,https://dealers.heromotocorp.com/,Billing desktops; showroom + workshop CCTV; networking + guest Wi-Fi; digital signage; AMC,Showroom + service,Hero 2W dealer,Existence-verified (contact pending),"Moti Raghewji Compound, Lal Darwaja, Una Pani Road, Surat 395003",Brand dealer site,https://dealers.heromotocorp.com/k-d-n-automobiles-hero-motocorp-two-wheeler-dealer-una-pani-road-surat-33702/Home,Authorized Hero 2W dealer,Hero dealer locator listing
L0657,B,SME - direct,62,Power Bikes (Yamaha),Automobile Dealership,Two-wheeler dealer (Yamaha),Adajan,Owner / Admin,,,,https://www.bikes4sale.in/,Billing desktops; showroom + workshop CCTV; networking + guest Wi-Fi; digital signage; AMC,Showroom + service,Yamaha 2W dealer,Existence-verified (contact pending),"G1 G2 G3 Western Corridor, Near Pramukh Swami Hospital, Adajan Char Rasta, Surat 395009",Aggregator listing,https://www.bikes4sale.in/new-bike-showrooms/dealer/yamaha/gujarat/surat/1516/power-bikes-pvt-ltd,Authorized Yamaha 2W dealer,Power Bikes Pvt Ltd
L0658,B,SME - direct,62,Padmavati Printing Press,BPO/Logistics/Print,Printing Press,"Ring Road / Udhna, Surat",Owner / Purchase,,,,,pre-press design workstations; RIP server; large monitors; networking; CCTV; AMC,Offset printing + sheetfed machine dealership,Authorized dealer of sheetfed offset machines (capex-active),Existence-verified (contact pending),"No.33/1-2, Jairam Kalidas Wadi, Opp Ganesh Dyeing Mill, Behind Subjail, Ring Road, Surat - 395001",IndiaMART,https://www.indiamart.com/company/29950827/,SME,Offset printing + sheetfed offset machine retail dealer; Ring Road Surat
L0659,B,SME - direct,62,Plactive Group,BPO/Logistics/Print,BPO/Call Center,Surat,Operations Manager,,,,https://www.indiamart.com/plaptive-group/bpo-services.html,bulk desktops + headsets; servers; networking + firewall; CCTV; AMC,New seats / client wins,BPO + call center service provider,Existence-verified (contact pending),,IndiaMART,https://www.indiamart.com/plaptive-group/bpo-services.html,SME,"BPO and call center services provider, Surat"
L0661,B,SME - direct,62,Smit Diamonds (Greenlab founders),Diamond & Bourse,Lab-grown (CVD) diamond manufacturer,Surat,Owner/Partner or IT head,,,,,CVD process workstations; managed networking; CCTV + access control; servers + NAS; AMC,Part of fast-growing LGD wave,Rapid LGD sector growth,Existence-verified (contact pending),"Surat, Gujarat",National Jeweler article,https://nationaljeweler.com/articles/12769-indian-lab-grown-diamond-manufacturers-keep-growing,CVD lab-grown maker (Smit & Sanket Patel of Greenlab),Surat CVD lab-grown segment; affiliated with Greenlab founders
L0662,B,SME - direct,62,Mirae Asset Sharekhan (K M Jhaveri) - Kanpith,Finance & Professional,Stock / commodity broker (sub-broker),Kanpith,Admin,,,,https://stockbroker-branch.sharekhan.com/,multi-seat desktops + dealing terminals; data server + NAS backup; networking/firewall; CCTV; UPS; AMC,Franchise broking office; trading-tech,Sharekhan authorised partner,Existence-verified (contact pending),"No 9/1651 & 1794, Opposite Lal Gate, Kanpith, Surat",Company site,https://stockbroker-branch.sharekhan.com/sharekhan-k-m-jhaveri-stock-broker-kanpith-surat-9221/Home,Authorised partner/sub-broker office,"Sharekhan branch, Kanpith"
L0663,B,SME - direct,62,Motilal Oswal (Dhruvesh Mehta) - Machiwad,Finance & Professional,Stock / commodity broker (sub-broker),Machiwad,Admin,,,,https://stockbroker.motilaloswal.com/,multi-seat desktops + dealing terminals; data server + NAS backup; networking/firewall; CCTV; UPS; AMC,Franchise broking office; trading-tech,Motilal Oswal authorised branch,Existence-verified (contact pending),"UG-5, Highfield Ascot, VIP Road, Machiwad, Surat",Company site,https://stockbroker.motilaloswal.com/motilal-oswal-financial-services-limited-dhruvesh-mehta-stock-broker-machiwad-surat-121153/Home,Authorised broker franchise office,"Motilal Oswal branch, Machiwad"
L0664,B,SME - direct,62,Pradip Dave & Associates,Finance & Professional,CS / Corporate compliance,Surat,Partner,,,,https://cspradipdave.com/about-us,multi-seat desktops; data server + NAS backup; firewall; CCTV; UPS; AMC,Secretarial/compliance for listed & unlisted cos,SEBI/startup services expansion,Existence-verified (contact pending),,Company site,https://cspradipdave.com/about-us,Practicing Company Secretaries firm,"Secretarial, compliance, SEBI, startup services"
L0665,B,SME - direct,62,Avadh Family Restaurant,Food & Hospitality SME,Restaurant (North Indian),Varachha Road,Owner/Manager,,,,,POS/billing PCs; KOT printers; CCTV; Wi-Fi; AMC,Established family restaurant,Varachha Road commercial belt,Existence-verified (contact pending),"Opposite Dhana Mill, Varachha Road, Surat",JustDial,https://www.justdial.com/Surat/Avadh-Family-Restaurant-Opposite-Dhana-Mill-Varachha-Road/0261PX261-X261-150313184947-V8S6_BZDET,Small-medium (family restaurant),Phone behind JustDial Show Number; Varachha Rd
L0667,B,SME - direct,62,Shree Khodiyar Kathiyawadi Dhaba,Food & Hospitality SME,Dhaba / Restaurant (Kathiyawadi),Vesu,Owner,,,,,POS/billing PCs; KOT printers; CCTV; Wi-Fi; AMC,Kathiyawadi dhaba in prime Vesu,VIP Road footfall,Existence-verified (contact pending),"White House, Shop 106 to 109, VIP Road, Vesu, Surat",magicpin,https://magicpin.in/Surat/Vesu/Restaurant/Shree-Khodiyar-Kathiyawadi-Dhaba/store/251161/,Small-medium (Kathiyawadi/North Indian dhaba),Phone not in snippet; verify via JustDial/Zomato
L0676,B,SME - direct,62,Greenland Resort,Hospitality & Real Estate,Resort,Palsana,Owner / Admin,,,,https://weddingz.in/surat/greenland-resort-palsana/,Front-desk PCs; guest Wi-Fi + networking; CCTV; banquet AV; AMC,Wedding/events resort,Event-season demand,Existence-verified (contact pending),"Next to Sanskar Vidhya Sankul, Palsana-Baleshwar Rd, Palsana, Surat",Wedding venue portal,https://weddingz.in/surat/greenland-resort-palsana/,Resort with wedding lawns/halls,Allows mandap/hawan; events-driven venue
L0677,B,SME - direct,62,Imperial Square Mall,Hospitality & Real Estate,Shopping mall,Surat,Admin / Mall IT Manager,,,,https://www.holidify.com/pages/malls-in-surat-1878.html,Mall management PCs; visitor Wi-Fi + networking; CCTV/access control; AMC,Established mall,Retail footfall,Existence-verified (contact pending),Surat,Travel guide,https://www.holidify.com/pages/malls-in-surat-1878.html,Mall,Listed among Surat malls
L0678,B,SME - direct,62,Iscon Mall Surat,Hospitality & Real Estate,Shopping mall,Surat,Admin / Mall IT Manager,,,,https://www.holidify.com/pages/malls-in-surat-1878.html,Mall management PCs; visitor Wi-Fi + networking; CCTV/access control; AMC,Established mall,Retail footfall,Existence-verified (contact pending),Surat,Travel guide,https://www.holidify.com/pages/malls-in-surat-1878.html,Mall,Listed among Surat malls
L0679,B,SME - direct,62,Synthesis Group,Hospitality & Real Estate,Real estate developer / Builder,Surat,Director / Purchase,,,,https://www.99acres.com/builders-in-surat-bffid,Site CCTV; sales-gallery & office PCs; networking; server/NAS; AMC,Active project pipeline,Growing developer,Existence-verified (contact pending),Surat,Real estate portal,https://www.99acres.com/builders-in-surat-bffid,Developer,Listed Surat builder on 99acres
L0680,B,SME - direct,62,The Country Club Surat,Hospitality & Real Estate,Club / Banquet venue,Adajan,Admin / Owner,,,,https://www.countryclubmail.com/,Front-desk PCs; guest Wi-Fi + networking; CCTV; banquet AV; AMC,Club with event halls + lawns,Membership/events venue,Existence-verified (contact pending),"623-624, Mahadevbhai Desai Road, Next to Pramukh Swami Hospital, Adajan, Surat",Venue portal,https://www.venuelook.com/surat/resorts,Club + banquet halls,Family/celebration venue in Adajan
L0681,B,SME - direct,62,Veneziano Mall,Hospitality & Real Estate,Shopping mall,Vesu,Admin / Mall IT Manager,,,,https://www.holidify.com/pages/malls-in-surat-1878.html,Mall management PCs; visitor Wi-Fi + networking; CCTV/access control; AMC,Mall in upscale Vesu,Vesu growth corridor,Existence-verified (contact pending),"Vesu, Surat",Travel guide,https://www.holidify.com/pages/malls-in-surat-1878.html,Mall,Located in upscale Vesu
L0685,B,SME - direct,62,White Orange Software,IT & Software,"Software development (MERN, Flutter, UI/UX)","Varachha, Surat",Founder/Director,,,,https://whiteorangesoftware.com/,Developer workstations; small server/NAS; firewall + switches + Wi-Fi; CCTV; AMC,Founded 2014; rapidly growing; MERN/Flutter focus,Described as rapidly growing dev firm,Existence-verified (contact pending),"2nd Floor, Manikunj Building, L.H. Road, Varachha, Surat 395006",Company website + listicle,https://whiteorangesoftware.com/,Small-Medium (est. 2014),Phone/email not seen on source; address confirmed
L0686,B,SME - direct,62,Khushalbhai Jewellers,Jewellery,Jewellery retailer/showroom,Surat,Owner/Director,,,,https://www.khushalbhaijewellers.com/,high-density CCTV + access control (critical); POS/billing PCs; networking + Wi-Fi; AMC,Online + retail presence,Established jeweller,Existence-verified (contact pending),"Surat, Gujarat",company_website,https://www.khushalbhaijewellers.com/,Small-medium (retail showroom),Distinct from D Khushalbhai Jewellers
L0687,B,SME - direct,62,Nathdhwar Diamonds,Jewellery,Diamond/gold ornament dealer-manufacturer,Mahidharpura,Owner/Director,,,,,high-density CCTV + access control (critical); CAD workstations; networking + Wi-Fi; server/NAS; AMC,Mahidharpura diamond market wholesale,Diamond cluster location,Existence-verified (contact pending),"202, Mahidharpura, Surat",directory,https://www.justdial.com/Surat/Gold-Jewellery-Wholesalers-in-Mahidharpura/nct-10931221,Small-medium (diamond + gold ornament dealer),
L0688,B,SME - direct,62,Satva Gold,Jewellery,Gold jewellery retailer (online + Surat),Surat,Owner/Director,,,,https://www.satvagold.com/,high-density CCTV + access control (critical); POS/billing PCs; networking + Wi-Fi; AMC,Online gold shopping for Surat market,E-commerce + retail growth,Existence-verified (contact pending),"Surat, Gujarat",company_website,https://www.satvagold.com/surat/,Small-medium (gold jewellery retailer),
L0690,B,SME - direct,62,Lepdo (Lepdo LLC),Lab-Grown Diamond,CVD & HPHT diamond retailer / exporter,Mota Varachha / Mini Bazar,Owner/Director,,,,https://www.lepdollc.com/,GPU workstation for planning/grading; rack server + NAS; CCTV + access control; managed switches + Wi-Fi; AMC,"Trader-retailer of CVD/HPHT lab-grown diamonds; custom sizes, wholesale + export",Two locations; growing export/retail,Existence-verified (contact pending),No 1212 Pragati IT Park Building B Opp AR Mall Utran Mota Varachha Surat 394105; also 8th Floor Office 807 Rajhans Heights Near Choksi Bazar Mini Bazar Varachha 395006,Company website,https://www.lepdollc.com/profile.html,Small-medium - CVD/HPHT LGD retailer/exporter,Phone/email not visible on source
L0691,B,SME - direct,62,Vala Brothers,Lab-Grown Diamond,CVD & HPHT diamond manufacturer / exporter,Mahidharpura,Owner/Director,,,,https://www.valabrothers.in/,GPU workstation for planning/grading; rack server + NAS; CCTV + access control; managed switches + Wi-Fi; AMC,Manufacturer/exporter of all LGD types since 2012; CVD + HPHT,Established 2012; steady export growth,Existence-verified (contact pending),6/1766 2nd Floor Sainath Building G Gundis Sheri Mahidharpura Surat,Company website,https://www.valabrothers.in/,Small-medium - all-types LGD manufacturer/exporter since 2012,GST 24ABYPV2441F1ZB; phone/email not visible
L0692,B,SME - direct,62,Aradhana Mobile Accessories & Repairing,Local Retail SME,Mobile Accessories,Varachha Road,,,,,https://www.justdial.com/Surat/A-To-Z-Mobile-Accessories-Repairing-Opposite-Khand-Bazar-Varachha-Road/0261PX261-X261-180103190849-M1M5_BZDET,POS/billing desktop; CCTV; Wi-Fi; AMC,Repair+accessories; CCTV for small items,"4.9 rating, near HDFC Bank",Existence-verified (contact pending),"Shop 6, Harekrishna Complex, Khodiyal Nagar, Varachha Road, Surat 395006",Directory (JustDial),https://www.justdial.com/Surat/A-To-Z-Mobile-Accessories-Repairing-Opposite-Khand-Bazar-Varachha-Road/0261PX261-X261-180103190849-M1M5_BZDET,"Single store, owner-run",Address verified; number pending (JustDial proxy)
L0697,B,SME - direct,62,Aj Films,Media/Video/Photo,Wedding photography & cinematography,Surat,Owner/Founder,,,,,GPU editing rigs; cinematic video storage/NAS; color-grading; backup; AMC,Cinematic wedding film volume,Popular Surat wedding photo & cinema brand,Existence-verified (contact pending),"Surat, Gujarat",WedMeGood profile,https://www.wedmegood.com/profile/Aj-Films-Surat-2337754,SME,"Candid, wedding films, traditional, pre-wedding; blend traditional + contemporary"
L0698,B,SME - direct,62,Fpoint7 Media Production,Media/Video/Photo,Photography & film production,Surat,Owner/Founder,,,,https://www.fpoint7.com/,Color-accurate workstations; fast storage/NAS; backup; AMC,Wedding + jewellery + event shoot volume,"Wedding, pre-wedding + jewellery photography",Existence-verified (contact pending),"Surat, Gujarat",Company website,https://www.fpoint7.com/jewellery-photography-surat-india,SME; multi-segment,Wedding/pre-wedding + jewellery & event photography; Surat (Diamond City)
L0699,B,SME - direct,62,Maya Mediaworks,Media/Video/Photo,Video / motion graphics / advertising,Pal Gam,Owner/Creative Director,,,,https://www.mayamediaworks.com/,GPU workstations for 2D-3D/motion graphics; render storage; NAS; AMC,2D-3D animation & motion graphics demand,Founded 2021; creative video + animation focus,Existence-verified (contact pending),"Shop No.412-A, The Galleria, Opp Pal RTO, Near Sanjivkumar Auditorium, Pal Gam, Surat-395009",Company website,https://www.mayamediaworks.com/,Est. 2021; SME,"2D-3D animation, motion graphic, logo animation; advertising agency"
L0700,B,SME - direct,62,Verona Film City,Media/Video/Photo,Film city / shoot location & studio,Lingad,Owner/Manager,,,,,Networking/CCTV for sets; NAS for shoot media; editing rigs; AMC,Pre-wedding/film shoot demand; 35+ sets,"Large film city; 35+ sets, 45+ backdrops",Existence-verified (contact pending),"Lingad, Surat",JustDial listing,https://www.justdial.com/Surat/Verona-Film-City-Lingad/0261PX261-X261-230205072544-U3Y5_BZDET,35+ sets; 45+ backdrops,Film city with 35+ sets & 45+ backdrops; pre-wedding & film shoots
L0702,B,SME - direct,62,Delphic Overseas,Professional Services SME,Immigration / visa & IELTS,Surat,,,,,http://www.delphicoverseas.com/,desktops/laptops; NAS backup; CCTV; networking + Wi-Fi; UPS; AMC,Visa + IELTS coaching volume,Canada/Australia/USA/NZ/Europe PR + coaching,Existence-verified (contact pending),,Company website,http://www.delphicoverseas.com/,Small/medium consultancy,Visa + IELTS coaching; multi-country PR
L0705,B,SME - direct,62,Sipani Advisors,Professional Services SME,Accounting & bookkeeping,Surat,,,,,https://sipaniadvisors.com/loan-financial-services-in-surat/accounting-bookkeeping-services-in-surat/,desktops/workstations; server + NAS backup; networking; UPS; AMC,MSME/startup bookkeeping; GST/TDS compliance,Serving startups + MSMEs - scaling,Existence-verified (contact pending),,Company website,https://sipaniadvisors.com/loan-financial-services-in-surat/accounting-bookkeeping-services-in-surat/,Small advisory firm,Accounting/bookkeeping for startups & MSMEs - recurring data work
L0709,B,SME - direct,62,Adinath Furniture Mall,Retail & Supermarket,Furniture & home retail,Surat,Owner / Store Manager,,,,,bulk POS/billing desktops; loss-prevention CCTV; per-store networking + Wi-Fi; AMC,Established 30+ years; growth ambition stated,Local furniture retailer with expansion vision,Existence-verified (contact pending),"Surat (large furniture store, 30+ yrs)",threebestrated listing,https://threebestrated.in/furniture-stores-in-surat-gj,Aims to be Surat's biggest furniture provider; 30+ yrs,Long-established; aims to be Surat's biggest - growth signal; verify contact
L0712,B,SME - direct,62,Jetaa Engineering And Technology,SME Manufacturing & Jobwork,VMC machine job work,"Udhana Udhyognagar, Surat",,,,,,design/CAM PCs; shop-floor CCTV; networking; biometric attendance; AMC,VMC job-work capacity build,Industrial estate location,Existence-verified (contact pending),"Plot No. B/15/12 Paiki B Ground Floor, Udhana Udhyognagar, Surat - 394210",IndiaMART,https://www.indiamart.com/proddetail/vmc-machine-job-work-services-15946415348.html,Small VMC job-work unit,VMC machine job work services at reasonable price
L0713,B,SME - direct,62,Mahavir Namkeens Private Limited,SME Manufacturing & Jobwork,Namkeen / snack food manufacturing,Surat,,,,,https://www.indiamart.com/mahavir-namkeens-pvtltd/profile.html,billing/ERP PCs; shop-floor CCTV; networking + Wi-Fi; biometric attendance; AMC,Namkeen production + processing capacity,Pvt Ltd food processor; unique namkeen range,Existence-verified (contact pending),"Surat, Gujarat",IndiaMART,https://www.indiamart.com/mahavir-namkeens-pvtltd/profile.html,Small-medium Pvt Ltd namkeen unit,"Mix farsan namkeen, namkeen snacks"
L0714,B,SME - direct,62,Sun Packaging,SME Manufacturing & Jobwork,Non woven & shopping bags,"Katargam, Surat",,,,,,billing PC; shop-floor CCTV; networking + Wi-Fi; biometric attendance; AMC,Non-woven + printed bag production,Operating since 2000; established base,Existence-verified (contact pending),"Ved Road, Katargam, Surat, Gujarat (since 2000)",IndiaMART,https://www.indiamart.com/sun-packaging-surat/,"Since 2000, small-medium; GST 24AXGPD8598M1ZT","Non woven bags, printed non woven bags, shopping bags"
L0716,B,SME - direct,62,Bhagyarekha Engineers Pvt Ltd,Textile Manufacturing,Textile machinery (dyeing),Sachin GIDC,Owner/Director or Admin manager,,,,https://www.devrekha.com/,ERP servers; CAD/design & billing PCs; CCTV; networking + Wi-Fi; biometric attendance; AMC,Machinery manufacturer; pressure-vessel + dyeing lines,Dyeing machine + vessel production,Existence-verified (contact pending),"A-2, 6/102, GIDC Sachin, Sachin, Surat 394230",Company website,https://www.devrekha.com/,"Mid: mfr of dyeing machines, jet dyeing, air receiver tanks, heat exchangers",Dyeing machine + vessel maker; design/shop-floor IT/CCTV need
L0717,B,SME - direct,62,Hariom Zarilon Pvt Ltd,Textile Manufacturing,Zari / Synthetic textile (EPC member),Pandesara,Owner/Director or Admin manager,,,,http://www.txcindia.gov.in/html/Consolidated%20list%20of%20EPC%20member%20units%20yet%20to%20submit%20returns%20online.pdf,ERP/Tally servers; billing PCs; CCTV; networking + Wi-Fi; biometric attendance; AMC,EPC member exporter; zari/textile production,EPC-registered exporter,Existence-verified (contact pending),"550-551, GIDC, Pandesara, Surat 394221",Govt EPC member list,http://www.txcindia.gov.in/html/Consolidated%20list%20of%20EPC%20member%20units%20yet%20to%20submit%20returns%20online.pdf,"Mid: zari/textile export unit, GIDC Pandesara",Govt EPC-listed zari/textile unit in Pandesara
L0718,B,SME - direct,62,Indo Asia Machines Pvt Ltd,Textile Manufacturing,Textile machinery (embroidery/weaving),Surat,Owner/Director or Admin manager,,,,https://www.textileinfomedia.com/INDO-ASIA-MACHINES-PVT-LTD,ERP servers; CAD/design & billing PCs; CCTV; networking + Wi-Fi; biometric attendance; AMC,Multi-category textile machinery supplier,Embroidery + weaving + printing lines,Existence-verified (contact pending),"Surat, Gujarat",TextileInfomedia directory,https://www.textileinfomedia.com/INDO-ASIA-MACHINES-PVT-LTD,"Mid: est. 2007; mfr/supplier of embroidery, printing, weaving machines",Machinery maker/supplier; design/showroom IT/CCTV scope
L0719,B,SME - direct,62,Luthra Dyeing & Printing Mills,Textile Manufacturing,Dyeing & Printing (processing house),Pandesara,Owner/Director or Admin manager,,,,https://www.exportersindia.com/luthra-dyeing-3761061/,ERP/Tally servers; billing PCs; CCTV; networking + Wi-Fi; biometric attendance; AMC,Operating dyeing/printing in Pandesara,Processing operations,Existence-verified (contact pending),"Pandesara, Surat, Gujarat",ExportersIndia,https://www.exportersindia.com/luthra-dyeing-3761061/,Small-mid: fabrics & dyeing,Pandesara processing unit; standard IT/CCTV scope
L0720,B,SME - direct,62,Om Satya Exim Pvt Ltd,Textile Manufacturing,Textile machinery (embroidery),Surat,Owner/Director or Admin manager,,,,https://www.indiamart.com/omsatyaexim/,ERP servers; CAD/design & billing PCs; CCTV; networking + Wi-Fi; biometric attendance; AMC,Embroidery + knitting machinery manufacturer,Computerized machine production,Existence-verified (contact pending),"Annpurna Textile Market, Surat, Gujarat",IndiaMART,https://www.indiamart.com/omsatyaexim/,"Mid: est. 1996; mfr of computerized embroidery, jacquard + flat knitting machines",Embroidery machinery maker; design + showroom IT/CCTV need
L0721,B,SME - direct,62,Rajashwi Fashion Hub,Textile Manufacturing,Embroidery (Schiffli) + Digital print,Surat,Owner/Director,,,,https://www.rajashwifashionhub.com/,ERP/Tally servers; design & billing PCs; CCTV; networking + Wi-Fi; biometric attendance; AMC,Newer firm (2020); digital print + embroidery growth,Digital printing + embroidery scale-up,Existence-verified (contact pending),"Surat, Gujarat",Company website,https://www.rajashwifashionhub.com/,Small-mid: est. 2020; Schiffli + digital printed fabric manufacturer/exporter,Growing 2020-founded embroidery+print firm; modernization opportunity
L0722,B,SME - direct,62,Sapru Machines Pvt Ltd,Textile Manufacturing,Textile machinery (uptwisters/yarn),Surat,Owner/Director or Admin manager,,,,http://www.saprumachines.com/,ERP servers; CAD/design & billing PCs; CCTV; networking + Wi-Fi; biometric attendance; AMC,Machinery manufacturer/exporter,Uptwister machinery production,Existence-verified (contact pending),"Surat, Gujarat",Company website,http://www.saprumachines.com/,Mid: mfr/exporter of textile machinery incl. uptwisters,Yarn machinery maker; design + shop-floor IT/CCTV need
L0723,B,SME - direct,62,Sumeet Industries (Saanika Polytex DTY),Textile Manufacturing,Yarn / Texturising (DTY),Surat,Owner/Director or Admin manager,,,,https://www.saanikapolytex.co.in/polyester-yarn.html,ERP servers; plant & billing PCs; CCTV; networking + Wi-Fi; biometric attendance; AMC,Texturising yarn production capacity,DTY production line,Existence-verified (contact pending),Surat (Polyester Draw Textured Yarn),Company website,https://www.saanikapolytex.co.in/polyester-yarn.html,Mid: polyester draw textured yarn manufacturer,Saanika Polytex DTY brand; yarn plant IT/CCTV need
L0724,B,SME - direct,62,Ekta Creation,Textile Trade & Design,Saree wholesaler,Ring Road,Owner / Partner,,,,,bulk billing/POS desktops; CCTV; networking + Wi-Fi; AMC,Wholesale digitization,Active IndiaMART wholesaler,Existence-verified (contact pending),"Ring Road, Surat, Gujarat",B2B marketplace,https://www.indiamart.com/ekta-creation-surat/,Wholesaler of ladies/Indian sarees,"Ladies saree, Indian saree wholesaler"
L0725,B,SME - direct,62,Sitaram Sarees,Textile Trade & Design,Saree manufacturer,Ring Road,Owner / Partner,,,,,bulk billing/POS desktops; CCTV; networking + Wi-Fi; AMC,Wholesale digitization,Bollywood/fancy saree manufacturer,Existence-verified (contact pending),"Ring Road, Surat",B2B marketplace,https://www.indiamart.com/sitaramsarees/,Bollywood/fancy saree manufacturer,Distinct from Sitaram Creation; Bollywood fancy sarees
L0727,B,SME - direct,62,Dental Care Clinic,Wellness & Clinics SME,Dental clinic,Adajan,,,,,,reception/billing PCs; CCTV; biometric access; Wi-Fi + networking; AMC,"Established clinic, premium location may upgrade",Premium Adajan location,Existence-verified (contact pending),"204, Piramyd Square, Above Tanishq Show Room, Opp Indian Oil Petrol Pump, L. P. Savani Road, Adajan, Surat 395009",JustDial,https://www.justdial.com/Surat/Dental-Care-Clinic-Above-Tanisq-Show-Room-Oppo-Indian-Oil-Petrol-Pump-Adajan-Dn/0261PX261-X261-131204172515-D7E5_BZDET,Small owner-run clinic; 4.9 rating 71 reviews,Phone behind JustDial Show Number; verify on listing
L0735,B,SME - direct,61,Social 101,IT & Software,Digital marketing / branding agency,"Althan, Surat",Founder/Director,+91 88795 63616,https://wa.me/918879563616,,https://social101.in/,Designer/creative workstations; NAS for media; firewall + switches + Wi-Fi; CCTV; AMC,Full-service digital + branding + video marketing,Video/creative production = high-spec + storage need,Contact found,"607, Titanium Business Hub, Althan, Surat, Gujarat",Company website (about page),https://social101.in/about/,Small-Medium,Phone captured; media workloads favor strong PCs + NAS; alt source: https://iide.co/blog/digital-marketing-agencies-in-surat/
L0738,B,SME - direct,61,Nayani Brothers,Lab-Grown Diamond,LGD manufacturer,Surat,Owner/Director,+91 71022 11021,https://wa.me/917102211021,,,GPU workstation for planning/grading; rack server + NAS; CCTV + access control; managed switches + Wi-Fi; AMC,"Manufacturer of lab-grown, loose, oval, rose-cut and rustic diamonds in Surat",Active LGD manufacturer; sector growth,Contact found,"Surat, Gujarat (street address not visible on source)",IndiaMART listing,https://www.indiamart.com/company/26103062/,Small-medium - LGD + loose/oval/rose-cut diamond manufacturer,Phone partially formatted on source; treat as tentative
L0741,B,SME - direct,61,Ideaslab,Professional Services SME,Digital marketing / design studio,New City Light,,9033086917,https://wa.me/919033086917,,,desktops/workstations; NAS backup; networking + Wi-Fi; UPS; AMC,Design + campaign volume,Creative studio New City Light,Contact found,"409, The Lenora, besides Naveli Hospital, New City Light Road, Surat",Directory/blog listing,https://www.kerplunkmedia.com/top-20-digital-marketing-company-in-surat,Small studio,Digital marketing + design studio New City Light Rd
L0742,B,SME - direct,61,Monkey Ads & Studios,Professional Services SME,Digital marketing / ad studio,Piplod,,9825242242,https://wa.me/919825242242,,,desktops/workstations; NAS backup; networking + Wi-Fi; UPS; AMC,Ad + creative campaign volume,Creative ad studio Piplod,Contact found,"A-607, Swastik Universal, Besides Surat-Dumas Rd, Opp Rahul Raj Mall, Piplod, Surat 395007",Directory/blog listing,https://www.brewmyidea.com/top-20-social-media-marketing-agencies-in-surat,Small studio,Ads + creative studio Piplod
L0730,B,SME - direct,61,AFIV Data Outsourcing,BPO/Logistics/Print,Data Entry,Surat,Operations Manager / Owner,,,,https://www.indiamart.com/afiv-data-outsourcing/,data-entry workstations; scanning/imaging PCs; server; networking; CCTV; AMC,Document scanning/indexing + data conversion contracts,"Growing since 2019, 50+ employees",Existence-verified (contact pending),,IndiaMART,https://www.indiamart.com/afiv-data-outsourcing/,"SME (50+ staff, est. 2019)","Data entry, data conversion, image scanning & indexing, BPO services"
L0731,B,SME - direct,61,Banthia Venture Private Limited,Finance & Professional,Financial advisory,Surat,Director,,,,https://banthiaconsultancy.com/,multi-seat desktops; data server + NAS backup; firewall; CCTV; UPS; AMC,Statutory compliance & corporate finance services,New company (2019) scaling,Existence-verified (contact pending),,Company registry,https://www.thecompanycheck.com/company/banthia-venture-private-limited/U74999GJ2019PTC108790,"Pvt Ltd, incorporated 2019","Directors Sunita & Gautam Banthia; tax, IP, corporate finance"
L0732,B,SME - direct,61,Nanty Shah & Associates,Finance & Professional,Cost accountant (CMA),Surat,Proprietor,,,,http://www.cmansa.com,multi-seat desktops; data server + NAS backup; firewall; CCTV; UPS; AMC,Cost audit/GST audit workload; digitization,Expanding audit & consultancy lines,Existence-verified (contact pending),,Company site,http://www.cmansa.com,"CMA firm, formed 2012","CMA Nanty Shah; cost audit, GST audit, internal audit"
L0733,B,SME - direct,61,Tax Doctors,Finance & Professional,Tax / GST consultant,Surat,Proprietor,,,,https://taxdoctors-surat.com/,multi-seat desktops; Tally/data server + NAS backup; firewall; CCTV; UPS; AMC,GST/ITR filing volume; digitization,Dedicated business-centre office,Existence-verified (contact pending),"Costart Solarium Business Centre, 411-412, Surat-395007",Company site,https://taxdoctors-surat.com/,Tax/GST consultancy office,GST & income tax services
L0734,B,SME - direct,61,Bigscal Technologies,IT & Software,Custom software development,Surat,Founder/Director or HR/IT Head,,,,https://www.bigscal.com/,Dev workstations; server + NAS; firewall + switches + Wi-Fi; CCTV; AMC,Custom software solutions; appears in Surat Adajan job listings,Hiring in Surat (Adajan) per Indeed,Existence-verified (contact pending),"Surat, Gujarat",Company website + Indeed (Surat jobs),https://www.bigscal.com/,Small-Medium,Surfaced via Surat-Adajan hiring; confirm exact address/contact
L0736,B,SME - direct,61,C6 Diamonds,Lab-Grown Diamond,LGD jewelry manufacturer / exporter,Surat,Owner/Director,,,,https://c6diamonds.com/,GPU workstation for planning/grading; rack server + NAS; CCTV + access control; managed switches + Wi-Fi; AMC,IGI-certified lab-grown (CVD) diamond jewelry maker/exporter from Surat,Export-oriented LGD jewelry; sector growth,Existence-verified (contact pending),"Surat, Gujarat (street address not visible on source)",Company website,https://c6diamonds.com/contact-us,Small-medium - IGI-certified CVD jewelry from Surat,Phone/email not visible on source
L0737,B,SME - direct,61,JWelDim,Lab-Grown Diamond,CVD & HPHT diamond manufacturer,Surat,Owner/Director,,,,https://www.jweldim.in/,GPU workstation for planning/grading; rack server + NAS; CCTV + access control; managed switches + Wi-Fi; AMC,Manufacturer of CVD and HPHT lab-grown diamonds from Surat,Active CVD/HPHT manufacturer; sector growth,Existence-verified (contact pending),"Surat, Gujarat (street address not visible on source)",Company website,https://www.jweldim.in/cvd-and-hpht-lab-grown-diamond.html,Small-medium - CVD/HPHT lab-grown diamond manufacturer,Phone/email/full address not visible on source
L0739,B,SME - direct,61,Vraj Diamond,Lab-Grown Diamond,LGD manufacturer / jewelry,Surat,Owner/Director,,,,https://vrajdiamond.com/,GPU workstation for planning/grading; rack server + NAS; CCTV + access control; managed switches + Wi-Fi; AMC,Surat-based LGD and fine jewelry manufacturer; multiple fancy shapes,Active LGD manufacturer; sector growth,Existence-verified (contact pending),"Surat, Gujarat (street address not visible on source)",Company website,https://vrajdiamond.com/,Small-medium - LGD + fine jewelry manufacturer,Address/phone/email not visible on source; alt source: https://www.indiamart.com/vrajdiamond/profile.html
L0740,B,SME - direct,61,Kenit Patel Photography,Media/Video/Photo,Product/ecommerce photography studio,Vesu,Owner/Founder (Kenit Patel),,,,https://kenitpatel.com/product-photography-surat,Color-accurate workstations; fast storage for high-res product images; NAS; backup,Marketplace-ready ecommerce shoot volume (Amazon/Flipkart/Myntra/Meesho),"Trusted by 100+ Surat sellers, textile & jewellers",Existence-verified (contact pending),"Studio in Vesu, Surat",Company website,https://kenitpatel.com/,SME; 100+ sellers served,"Ecommerce, jewellery, saree/garment product photography; walk-in studio Vesu"
L0761,B,SME - direct,60,Tea Post (Pal franchisee outlet),Food & Hospitality SME,Tea Cafe,Pal,Outlet Owner (franchisee),9913011146,https://wa.me/919913011146,,tea_post_surat_pal (IG),POS/billing PCs; KOT printers; CCTV; Wi-Fi; AMC,Owner-run desi-tea cafe outlet,Local franchisee expansion in Surat,Contact found,"Near Baghban Circle, Pal-Gaurav Path Road, Surat",Instagram,https://www.instagram.com/tea_post_surat_pal/,Small (single owner-run franchise outlet),Mobile via IG bio; franchisee-run (not corporate) outlet
L0777,B,SME - direct,60,Kyros Solution,IT & Software,Branding / digital marketing agency,"Vesu, Surat",Founder/Director or HR/Admin,+91 95126 08708,https://wa.me/919512608708,hr@kyrossolution.com,https://kyrossolution.com/,Creative workstations; NAS for media; firewall + switches + Wi-Fi; CCTV; AMC,Branding + social media marketing specialist,Vesu business hub; growing client base,Contact found,"306, Western Business Park, Vesu, Surat 395007",Company website,https://kyrossolution.com/,Small-Medium,Phone + email captured; creative team = higher-spec PCs
L0795,B,SME - direct,60,BizBuddy,Professional Services SME,Digital marketing agency,Adajan,Bhavin (contact - email),,,bhavin@bizbuddy.co.in,,desktops/workstations; NAS backup; networking + Wi-Fi; UPS; AMC,Campaign volume; client growth,Digital marketing agency Adajan,Contact found,"303, Shantinath Apartment, behind Gujarat Gas Company, Adajan, Surat 395009",Directory/blog listing,https://www.brewmyidea.com/top-20-social-media-marketing-agencies-in-surat,Small agency,Digital marketing agency Adajan; email contact
L0798,B,SME - direct,60,Flyerdigi,Professional Services SME,Graphic design / digital studio,Yogi Chowk,,9104799049,https://wa.me/919104799049,,https://www.flyerdigi.com/,desktops/workstations; NAS backup; networking + Wi-Fi; UPS; AMC,Graphic design + campaign volume,Design + digital services,Contact found,"708, Pavitraa Point, Nr Savaliya Circle, Yogi Chowk Rd, Surat",Company website,https://www.flyerdigi.com/graphic-design-service.php,Small studio,Graphic design + digital marketing studio Yogi Chowk
L0802,B,SME - direct,60,Jairam Plastic Industries,SME Manufacturing & Jobwork,Reprocessed plastic granules (dana),Surat,,+91 8047835295,https://wa.me/918047835295,,,shop-floor CCTV; networking; billing PC; biometric attendance; AMC,Granule reprocessing capacity,Plastic dana manufacturer,Contact found,"Surat, Gujarat",IndiaMART,https://dir.indiamart.com/surat/reprocessed-plastic-granules.html,Small plastics recycler,IndiaMART proxy number; reprocessed plastic granules
L0803,B,SME - direct,60,M. Hussain Textile,SME Manufacturing & Jobwork,Fabric dyeing job work,Surat,,+91 8047763175,https://wa.me/918047763175,,,shop-floor CCTV; networking + Wi-Fi; billing/ERP PC; biometric attendance; AMC,Fabric dyeing job-work capacity,Dyeing services provider,Contact found,"Surat, Gujarat",IndiaMART,https://dir.indiamart.com/surat/fabric-dyeing-services.html,Small dyeing job-work unit,IndiaMART proxy number; fabric dyeing services
L0806,B,SME - direct,60,R.Barot And Company,SME Manufacturing & Jobwork,Laser cutting job work,Surat,,+91 8047646625,https://wa.me/918047646625,,,design/CAM PCs; shop-floor CCTV; networking; biometric attendance; AMC,Laser cutting capacity (Rs 10/sq ft pricing),Job-work laser cutting service,Contact found,"Surat, Gujarat",IndiaMART,https://dir.indiamart.com/impcat/laser-cutting-services.html,Small laser-cutting job shop,IndiaMART proxy number; laser cutting at Rs 10/sq ft
L0807,B,SME - direct,60,Rapid Print Pack,SME Manufacturing & Jobwork,Printed corrugated boxes,Surat,,+91 8047629352,https://wa.me/918047629352,,,billing/ERP PC; shop-floor CCTV; networking; biometric attendance; AMC,Printed corrugated box production,Box printing + manufacturing,Contact found,"Surat, Gujarat",IndiaMART,https://dir.indiamart.com/impcat/offset-printing-boxes.html,Small corrugated-box / print unit,IndiaMART proxy number; printed corrugated boxes Rs 4/piece
L0809,B,SME - direct,60,Swamy Packaging,SME Manufacturing & Jobwork,Flexible packaging / printed pouches,Surat,,+91 8047523179,https://wa.me/918047523179,,,billing PC; shop-floor CCTV; networking; biometric attendance; AMC,Printed pouch production capacity,Rotogravure/flexo pouch maker,Contact found,"Surat, Gujarat",IndiaMART,https://dir.indiamart.com/surat/printed-pouches.html,Small flexible-packaging unit,IndiaMART proxy number; flexible packaging pouches
L0816,B,SME - direct,60,Fitmantra Diet & Weight Loss Clinic,Wellness & Clinics SME,Dietician/weight-loss clinic,City Light,Amanat Kagzi (CEO/Founder),7069130102,https://wa.me/917069130102,,https://www.fitmantra.com/,reception/billing PCs; CCTV; Wi-Fi; AMC,Growing diet clinic w/ team,Team expansion since 2017,Contact found,"303, Unity Corner, Above Pantaloons, City Light Road, Surat 395007",Business website,https://www.fitmantra.com/dietitians-team,Owner-run; est 2017; team of dietitians,Mobile captured
L0819,B,SME - direct,60,Shreeji Eye Hospital,Wellness & Clinics SME,Eye clinic,Majura Gate,,7383561543,https://wa.me/917383561543,,,reception/billing PCs; CCTV; Wi-Fi; NAS; AMC,Eye care equipment,Majura Gate location,Contact found,"Majura Gate, Surat",JustDial,https://www.justdial.com/Surat/Ophthalmologists/nct-10343851,Owner-run eye clinic/small hospital,Mobile captured
L0820,B,SME - direct,60,Trevira Physiotherapy Clinic,Wellness & Clinics SME,Physiotherapy center,Rander Road / Nanavat,Dr. Pavan Bhagwagar (Owner),9712081125,https://wa.me/919712081125,,https://trevira-physiotherapy-clinic.ueniweb.com/,reception/billing PCs; CCTV; Wi-Fi; AMC,Established physio practice,Long-running clinic,Contact found,"10, Disney House Apartment, Opp Shetrunjay Tower, Beside Shalby Hospital, Rander Road, Surat 395009",Business website,https://trevira-physiotherapy-clinic.ueniweb.com/,Owner-run; 16 yrs experience,Mobile captured
L0743,B,SME - direct,60,I-CON Architects & Urban Planners,Architecture & CAD/Engineering,Architecture / Urban planning,Surat,Principal Architect / Partner,,,,https://www.houzz.in/professionals/architects-and-building-designers/i-con-architects-and-urban-planners-pfvwin-pf~311231442,GPU workstations for architecture + urban-planning rendering; dual monitors; NAS; backup; networking; AMC,Architecture + urban planning practice,Urban-planning scope,Existence-verified (contact pending),"Surat, Gujarat",Houzz profile,https://www.houzz.in/professionals/architects-and-building-designers/i-con-architects-and-urban-planners-pfvwin-pf~311231442,Small-mid,Address/phone not visible on source
L0744,B,SME - direct,60,Karka Architectural & Interior Designers,Architecture & CAD/Engineering,Architecture / Interior firm,Adajan,Principal / Owner,,,,http://www.karkagroup.in/,GPU workstations for interior/architecture rendering; dual monitors; NAS; backup; networking; AMC,Established 2018; turnkey residential/commercial interiors,"Relatively new, growing studio",Existence-verified (contact pending),"Shop No 11 Vaishali Row House, Opposite Nishal Arcade, Nr. Nishal Circle, Adajan Dn, Surat 395009",Company website,http://www.karkagroup.in/,Small,Phone not visible on source
L0745,B,SME - direct,60,Prakash Design Studio,Architecture & CAD/Engineering,Interior design studio,Nanpura,Principal / Owner,,,,https://interiorprakash.in/,GPU workstations for interior 3D rendering & furniture design; dual monitors; NAS; backup; networking; AMC,Since 2003 (22 yrs); commercial & residential interiors,Long-running studio,Existence-verified (contact pending),"303, C-Block, 3rd Floor, President Plaza, beside Mahavir Cardiac Hospital, near Old R.T.O., Nanpura, Surat 395001",Houzz profile,https://www.houzz.in/professionals/interior-designers-and-decorators/prakash-design-studio-pfvwin-pf~1865379868,Small-mid,Phone not visible on source
L0746,B,SME - direct,60,PTH Consultancy Services LLP (Pramukh Test House),Architecture & CAD/Engineering,Structural / Geotechnical consultant,Nana Varachha,Director / Principal Engineer,,,,https://www.indiamart.com/pth-consultancy-services/profile.html,"Workstations + servers for structural analysis, geotechnical/material-testing data; NAS; backup; networking; CCTV; AMC","Founded 2016; geotechnical, structural & building-material testing",Newer LLP scaling testing+consultancy,Existence-verified (contact pending),"40/1 Mansukh Nagar, Near Vraj, Nana Varachha, Surat 395003",IndiaMART profile,https://www.indiamart.com/pth-consultancy-services/profile.html,Small-mid,Lab + consultancy; data-storage/CCTV potential
L0747,B,SME - direct,60,Parikh Bikes (Yamaha),Automobile Dealership,Two-wheeler dealer (Yamaha),Parvat Gam,Owner / Admin,,,,,Billing desktops; showroom + workshop CCTV; networking + guest Wi-Fi; digital signage; AMC,Showroom + service,Yamaha 2W dealer,Existence-verified (contact pending),"Puna Godadra Road, Parvat Gam, Shop No-4, Midas Square, Surat",Aggregator listing,https://www.bikewale.com/dealer-showrooms/yamaha/surat/,Authorized Yamaha 2W dealer,Parikh Bikes Pvt Ltd
L0748,B,SME - direct,60,Parth Print Point,BPO/Logistics/Print,Printing Press,"Varachha Road, Surat",Owner / Purchase,,,,https://www.parthprintpoint.co.in/,pre-press design workstations; RIP server; large monitors; networking; CCTV; AMC,Commercial offset printing services,Active commercial printer on Varachha Road,Existence-verified (contact pending),"L.H. Road, Varachha Road, Surat",Company website,https://www.parthprintpoint.co.in/offset-printing-service.htm,SME,"Offset printing service provider, Varachha Road Surat"
L0749,B,SME - direct,60,Specturm Outsourcing,BPO/Logistics/Print,Data Entry,"Varachha Road, Surat",Operations Manager,,,,,bulk desktops; data-entry workstations; server; networking + firewall; CCTV; AMC,24-hour data entry operations,"Established 2013, 3.9 rating, offers 24-hr data entry",Existence-verified (contact pending),"Near Pani Ni Taki, Yogi Chowk, Varachha Road, Surat",JustDial,https://www.justdial.com/Surat/Specturm-Outsourcing-Near-Pani-Ni-Taki-Yogi-Chowk-Varachha-Road/0261PX261-X261-140804160310-X7V5_BZDET,SME (est. 2013),"Online data entry job works, Varachha Road Surat"
L0751,B,SME - direct,60,Aastha Diamond Manufacturing,Diamond/Jewellery/Textile Micro-SME,Diamond cutting/polishing job-work unit,Surat,Mr. Ankit Dhirubhai Kanani (proprietor),,,,indiamart.com/aasthadiamondmanufacturing,CCTV (critical); planning/billing PCs; networking + Wi-Fi; NAS; AMC,Round-cut + GIA-3X polishing jobwork; cutting jobwork,Established proprietor unit; jobwork + trading,Existence-verified (contact pending),"Surat, Gujarat (diamond cutting/polishing job-work)",IndiaMART (search snippet),https://www.indiamart.com/aasthadiamondmanufacturing/job-working.html,Sole proprietorship est 1982 (loose/rough/polished),Phone behind View Mobile; proprietor Ankit Kanani; round-cut + GIA-3X jobwork; est 1982
L0752,B,SME - direct,60,H V Shah & Company,Finance & Professional,CA / Audit firm,Surat,Partner,,,,,multi-seat desktops; Tally/data server + NAS backup; firewall; CCTV; UPS; AMC,Newer firm scaling up post-2017,"Founded 2017, building client base",Existence-verified (contact pending),,Directory,https://www.sulekha.com/chartered-accountants/surat,Est. 2017; full-service accounting/tax/audit,Founder CA Hardik Shah
L0753,B,SME - direct,60,Naik Vaywala & Associates,Finance & Professional,CA / Audit firm,Surat,Partner,,,,https://www.indiamart.com/naik-vaywala-and-associates/,multi-seat desktops; Tally/data server + NAS backup; firewall; CCTV; UPS; AMC,Computerized accounting; digitization,Computerized accounting service line,Existence-verified (contact pending),,IndiaMart,https://www.indiamart.com/naik-vaywala-and-associates/,Accounting/CA services provider,"Accounting, computerized accounting, CA services"
L0754,B,SME - direct,60,U J Shah & Associates,Finance & Professional,CA / Audit firm,Surat,Partner,,,,https://www.indiamart.com/u-j-shah-and-associates/,multi-seat desktops; Tally/data server + NAS backup; firewall; CCTV; UPS; AMC,Audit workload; digitization,Audit + accounting service lines,Existence-verified (contact pending),,IndiaMart,https://www.indiamart.com/u-j-shah-and-associates/,Accounting & audit services provider,"Accounting, audit, CA services"
L0755,B,SME - direct,60,Zawar & Co,Finance & Professional,CA / Audit firm,Nanpura,Partner,,,,,multi-seat desktops; Tally/data server + NAS backup; firewall; CCTV; UPS; AMC,GST audit & IEC/FSSAI compliance work,Growing compliance service lines,Existence-verified (contact pending),"Near Kailash Sweets, Nanpura, Surat",JustDial,https://www.justdial.com/Surat/Zawar-Co-Near-Kailash-Sweets-Nanpura/0261P2629-2629-121118183305-F5H1_BZDET,Est. 2012,"Led by CA Atit Morakhiya; GST, IEC, FSSAI, ITR"
L0756,B,SME - direct,60,Charbhuja Caterers,Food & Hospitality SME,Catering (Wedding/Events),Adajan,Owner,,,,,POS/billing PCs; CCTV at base kitchen; Wi-Fi; AMC,"Wedding/event caterer, scales to 5000 pax",Event-volume growth,Existence-verified (contact pending),"9, Sparsh Bungalow, Near Sent Mark School, B/h Gangeshwar Temple, Adajan, Surat 395009",WedMeGood,https://www.wedmegood.com/profile/Charbhuja-Caterers-446242,"Small-medium (caters 150-5000, veg/Gujarati)",No phone in snippet; verify via WedMeGood/JustDial profile
L0757,B,SME - direct,60,Darshan Restaurant,Food & Hospitality SME,Restaurant (North Indian),Katargam,Owner/Manager,,,,,POS/billing PCs; KOT printers; CCTV; Wi-Fi; AMC,Restaurant near lake garden,Katargam footfall,Existence-verified (contact pending),"Opposite Shyama Prasad Mukherji Lake Garden, Katargam, Surat",JustDial,https://www.justdial.com/Surat/Darshan-Restaurant-Opposite-Shyama-Prasad-Mukherji-Lake-Garden-Katargam/0261PX261-X261-150220105016-J6J3_BZDET,Small-medium (North Indian restaurant),Phone behind JustDial Show Number; Katargam
L0758,B,SME - direct,60,Foodle India,Food & Hospitality SME,Restaurant (Multicuisine),Katargam,Owner/Manager,,,,,POS/billing PCs; KOT printers; CCTV; Wi-Fi; AMC,Multicuisine family restaurant,Katargam demand,Existence-verified (contact pending),"Near Multipurpose Hall, Katargam, Surat",JustDial,https://www.justdial.com/Surat/Foodle-India-Near-Multipurpose-Hall-Katargam/0261PX261-X261-151030181757-X9H4_BZDET,Small-medium (multicuisine restaurant),Phone behind JustDial Show Number; Katargam
L0759,B,SME - direct,60,Gopal Chinese,Food & Hospitality SME,Restaurant (Chinese/Fast Food),Varachha,Owner/Proprietor,,,,,POS/billing PCs; KOT printers; CCTV; Wi-Fi; AMC,Popular Varachha Chinese counter,Second outlet in Nana Varachha = expansion,Existence-verified (contact pending),"Varachha, Surat",Zomato,https://www.zomato.com/surat/gopal-chinese-varachha,"Small (Chinese+fast food, owner-run)",Phone via Zomato page; two Varachha outlets noted
L0760,B,SME - direct,60,Rasta Street Cafe,Food & Hospitality SME,Cafe / Fast Food,Vesu,Owner,,,,,POS/billing PCs; KOT printers; CCTV; Wi-Fi; AMC,Trendy street-style cafe in business hub,VIP Road Vesu footfall,Existence-verified (contact pending),"G-47, Ambrosia Business Hub, VIP Road, Vesu 395007",JustDial,https://www.justdial.com/Surat/Rasta-Street-Cafe-Vesu/0261PX261-X261-220823133959-K9D3_BZDET,Small-medium (street-style cafe),Phone behind JustDial Show Number; Vesu VIP Rd
L0762,B,SME - direct,60,Devchand Engineers Pvt Ltd,GIDC Manufacturing,Engineering / Pressure Vessels & Industrial Supplies,GIDC Sachin,Plant Head / Purchase / Director,,,,,ERP/design workstations; CAD desktops; industrial PCs; CCTV; networking + Wi-Fi; biometric access; AMC,Manufacturing & supply of pressure vessels and industrial supplies,Long-established (1957) engineering firm,Existence-verified (contact pending),"Plot No A4/5, Dandi Road, Road No 11, Sachin, Surat 394230, Gujarat",IndiaMART,https://www.indiamart.com/devchand-engineers/profile.html,Medium (estd 1957; industrial supplies & pressure vessels),Pressure vessels; industrial supplies group
L0763,B,SME - direct,60,Manish Packaging Pvt Ltd,GIDC Manufacturing,Packaging / PVC & Laminate Films,GIDC Sachin,Purchase / IT Manager / Director,,,,https://www.manishpackaging.net/,ERP servers; plant & office desktops; industrial PCs; CCTV; networking + Wi-Fi; biometric access; AMC,Specialty packaging films; R&D-driven product expansion,40+ years; ISO-certified specialty PVC films,Existence-verified (contact pending),"Plot No. 539, Road No. 5, GIDC Sachin, Surat 394230, Gujarat",Company website,https://www.manishpackaging.net/contact-us.htm,Medium (estd 1970; 40+ yrs PVC films; ISO 9000),PVC twist/laminated/heat-shrink/stretch films
L0764,B,SME - direct,60,Nova Dyestuff Industries Pvt Ltd,GIDC Manufacturing,Dyes & Dye Intermediates,Pandesara,IT Manager / Purchase / Director,,,,,ERP servers; plant & office desktops; industrial PCs; CCTV; networking + Wi-Fi; biometric access; AMC,Manufacture of dye intermediates & disperse dyes; export demand,Established dyestuff manufacturer in Pandesara,Existence-verified (contact pending),"250/1/2, GIDC Estate, Nr Rachana Dyeing, Pandesara, Surat 394221, Gujarat",IndiaMART,https://www.indiamart.com/nova-dyestuff-industries-ltd/,Medium (dyes & intermediates manufacturer),"Red Dyestuff BF HC, dye intermediates"
L0767,B,SME - direct,60,Vision Eye Hospital,Healthcare,Eye hospital,Surat,Owner-doctor / Center Manager,,,,https://visioneyehospital.net/,HIS/EMR servers; ophthalmic imaging workstations; reception/billing desktops; networking + Wi-Fi; CCTV; UPS; AMC,Surgical eye services need imaging + records IT,Independent eye hospital; growing,Existence-verified (contact pending),Surat (cataract/glaucoma/retina/LASIK),Hospital website,https://visioneyehospital.net/,Standalone eye hospital; surgical services,Independent; owner-doctor decision; capture contact
L0768,B,SME - direct,60,Bhagwati Group / Shree Bhagwati,Hospitality & Real Estate,Real estate developer / Builder,Surat,Director / Purchase,,,,https://www.justdial.com/Surat/Builders-Developers/nct-10059258,Site CCTV; sales-gallery & office PCs; networking; server/NAS; AMC,Active project pipeline,Growing developer,Existence-verified (contact pending),Surat,JustDial listing,https://www.justdial.com/Surat/Builders-Developers/nct-10059258,Developer,Listed Surat builder on JustDial
L0769,B,SME - direct,60,Chaitanya Vatika,Hospitality & Real Estate,Banquet venue / Party plot,Surat,Owner / Admin,,,,https://www.venuelook.com/surat/banquet-halls,Reception PCs; Wi-Fi + networking; CCTV; banquet AV; AMC,Managed celebration property,Group-booking event venue,Existence-verified (contact pending),Surat,Venue portal,https://www.venuelook.com/surat/banquet-halls,Celebration halls + guest rooms + lawns,"Halls, guest rooms and party lawns in single premise"
L0770,B,SME - direct,60,Dhartii River View Resort,Hospitality & Real Estate,Resort,Near Surat,Owner / Admin,,,,https://www.holidify.com/hotel-collections/resorts-near-surat,Front-desk PCs; guest Wi-Fi + networking; CCTV; AMC,Leisure/weekend resort,Weekend-getaway demand,Existence-verified (contact pending),Near Surat,Travel guide,https://www.holidify.com/hotel-collections/resorts-near-surat,River-view resort,Listed weekend resort near Surat
L0771,B,SME - direct,60,Regent Arcade Mall,Hospitality & Real Estate,Shopping mall,Surat (market area),Admin / Mall IT Manager,,,,https://www.holidify.com/pages/malls-in-surat-1878.html,Mall management PCs; visitor Wi-Fi + networking; CCTV/access control; AMC,Mall within market place,Dense commercial footfall,Existence-verified (contact pending),Surat,Travel guide,https://www.holidify.com/pages/malls-in-surat-1878.html,Market-area mall,Only mall in centre of a market place
L0772,B,SME - direct,60,Tirupati Developers,Hospitality & Real Estate,Real estate developer / Builder,Surat,Director / Purchase,,,,https://www.justdial.com/Surat/Builders-Developers/nct-10059258,Site CCTV; sales-gallery & office PCs; networking; server/NAS; AMC,Active residential projects,Ongoing delivery,Existence-verified (contact pending),Surat,JustDial listing,https://www.justdial.com/Surat/Builders-Developers/nct-10059258,Developer,Listed Surat builder on JustDial
L0773,B,SME - direct,60,Codezee Solutions,IT & Software,Web / mobile / software development,"Katargam, Surat",Founder/Director,,,,https://codezeesolutions.com/,Developer workstations; small server/NAS; firewall + switches + Wi-Fi; CCTV; AMC,Growing IT company in Surat; web/app/software services,Newer JustDial listing (2024) suggests recent setup/growth,Existence-verified (contact pending),"Katargam, Surat (area per JustDial)",JustDial listing + company site,https://www.justdial.com/Surat/Codezee-Solutions-Katargam/0261PX261-X261-240201105804-N3M5_BZDET,Small-Medium,Exact address/phone not on source; confirm before outreach
L0774,B,SME - direct,60,Generation Next (GNHUB),IT & Software,Web design / mobile apps / SEO,"Ghod Dod Road, Surat",Founder/Director,,,,https://www.gnhub.com/,Designer/developer workstations; server + NAS; firewall + switches + Wi-Fi; CCTV; AMC,"15+ years; web, apps, SEO",Long-established Ghod Dod Road agency,Existence-verified (contact pending),"2160, Westfield Complex, 4th Floor, Opp. Surya Kiran Complex, Ghod Dod Road, Surat 395007",Company website (about page),https://www.gnhub.com/about-us.aspx,Small-Medium (15+ yrs),Phone not on source; address confirmed
L0775,B,SME - direct,60,Green Hightech,IT & Software,Website / software / mobile / digital marketing,Surat,Founder/Director or IT Head,,,,https://www.greenhightech.in/,Developer/designer workstations; server + NAS; firewall + switches + Wi-Fi; CCTV; AMC,"Since 2014; web, software, app, hosting, digital marketing",Multi-service IT firm; hosting implies server familiarity,Existence-verified (contact pending),"Surat, India",Company website + listicle,https://www.greenhightech.in/,Small-Medium (since 2014),No contact on source page; broad services = bundle opportunity
L0776,B,SME - direct,60,HelixWebi,IT & Software,Web design & development,Surat,Founder/Director,,,,https://www.helixwebi.net/,Designer/developer workstations; server + NAS; firewall + switches + Wi-Fi; CCTV; AMC,Since 2009; 1200+ websites delivered,Long-running web agency; steady team,Existence-verified (contact pending),"Surat, India",Company website + listicle,https://www.helixwebi.net/,Small-Medium (since 2009; 1200+ sites),No contact on source page; verify before outreach
L0778,B,SME - direct,60,Techvizor,IT & Software,Website / software / app development,"Vesu, Surat",Founder/Director,,,,https://techvizor.in/,Developer workstations; server + NAS; firewall + switches + Wi-Fi; CCTV; AMC,Results-oriented Surat IT firm; web/software/app,Vesu business hub location,Existence-verified (contact pending),"Sh. No. 1 to 8, 4th Floor, Roongta Shopping Center, VIP Road, Vesu, Surat 395007",Company website (contact page) + JustDial,https://techvizor.in/contact-us,Small-Medium,Phone not on contact page snippet; address verified
L0779,B,SME - direct,60,Govindji Jewellers,Jewellery,Jewellery showroom/retailer,Katargam,Owner/Director,,,,,high-density CCTV + access control (critical); POS/billing PCs; networking + Wi-Fi; AMC,Katargam retail area,Established local jeweller,Existence-verified (contact pending),"Vijay Complex, Katargam, Surat",directory,https://secondbombay.com/jewellery-shops-in-surat-district/,Small-medium (retail showroom),
L0780,B,SME - direct,60,Nathubhai Soni and Sons,Jewellery,Jewellery showroom/retailer,Soni Falia,Owner/Director,,,,,high-density CCTV + access control (critical); POS/billing PCs; networking + Wi-Fi; AMC,Traditional jewellery market (Soni Falia),Long-established family business,Existence-verified (contact pending),"Soni Falia Main Road, Surat",directory,https://secondbombay.com/jewellery-shops-in-surat-district/,Small-medium (established family jeweller),
L0781,B,SME - direct,60,3 Star Diamond,Lab-Grown Diamond,LGD manufacturer / exporter,Varachha,Owner/Director,,,,,GPU workstation for planning/grading; rack server + NAS; CCTV + access control; managed switches + Wi-Fi; AMC,Lab-grown diamond manufacturer/exporter based in Varachha Surat,Active LGD business; sector growth,Existence-verified (contact pending),Varachha Surat Gujarat (street address not visible on source),ExportersIndia listing,https://www.exportersindia.com/3-star-diamond/about-us.htm,Small-medium - LGD manufacturer/exporter in Varachha,Phone/email/full address not visible on source
L0782,B,SME - direct,60,Ayra Star (Noor Diamond),Lab-Grown Diamond,CVD diamond manufacturer / jewelry,Surat,Owner/Director,,,,https://www.noordiamond.in/,GPU workstation for planning/grading; rack server + NAS; CCTV + access control; managed switches + Wi-Fi; AMC,Lab-grown CVD diamonds + jewelry; Surat-based,Active CVD manufacturer; sector growth,Existence-verified (contact pending),"Surat, Gujarat (street address not visible on source)",Company website,https://www.noordiamond.in/,Small-medium - lab-grown CVD diamonds + diamond rings,Address/phone/email not visible on source
L0783,B,SME - direct,60,GMSRK Diamond,Lab-Grown Diamond,LGD manufacturer / exporter,Varachha (Mini Bazar),Owner/Director,,,,,GPU workstation for planning/grading; rack server + NAS; CCTV + access control; managed switches + Wi-Fi; AMC,Exporter of lab-grown diamonds from Mini Bazar Surat,Active LGD exporter; sector growth,Existence-verified (contact pending),Princes Plaza Mangadh Rd Mini Bazar Varachha Road Surat,ExportersIndia listing,https://www.exportersindia.com/gmsrk-diamond/,Small-medium - lab-grown diamond exporter,Phone/email not visible on source
L0784,B,SME - direct,60,Jupiter Exim,Lab-Grown Diamond,LGD manufacturer / exporter,Varachha (Mini Bazar),Owner/Director,,,,,GPU workstation for planning/grading; rack server + NAS; CCTV + access control; managed switches + Wi-Fi; AMC,Lab-grown diamond manufacturer/exporter in Mini Bazar Surat,Active LGD exporter; sector growth,Existence-verified (contact pending),Mini Bazar Surat Gujarat (street address not visible on source),ExportersIndia listing,https://www.exportersindia.com/jupiter-exim-surat/about-us.htm,Small-medium - lab-grown diamond exporter in Mini Bazar,Phone/email/full address not visible on source
L0785,B,SME - direct,60,New Grown Diamond,Lab-Grown Diamond,LGD CVD & HPHT manufacturer / retailer,Katargam,Owner/Director,,,,,GPU workstation for planning/grading; rack server + NAS; CCTV + access control; managed switches + Wi-Fi; AMC,"Deals lab-created, CVD, HPHT, synthetic, man-made diamonds in Katargam",Active LGD CVD/HPHT business; sector growth,Existence-verified (contact pending),Katargam Surat Gujarat (street address not visible on source),ExportersIndia listing,https://www.exportersindia.com/new-grown-diamond/,Small-medium - lab-created/CVD/HPHT manufacturer-retailer,Phone/email/full address not visible on source
L0786,B,SME - direct,60,RRP Diamond,Lab-Grown Diamond,LGD / melee diamond manufacturer,Surat,Owner/Director,,,,https://www.rrpdiamond.in/,GPU workstation for planning/grading; rack server + NAS; CCTV + access control; managed switches + Wi-Fi; AMC,"Manufacturer of natural loose, real melee and lab-grown diamonds in Surat",Active manufacturer; sector growth,Existence-verified (contact pending),"Surat, Gujarat (street address not visible on source)",Company website,https://www.rrpdiamond.in/,Small-medium - natural loose + real melee + LGD manufacturer,Phone/email not visible on source
L0787,B,SME - direct,60,Shiv Krishna Diamond,Lab-Grown Diamond,LGD manufacturer / jewelry,Surat,Owner/Director,,,,,GPU workstation for planning/grading; rack server + NAS; CCTV + access control; managed switches + Wi-Fi; AMC,Manufacturer of lab-grown diamonds + diamond jewellery in Surat,Active LGD manufacturer; sector growth,Existence-verified (contact pending),"Surat, Gujarat (street address not visible on source)",IndiaMART listing,https://www.indiamart.com/shiv-krishna-diamond/,Small-medium - LGD + diamond jewellery manufacturer,Phone/email/full address not visible on source
L0788,B,SME - direct,60,Shree Madhusudan Impex,Lab-Grown Diamond,HPHT diamond manufacturer,Varachha,Owner/Director,,,,,GPU workstation for planning/grading; rack server + NAS; CCTV + access control; managed switches + Wi-Fi; AMC,HPHT-method lab-grown diamond manufacturer on Varachha Road,Active HPHT manufacturer; sector growth,Existence-verified (contact pending),Varachha Road Surat Gujarat (street address not visible on source),IndiaMART listing,https://dir.indiamart.com/surat/lab-grown-diamond.html,Small-medium - HPHT lab-grown diamond manufacturer,GST/TrustSEAL verified seller; phone not visible
L0789,B,SME - direct,60,Sky Exports,Lab-Grown Diamond,LGD wholesaler / merchant,Varachha (Mini Bazar),Owner/Director,,,,,GPU workstation for planning/grading; rack server + NAS; CCTV + access control; managed switches + Wi-Fi; AMC,Lab-grown diamond merchant/wholesaler in Mini Bazar Surat,Active LGD merchant; sector growth,Existence-verified (contact pending),Mini Bazar Surat Gujarat (street address not visible on source),JustDial listing,https://www.justdial.com/jdmart/Surat/Sky-Exports-Lab-Grown-Diamonds-Mini-Bazar/0261PX261-X261-230601110942-M4Y5_BZDET/catalogue,Small-medium - lab-grown diamond merchant,Phone/email not visible on JustDial catalogue
L0790,B,SME - direct,60,Vitrag Gems,Lab-Grown Diamond,LGD manufacturer,Surat,Owner/Director,,,,,GPU workstation for planning/grading; rack server + NAS; CCTV + access control; managed switches + Wi-Fi; AMC,"Manufacturer of lab-grown diamond, loose diamond, oval-shape diamond in Surat",Active LGD manufacturer; sector growth,Existence-verified (contact pending),"Surat, Gujarat (street address not visible on source)",IndiaMART listing,https://www.indiamart.com/vitrag-gems/,Small-medium - LGD + loose diamond manufacturer,Phone/email not visible on source
L0791,B,SME - direct,60,Vivir Diamonds & Jewelry,Lab-Grown Diamond,LGD manufacturer / jewelry,Varachha,Owner/Director,,,,,GPU workstation for planning/grading; rack server + NAS; CCTV + access control; managed switches + Wi-Fi; AMC,IGI-certified lab-grown diamonds + jewelry supplier in Surat,Active LGD supplier; sector growth,Existence-verified (contact pending),Varachha Road Surat Gujarat (street address not visible on source),IndiaMART listing,https://dir.indiamart.com/surat/lab-grown-diamond.html,Small-medium - IGI-certified LGD + jewelry supplier,GST/TrustSEAL verified seller; phone not visible
L0792,B,SME - direct,60,Cassidix Media Works,Media/Video/Photo,Photography / videography / branding,Vesu (team in South Gujarat),Founder/Creative Director,,,,https://cassidixmediaworks.in/,GPU editing/design workstations; fast storage/NAS; color-grading; backup; AMC,People/product/fashion shoot + branding growth,Founded by students/entrepreneurs; multi-disciplinary,Existence-verified (contact pending),"Surat (Vesu) / Anand, Gujarat",ZoomInfo company profile,https://www.zoominfo.com/pic/cassidix-media-works/510351633,Young team; SME,"Photography, videography & brand designing; people/product/fashion/glamour; emails @cassidixmediaworks.in"
L0793,B,SME - direct,60,Fortune Photo Studio,Media/Video/Photo,Wedding photography & cinematography,Piplod,Owner/Founder,,,,,GPU editing rigs; cinematic video storage/NAS; color-grading; backup; AMC,Cinematic wedding film volume,Offers cinematic wedding video films; Piplod,Existence-verified (contact pending),"Piplod, Surat",Bookeventz profile,https://www.bookeventz.com/photographer/surat/fortune-photo-studio,SME,Cinematic wedding video films; Piplod area
L0794,B,SME - direct,60,Sanskruti,Media/Video/Photo,Video/music-video production,Surat,Founder/Creative Director,,,,https://sanskruti.ueniweb.com/,GPU editing rigs; fast storage for music-video footage; backup; AMC,Music videos & social shorts at 4K,"Creative direction, broadcast, events coverage",Existence-verified (contact pending),"Surat, Gujarat",Company website (UENI),https://sanskruti.ueniweb.com/,SME,"Music video + video production; storyboarding, broadcast, social shorts"
L0796,B,SME - direct,60,City Estate Management,Professional Services SME,Real estate agency,Surat,,,,,,desktops/laptops; NAS backup; CCTV for office; networking + Wi-Fi; UPS; AMC,Residential/commercial/hospitality deal volume,Established multi-segment broker,Existence-verified (contact pending),,Directory (Sulekha),https://www.sulekha.com/real-estate-agents/surat,Small agency (est 1998),Property search firm est 1998; resi/commercial/hospitality
L0797,B,SME - direct,60,Disytax Tax Consultant,Professional Services SME,Tax & GST consultant,Surat,,,,,,desktops/workstations; NAS backup; networking; UPS; AMC,GST + income tax compliance digitisation,Growing client filings,Existence-verified (contact pending),,Company website,https://disytax.com/tax-consultant-surat-gujarat/,Small tax practice,GST & income tax services Surat; small consultant
L0799,B,SME - direct,60,Joshi Apte & Associates,Professional Services SME,GST / income tax consultant,Surat,,,,,https://www.joshiapteandassociates.com/,desktops/workstations; NAS backup; networking; UPS; AMC,GST accounting + income tax digitisation,Accounting services growth,Existence-verified (contact pending),,Company website,https://www.joshiapteandassociates.com/contactus.php,Small consultant firm,GST accounting & income tax consultant
L0800,B,SME - direct,60,Oria Homes,Retail & Supermarket,Furniture & home retail,Surat,Owner / Store Manager,,,,https://www.theoriahomes.com,bulk POS/billing desktops; loss-prevention CCTV; per-store networking + Wi-Fi; digital signage; AMC,Premium furniture showroom operating,Local premium furniture retailer,Existence-verified (contact pending),Surat (premium furniture store),Company website,https://www.theoriahomes.com/pages/furniture-store-in-surat,Premium furniture retailer in Surat,Premium showroom; verify multi-store; signage + POS + CCTV
L0801,B,SME - direct,60,Gold Packaging,SME Manufacturing & Jobwork,Non woven & saree packaging bags,"Sachin GIDC, Surat",Rinkesh Patel (Manager),,,,,billing PC; shop-floor CCTV; networking; biometric attendance; AMC,Non-woven + saree bag production,Owner-run sole proprietorship since 2006,Existence-verified (contact pending),"Sachin GIDC, Surat, Gujarat (est. 2006)",IndiaMART,https://www.indiamart.com/gold-packaging/profile.html,"Sole proprietorship est. 2006, small unit","Non woven bags, saree packaging bags"
L0804,B,SME - direct,60,Packscape Ventures Private Limited,SME Manufacturing & Jobwork,Paper cup blanks / coated paper,Surat,,,,,https://www.indiamart.com/packscapeventures/,billing/ERP PC; shop-floor CCTV; networking + Wi-Fi; biometric attendance; AMC,Paper cup blank + coated paper production,Pvt Ltd; raw-material side of paper-cup chain,Existence-verified (contact pending),"Surat, Gujarat",IndiaMART,https://www.indiamart.com/packscapeventures/,Small-medium Pvt Ltd paper unit,"Paper cup blank, paper roll, coated paper"
L0805,B,SME - direct,60,Popular Industries,SME Manufacturing & Jobwork,Non woven & BOPP bags,"Bhatar Road, Surat",,,,,https://www.popularbags.in/,billing PC; shop-floor CCTV; networking + Wi-Fi; biometric attendance; AMC,Multi-floor expansion; BOPP + non-woven lines,3-floor facility indicates growth,Existence-verified (contact pending),"GR Floor, 1st & 2nd Floor, Plot No 28, Ravi Tej Industrial Society, Bhatar Road, Surat - 395017",IndiaMART,https://www.popularbags.in/,Small-medium bag maker (multi-floor unit),"Non woven bags, BOPP bags"
L0808,B,SME - direct,60,Revathi Plastic And Engg. Works,SME Manufacturing & Jobwork,Plastic injection molding job work,"Udhna, Surat",,,,,,shop-floor CCTV; networking; molding-line PCs; biometric attendance; AMC,Injection molding parts production,"Plastic molded parts, bobbins, washers",Existence-verified (contact pending),"Plot No. 24, Hari Ichha Industrial Society, Udhna Main Road, Surat - 394210",IndiaMART,https://www.indiamart.com/proddetail/plastic-injection-molding-parts-14064309173.html,Small plastic + engineering unit,"Plastic molded parts, PCB feet, axle bumpers"
L0810,B,SME - direct,60,V G Plastech,SME Manufacturing & Jobwork,Plastic injection molding,"Kim, Surat",,,,,,shop-floor CCTV; networking + Wi-Fi; molding-line PCs; biometric attendance; AMC,New plot in textile hub - setup/expansion,Located in industrial textile hub,Existence-verified (contact pending),"Plot No. 454, 455, Shubham Textile Hub, Main Canal Road, At Lindiyat, Ta-Mangrol, Surat - 394110",IndiaMART,https://dir.indiamart.com/surat/plastic-injection-molding-services.html,Small plastics unit in Kim/Mangrol,"Plastic injection molding, Kim area"
L0811,B,SME - direct,60,Welcome Farsan,SME Manufacturing & Jobwork,Namkeen / snack food manufacturing,Surat,,,,,,billing/ERP PCs; shop-floor CCTV; networking; biometric attendance; AMC,Potato wafer + namkeen production,25+ years; established snack brand,Existence-verified (contact pending),"Surat, Gujarat (est. 1995)",IndiaMART,https://www.indiamart.com/welcome-farsan/,"Est. 1995, small-medium farsan maker","Potato wafers, special namkeen, snack foods"
L0812,B,SME - direct,60,Apex Engineers,Textile Manufacturing,Textile machinery (dyeing),Sachin GIDC,Owner/Director,,,,https://www.justdial.com/Surat/Apex-Engineers-Sachin-Industrial-Park-Flyover-Ends-Towards-Hazira-Gidc-Sachin/0261PX261-X261-191128211453-P4X2_BZDET,ERP/Tally servers; CAD & billing PCs; CCTV; networking + Wi-Fi; biometric attendance; AMC,Machinery manufacturer in Sachin GIDC,Dyeing machinery production,Existence-verified (contact pending),"Sachin Industrial Park, Flyover Ends Towards Hazira GIDC Sachin, Surat",JustDial,https://www.justdial.com/Surat/Apex-Engineers-Sachin-Industrial-Park-Flyover-Ends-Towards-Hazira-Gidc-Sachin/0261PX261-X261-191128211453-P4X2_BZDET,Small-mid: dyeing machine manufacturer,Dyeing machine maker; basic design/shop-floor IT/CCTV scope
L0815,B,SME - direct,60,Advance Diagnostic Laboratory,Wellness & Clinics SME,Diagnostic/pathology lab,Varachha,,,,,,reception/billing PCs; CCTV; Wi-Fi; LIS/NAS; AMC,Reporting/LIS systems,Varachha location,Existence-verified (contact pending),"102, Param Doctor House, Lal Darwaja Station Rd, Lal Darwaja, Varachha, Surat 395003",Mediyaar,https://www.mediyaar.com/surat/labs/advance-diagnostic-laboratory-varachha.html,Owner-run pathology lab,Landline 02612451214 in snippet; mobile pending
L0817,B,SME - direct,60,My Dental Clinic & Implant Center,Wellness & Clinics SME,Dental clinic,City Light,Dr. Vishal Rathi (Owner),,,,,reception/billing PCs; CCTV; Wi-Fi; AMC,Implant center = imaging/storage,City Light prime location,Existence-verified (contact pending),"U-10, Shubhlaxmi Complex, Opposite Bank Of Baroda, Citylight Road, Surat 395007",Lybrate,https://www.lybrate.com/surat/clinic/my-dental-clinic-and-implant-center-of-baroda-f879,Owner-run clinic; implant center,Phone via Lybrate listing
L0818,B,SME - direct,60,NxtDent Dental Clinic,Wellness & Clinics SME,Dental clinic (pediatric/ortho),Adajan,,,,,https://nxtdent.com/,reception/billing PCs; CCTV; biometric access; Wi-Fi; AMC,Specialty ortho/pediatric services,Multi-service dental practice,Existence-verified (contact pending),"401, White Orchid, Near Shell Petrol Pump, Above People's Dine Restaurant, L P Savani Main Road, Adajan Gam, Surat 395009",Business website,https://nxtdent.com/braces-treatment-surat.php,Owner-run; braces + kids dentistry,Website 403; phone not in snippet
L0822,C,SME - direct,59,Dreamsdesign,IT & Software,Web design / development / digital marketing,Surat,Founder/Director (Krishna),,,krishna@dreamsdesign.in,https://dreamsdesign.in/,Designer/developer workstations; server + NAS; firewall + switches + Wi-Fi; CCTV; AMC,20+ years building brands; web + digital marketing,Long-running multi-city agency with Surat presence,Contact found,"Surat, Gujarat",Company website (Surat page),https://dreamsdesign.in/website-development-company/surat/,Small-Medium (20+ yrs),"Email captured; HQ may be Vadodara, Surat office listed"
L0828,C,SME - direct,59,Jayrup,Professional Services SME,Graphic design / branding studio,Salabutpura,,02612325830,,wecare@jayrup.com,https://www.jayrup.com/,desktops/workstations; NAS backup; networking + Wi-Fi; UPS; AMC,Branding/design volume,Design studio Salabutpura,Contact found,"3/1774 Salabutpura, Khanghad Sheri, Hanuman Temple Street, Surat",Company website,https://www.jayrup.com/,Small studio,Graphic design + branding studio Salabutpura
L0829,C,SME - direct,59,Physio360,Wellness & Clinics SME,Physiotherapy center,Surat,,8866842520,https://wa.me/918866842520,,https://physio360.ueniweb.com/,reception/billing PCs; CCTV; Wi-Fi; AMC,New/modern clinic setup,Specialist physio venture,Contact found,Surat (address not in snippet),Business website,https://physio360.ueniweb.com/,Owner-run super-specialist physio clinic,Mobile captured; verify address
L0821,C,SME - direct,59,Shreeji Printers,BPO/Logistics/Print,Printing Press,"Udhna, Surat",Owner / Purchase,,,,,pre-press design workstations; RIP; large monitors; networking; CCTV; AMC,Designing + printing services,Established 2007; designing & printing,Existence-verified (contact pending),"Shop No 6, Devchand Nagar, Opp Navjivan Motors, South Zone Office Road, Udhna, Surat - 394210",JustDial,https://www.justdial.com/Surat/Shreeji-Printers-Opposite-Navjivan-Motors-Udhna/0261PX261-X261-190206105149-T7J2_BZDET,SME (est. 2007),"Shreeji Printers, Udhna Surat (designing & printing)"
L0823,C,SME - direct,59,E Launch Solution Pvt. Ltd.,IT & Software,Web design / IT outsourcing / iOS dev,Surat,Founder/Director,,,,https://elaunchinfotech.com/,Developer workstations; server + NAS; firewall + switches + Wi-Fi; CCTV; AMC,Software + mobile app development company in Surat,Established outsourcing provider,Existence-verified (contact pending),"Surat, Gujarat",IndiaMART profile + LinkedIn,https://www.indiamart.com/elaunch-infotech/,Small-Medium,Confirm contact via website before outreach
L0824,C,SME - direct,59,Live Shot Filmcity,Media/Video/Photo,Film city / shoot studio,Surat,Owner/Manager,,,,,Networking/CCTV; NAS for shoot media; editing rigs; AMC,Photography/cinematography shoot demand,Indoor + outdoor setups for photo/cinema industry,Existence-verified (contact pending),"Surat, Gujarat",Wedding.net listing,https://surat.wedding.net/other/1593075/,Indoor/outdoor setups,Film city for photography & cinematography; varied setups
L0825,C,SME - direct,59,Movie Makers Digital Studio,Media/Video/Photo,Film/video production studio,Katargam Road,Owner/Founder,,,,,GPU editing workstations; video storage/NAS; color-grading; backup; AMC,Wedding/event video volume,Digital studio on Katargam Road,Existence-verified (contact pending),"Katargam Road, Surat 395004",Sulekha listing,https://www.sulekha.com/movie-makers-digital-studio-katargam-road-surat-contact-address,SME,Movie/video digital studio; Katargam Road
L0826,C,SME - direct,59,The Feelings Photography,Media/Video/Photo,Wedding & pre-wedding photography,Surat,Owner/Founder,,,,https://thefeelingsphoto.com/,GPU editing rigs; video storage/NAS; color-grading; backup; AMC,Pre-wedding + wedding 4K volume,Dedicated pre-wedding/wedding services,Existence-verified (contact pending),"Surat, Gujarat",Company website,https://thefeelingsphoto.com/our-services/pre-wedding-photography/,SME,Pre-wedding & wedding photography; own website
L0827,C,SME - direct,59,TK Solanki Photography,Media/Video/Photo,Wedding photography,Adajan Patiya,Owner/Founder (TK Solanki),,,,https://tksolanki.com/,GPU editing rigs; video storage/NAS; color-grading; backup; AMC,Wedding 4K photo/video volume,Adajan Patiya wedding photographer,Existence-verified (contact pending),"Adajan Patiya, Surat",Company website,https://tksolanki.com/trusted-wedding-photographers-near-me-in-adajan-patiya-surat-2026-complete-guide/,SME,Wedding photography; Adajan Patiya; WhatsApp contact on site
L0830,C,SME - direct,59,Rudra Eye Clinic,Wellness & Clinics SME,Eye clinic,Adajan,Dr. Hardik Shroff (Owner),,,,,reception/billing PCs; CCTV; Wi-Fi; NAS for imaging; AMC,Eye diagnostics equipment,Adajan location,Existence-verified (contact pending),"403-404, Western Corridor, Char Rasta, Near BAPS Hospital, Jalaram Society, Adajan, Surat 395009",HexaHealth,https://www.hexahealth.com/surat/hospital/rudra-eye-clinic-adajan,Owner-run eye clinic,Phone via HexaHealth listing
L0834,C,SME - direct,58,Manish R. Negandhi (Structural Expert),Architecture & CAD/Engineering,Structural consultant,Vesu,Principal Engineer / Owner,9712898001,https://wa.me/919712898001,negandhi_manish@gmail.com,,GPU workstations for structural analysis/design software; dual monitors; NAS; backup; networking; AMC,SMC-registered structural expert (official municipal list),Registered practising consultant,Contact found,"436, Avadh Arena, Near Syambaba Temple, VIP Road, Vesu, Surat 395007",Surat Municipal Corp. registered list,https://www.suratmunicipal.gov.in/Content/Documents/rtiact/Disclosure/Town%20Development/TDO/StructuralExpert.pdf?ver=1943,Small,Source = official SMC structural-expert register
L0840,C,SME - direct,58,LIC Service Center (Ravindra Patil),Finance & Professional,Insurance / financial advisory,Surat,Proprietor,+91-7016306447,https://wa.me/917016306447,ravipatil@licservicecenter.in,https://licservicecenter.in/,desktops; data server + NAS backup; networking/firewall; CCTV; UPS; AMC,Advisory office digitization; client data security,Investment-advisory + LIC services,Contact found,,Company site,https://licservicecenter.in/,LIC agent / investment advisory office,LIC Branch 2863; investment advisor
L0846,C,SME - direct,58,Mummy Meals - Cloud Kitchen,Food & Hospitality SME,Cloud Kitchen (Home Food),Surat,Owner (IG @mummy.meals),8320420213,https://wa.me/918320420213,,mummy.meals (IG),POS/billing PCs; KOT/label printers; Wi-Fi; CCTV; AMC,"Homemade-food cloud kitchen, active IG",Growing IG-driven orders,Contact found,"Surat, Gujarat (home-food cloud kitchen)",Instagram,https://www.instagram.com/mummy.meals/,"Small (home/cloud kitchen, ~3-8 staff)",Mobile captured via IG; small home cloud kitchen
L0857,C,SME - direct,58,Lathiya Solutions,IT & Software,Website design & development,"Mota Varachha (Digital Valley), Surat",Founder/Director,+91 78785 35701,https://wa.me/917878535701,,https://lathiyasolutions.com/,Designer/developer workstations; small server/NAS; firewall + switches + Wi-Fi; CCTV; AMC,Web dev for SMBs; in Digital Valley IT cluster,Located in Surat Digital Valley/IT Park area,Contact found,"416, Angel Square, Behind Royal Square, Above Axis Bank, Uttran (Digital Valley), Surat 394105",Company website (contact page),https://lathiyasolutions.com/contact-us/,Small (SME-focused),Phone captured; smaller SME-focused shop
L0863,C,SME - direct,58,Deepak L Shah Advocate,Professional Services SME,Advocate (civil/family),Varachha,Deepak L Shah (Advocate),9898251000,https://wa.me/919898251000,,,desktop/laptop; NAS backup for case files; UPS; AMC,Case-file digitisation,Family + property civil practice,Contact found,"A/309, Yesh Plaza, Varachha Main Rd, Ramdarshan Society, Varachha, Surat 395006",Directory (LawRato),https://lawrato.com/lawyers/surat,Solo/small practice,Solo advocate; family/civil/property matters
L0867,C,SME - direct,58,Accurate Cutting Services,SME Manufacturing & Jobwork,Laser / metal cutting job work,Surat,,+91 8047305270,https://wa.me/918047305270,,,design/CAM PCs; shop-floor CCTV; networking; biometric attendance; AMC,Cutting services capacity,Job-work cutting service,Contact found,"Surat, Gujarat",IndiaMART,https://dir.indiamart.com/impcat/laser-cutting-services.html,Small cutting job shop,IndiaMART proxy number; cutting at Rs 20/piece
L0868,C,SME - direct,58,B P Design Solution,SME Manufacturing & Jobwork,Textile screen printing / design job work,Surat,,+91 8047527078,https://wa.me/918047527078,,,shop-floor CCTV; networking; design PCs; billing PC; biometric attendance; AMC,Screen printing + design capacity,Design + printing services,Contact found,"Surat, Gujarat",IndiaMART,https://dir.indiamart.com/surat/textile-screen-printing-service.html,Small print/design unit,IndiaMART proxy number; textile screen printing
L0870,C,SME - direct,58,Dilip Enterprises,SME Manufacturing & Jobwork,Packaging box printing,Surat,,+91 8047790759,https://wa.me/918047790759,,,billing PC; shop-floor CCTV; networking; biometric attendance; AMC,Box printing capacity,Top-rated box printing supplier,Contact found,"Surat, Gujarat",IndiaMART,https://dir.indiamart.com/impcat/packaging-box-printing.html,Small box-printing unit,IndiaMART proxy number; packaging box printing
L0874,C,SME - direct,58,Maharsh Metal Heat Treatment,SME Manufacturing & Jobwork,Metal heat treatment / cutting job work,Surat,,+91 8047639973,https://wa.me/918047639973,,,shop-floor CCTV; networking; biometric attendance; billing PC; AMC,Heat-treatment + cutting capacity,Specialist metal finishing job shop,Contact found,"Surat, Gujarat",IndiaMART,https://dir.indiamart.com/impcat/laser-cutting-services.html,Small metal-processing unit,IndiaMART proxy number; laser cutting at Rs 23/sq ft
L0876,C,SME - direct,58,Reliable Packaging,SME Manufacturing & Jobwork,Printed pouches / flexible packaging,Surat,,+91 8047303962,https://wa.me/918047303962,,,billing PC; shop-floor CCTV; networking; biometric attendance; AMC,Pouch production capacity,Printed pouch supplier,Contact found,"Surat, Gujarat",IndiaMART,https://dir.indiamart.com/surat/printed-pouches.html,Small packaging unit,IndiaMART proxy number; printed pouches
L0878,C,SME - direct,58,Tejesvi Enterprises,SME Manufacturing & Jobwork,Textile screen printing job work,Surat,,+91 8047685045,https://wa.me/918047685045,,,shop-floor CCTV; networking; billing PC; biometric attendance; AMC,Textile screen printing capacity,Top-rated screen printing supplier,Contact found,"Surat, Gujarat",IndiaMART,https://dir.indiamart.com/surat/textile-screen-printing-service.html,Small textile screen-printer,IndiaMART proxy number; textile screen printing
L0879,C,SME - direct,58,Unique Bopp Co.,SME Manufacturing & Jobwork,BOPP / printed pouches,Surat,,+91 8047680546,https://wa.me/918047680546,,,billing PC; shop-floor CCTV; networking; biometric attendance; AMC,BOPP pouch production capacity,Printed pouch supplier,Contact found,"Surat, Gujarat",IndiaMART,https://dir.indiamart.com/surat/printed-pouches.html,Small packaging unit,IndiaMART proxy number; printed pouches
L0881,C,SME - direct,58,Viraj Packers,SME Manufacturing & Jobwork,Printed corrugated boxes,Surat,,+91 8047835591,https://wa.me/918047835591,,,billing/ERP PC; shop-floor CCTV; networking; biometric attendance; AMC,Corrugated box production capacity,Box manufacturer,Contact found,"Surat, Gujarat",IndiaMART,https://dir.indiamart.com/impcat/offset-printing-boxes.html,Small corrugated-box unit,IndiaMART proxy number; printed corrugated boxes Rs 5/piece
L0893,C,SME - direct,58,Reshape Slimming Wellness & Diet Center,Wellness & Clinics SME,Dietician/weight-loss center,Bhatar / Ghod Dod,Dt. Neelam Dhanagar (Owner/Founder),7284825055,https://wa.me/917284825055,,https://www.reshapeslimming.com/,reception/billing PCs; CCTV; Wi-Fi; AMC,Owner-led wellness center,Surat + Ahmedabad presence,Contact found,"Shop No-32 Rajhans Olympia, Bhatar Rd, Surat 395007",Lybrate,https://www.lybrate.com/surat/clinic/reshape-slimming-wellness-diet-center-vesu,Owner-run diet center,Mobile captured
L0831,C,SME - direct,58,Akash Architects,Architecture & CAD/Engineering,Architecture firm,Athwa Gate / Nanpura,Principal Architect / Owner,,,,https://www.indiamart.com/akash-architect/,GPU workstations for architecture rendering & CAD; dual monitors; NAS; backup; networking; AMC,Architecture practice in Athwa Gate/Nanpura,Established firm in core architects' area,Existence-verified (contact pending),"B-408, Tirupati Plaza, B/H Collector Office, Athwa Gates, Nanpura, Surat 395001",IndiaMART profile,https://www.indiamart.com/akash-architect/,Small-mid,Phone not visible on source
L0832,C,SME - direct,58,Era Interior Design,Architecture & CAD/Engineering,Interior design / 3D visualisation,Jahangirpura,Principal / Owner,,,,https://www.erainteriordesign.studio/,GPU workstations for interior design + 3D visualisation; dual monitors; NAS; backup; networking; AMC,Interior design + photorealistic 3D visualisation studio,Visualisation-focused (render-heavy),Existence-verified (contact pending),"S25 Second Floor, Shree Nilkanth Business Hub, Causeway, Jahangirpura, Surat 395005",Company website,https://www.erainteriordesign.studio/,Small,Explicit 3D-visualisation focus = GPU demand
L0833,C,SME - direct,58,M-Square Planning & Designing,Architecture & CAD/Engineering,Architecture / Planning,Surat,Principal Architect / Partner,,,,https://msquarearchitects.in/,GPU workstations for architecture/planning rendering; dual monitors; NAS; backup; networking; AMC,Architecture + planning + design practice,Established planning/design firm,Existence-verified (contact pending),"Surat, Gujarat",Facebook page,https://www.facebook.com/people/M-Square-Planning-Designing/100063774766538/,Small-mid,Contact not visible on source
L0835,C,SME - direct,58,P.C. Bodiwala (Structural & Industrial Consultant),Architecture & CAD/Engineering,Structural consultant,Surat,Principal Engineer / Owner,,,,https://pcbodiwala.in/,GPU workstations for structural/industrial design & analysis; dual monitors; NAS; backup; networking; AMC,Industrial & commercial structural design/analysis consultancy,Specialist industrial consulting,Existence-verified (contact pending),"Surat, Gujarat",Company website,https://pcbodiwala.in/,Small,Contact not visible on source
L0836,C,SME - direct,58,Vrukshagra Consulting Services,Architecture & CAD/Engineering,MEP consultant,Umara,Principal Engineer / Partner,,,,,GPU workstations for MEP design (mechanical/electrical/plumbing); dual monitors; NAS; backup; networking; AMC,Est. 2010; multidisciplinary MEP for residential/commercial/industrial,Established multidisciplinary consultancy,Existence-verified (contact pending),"No. 38, S. K. Park, Umara Gam Road, Surat 395007",Industry blog listing,https://vipulac.in/blog/best-mep-consultants-in-surat/,Small-mid,Contact not visible on source
L0837,C,SME - direct,58,Atharva Diamond,Diamond & Bourse,Diamond manufacturer & global supplier,Varachha (Mini Bazar),Owner/Partner or Admin head,,,,,Diamond-planning workstations; managed networking; CCTV + access control; office desktops; AMC,Procurement + processing + manufacturing,Growing global supply firm,Existence-verified (contact pending),"Central Bazar, Mini Bazar Cross Road, Varachha Road, Surat 395006",JustDial + search snippet,https://www.justdial.com/Surat/Atharva-Diamond-Reliance-Digital-Varachha-Road/0261PX261-X261-240206150746-E8S6_BZDET,Global diamond supplier; procurement/processing/mfg,"Global procurement, processing & manufacturing"
L0838,C,SME - direct,58,Abhishek Designer Collection,Diamond/Jewellery/Textile Micro-SME,Embroidery design studio,Katargam,Owner (Abhishek Designer),,,,,design CAD PCs; CCTV; networking + Wi-Fi; NAS; AMC,Embroidery design services; design-file storage need,Owner-run design studio (est 2007); design-file NAS need,Existence-verified (contact pending),"Shop No 122, 1st Floor, Royal Plaza, Ved Road, Opp Akhandanand College, Katargam, Surat - 395004",JustDial,https://www.justdial.com/Surat/Abhishek-Designer-Collection-Ved-Road-Katargam/0261PX261-X261-110309193344-U2E1_BZDET,Small embroidery design studio (est 2007),Phone not in snippet; embroidery design studio Ved Road; est 2007; 5.0 rating
L0839,C,SME - direct,58,Pansuriya Enterprise,Diamond/Jewellery/Textile Micro-SME,Diamond cutting job-work unit,Varachha,Owner (Pansuriya Enterprise),,,,,CCTV (critical); planning PCs; networking + Wi-Fi; AMC,Diamond cutting jobwork; owner-run ghanti,Owner-run jobwork unit (est 2014); core-Surat cutting,Existence-verified (contact pending),"A-4/5, Khodiyar Nagar Society, Khodiyar Nagar Road, Varachha Road, Surat - 395006",JustDial,https://www.justdial.com/Surat/Pansuriya-Enterprise-Varachha-Road/0261PX261-X261-140726213201-K8X6_BZDET,Small diamond cutting job-work unit (est 2014),Phone behind JustDial Show Number; est 2014; cutting jobwork Varachha
L0841,C,SME - direct,58,Akshar Pavbhaji & Chinese,Food & Hospitality SME,Restaurant (Pav Bhaji/Chinese),Varachha,Owner/Proprietor,,,,,POS/billing PCs; KOT printers; CCTV; Wi-Fi; AMC,Popular pav bhaji + Chinese spot,Varachha residential demand,Existence-verified (contact pending),"Varachha, Surat",Zomato,https://www.zomato.com/surat/akshar-pavbhaji-chinese-varachha,"Small (pav bhaji + Chinese, ~5-12 staff)",Phone via Zomato page; Varachha fast-food
L0842,C,SME - direct,58,Cafe Beats Arena,Food & Hospitality SME,Cafe,Piplod,Owner (IG),,,,cafebeats_arena_piplod (IG),POS/billing PCs; KOT printers; CCTV; Wi-Fi; AMC,"Themed cafe, active IG",Piplod cafe-belt growth,Existence-verified (contact pending),"Piplod, Surat",Instagram,https://www.instagram.com/cafebeats_arena_piplod/,Small-medium (themed cafe),Phone via IG DM; Piplod cafe
L0843,C,SME - direct,58,Cafe Coco,Food & Hospitality SME,Cafe,Vesu,Owner,,,,,POS/billing PCs; KOT printers; CCTV; Wi-Fi; AMC,Vesu cafe,Steady operations,Existence-verified (contact pending),"Courtyard Surat area, Vesu, Surat",Zomato,https://www.zomato.com/surat/dine-out,Small-medium (independent cafe),Listed via Zomato dine-out; verify independent status + phone
L0845,C,SME - direct,58,Madhav Sweet & Farsan,Food & Hospitality SME,Sweet Shop / Farsan,Katargam,Owner/Proprietor,,,,,POS/billing PC; CCTV; weighing integration; Wi-Fi; AMC,Local sweet+farsan shop,Neighbourhood demand,Existence-verified (contact pending),"Plot No 25, Kalapi Nagar, Lakshmikant Ashram, Katargam, Surat 395004",JustDial,https://www.justdial.com/Surat/Madhav-Sweet-Farsan-Katargam/0261PX261-X261-230527100240-E4W1_BZDET,Small (single sweet/farsan shop),Phone behind JustDial Show Number; call to capture
L0847,C,SME - direct,58,Blue Chip Chemicals Pvt Ltd,GIDC Manufacturing,Dyes (Disperse),Pandesara,IT Manager / Purchase / Director,,,,,ERP servers; plant & office desktops; industrial PCs; CCTV; networking + Wi-Fi; biometric access; AMC,Disperse dye manufacturing; textile dye demand,Established disperse dyes maker in Pandesara,Existence-verified (contact pending),"Plot No. 251, I-328, GIDC Estate, Pandesara, Surat 394221, Gujarat",Business directory,https://surat-district.infoisinfo.co.in/search/chemical,Medium (disperse dyes manufacturer),Disperse dyes and other dyes
L0848,C,SME - direct,58,Keshav Engineering,GIDC Manufacturing,Engineering / Pharma Machinery & Pressure Vessels,GIDC Sachin,Plant Head / Purchase / Director,,,,https://www.keshavengineering.com/,ERP/design workstations; CAD desktops; industrial PCs; CCTV; networking + Wi-Fi; biometric access; AMC,Pharma machinery & pressure vessel fabrication demand,Pharma machinery + pressure vessel manufacturer,Existence-verified (contact pending),"Plot No. 5502, Road No. 5, Sachin GIDC, Surat 394230, Gujarat",Company website,https://www.keshavengineering.com/,Small-Medium (pharma machinery & pressure vessels),"Pharmaceutical machinery, pressure vessels"
L0849,C,SME - direct,58,LK Industries,GIDC Manufacturing,Auto Components / Sheet Metal,GIDC Sachin,Plant Head / Purchase / Director,,,,,ERP/design workstations; CAD desktops; industrial PCs; CCTV; networking + Wi-Fi; biometric access; AMC,Heavy sheet metal parts/fabrication for automobile industry,Automotive engineering group serving OEM demand,Existence-verified (contact pending),"4310/4, GIDC, Sachin, Surat, Gujarat",Industry directory,https://machinemanufacturer.in/surat/,Medium (estd 1982; automotive engineering group),Heavy sheet metal parts & fabrication for automotive
L0850,C,SME - direct,58,Mangalam Intermediates,GIDC Manufacturing,Dyes & Dye Intermediates,GIDC Sachin,IT Manager / Purchase / Director,,,,http://www.mangalamintermediates.co.in/,ERP servers; plant & office desktops; industrial PCs; CCTV; networking + Wi-Fi; biometric access; AMC,Dyes & dye intermediates manufacturing; export demand,Established 2002; dye intermediates maker,Existence-verified (contact pending),"Sachin GIDC, Surat, Gujarat",Company website,http://www.mangalamintermediates.co.in/,Medium (estd 2002; dyes & intermediates),Dyes and dye intermediates
L0851,C,SME - direct,58,Orange Engineering,GIDC Manufacturing,Engineering / Textile Machinery,GIDC Sachin,Plant Head / Purchase / Director,,,,https://orangeengineering.in/,ERP/design workstations; CAD desktops; industrial PCs; CCTV; networking + Wi-Fi; biometric access; AMC,Launched first service centre in Sachin GIDC with parts & engineers,New service centre opened; growing machinery business,Existence-verified (contact pending),"Sachin GIDC, Surat, Gujarat",Company website,https://orangeengineering.in/,Small-Medium (estd 2011; weaving machinery),State-of-the-art weaving machinery
L0852,C,SME - direct,58,Spectrum Dyes & Chemicals Pvt Ltd,GIDC Manufacturing,Dyes & Chemicals,Palsana / Pandesara,IT Manager / Purchase / Director,,,,,ERP servers; plant & office desktops; industrial PCs; CCTV; networking + Wi-Fi; biometric access; AMC,Disperse dye & hexanediol production; export demand,Dyes & chemicals maker on NH-8 belt,Existence-verified (contact pending),"Block No. 484, 502 & 503, NH No. 8, Palsana, Surat 394315, Gujarat",Business directory,https://www.exportersindia.com/spectrumdyes/,Medium (disperse dyes & chemicals manufacturer),"Disperse dyes, hexanediol"
L0853,C,SME - direct,58,Lions Eye Hospital,Healthcare,Charitable eye hospital,Adajan Road,Trust Administrator / Project Committee,,,,https://www.justdial.com/Surat/Lions-Eye-Hospital-Morarji-Desai-Garden-Lalgi-Nager-Adajan-Road/0261PX261-X261-160912184706-U4Q1_BZDET,HIS/EMR servers; ophthalmic imaging workstations; reception/billing desktops; networking + Wi-Fi; CCTV; UPS; AMC,High-volume charitable cataract surgeries; donor-funded IT,Charitable trust; high patient throughput,Existence-verified (contact pending),"Lions Community Hall, Adajan Road, Morarji Desai Garden, Lalgi Nagar, Surat 395009",Directory (JustDial/Medindia),https://www.medindia.net/directories/hospitals/lions-eye-hospital-surat-gujarat-96357.htm,Charitable high-volume eye hospital (Lions Club),Charitable; budget-sensitive; donor-funded capex
L0854,C,SME - direct,58,Love 'N' Care Hospital,Healthcare,Maternity / IVF / urology hospital,Surat,Hospital Administrator / Owner-doctor,,,,https://www.healcard.com/surat/hospitals/multi-speciality,HIS/EMR servers; ultrasound/endoscopy imaging workstations; reception/billing desktops; networking + Wi-Fi; CCTV; UPS; AMC,IVF/endoscopy + maternity records need imaging + EMR,Established 1990; IVF growth area,Existence-verified (contact pending),"Surat (maternity, endoscopy, IVF, urology; est 1990)",Directory (Healcard),https://www.healcard.com/surat/hospitals/multi-speciality,Maternity + IVF + endoscopy + urology hospital,Maternity/IVF; ultrasound imaging endpoints
L0855,C,SME - direct,58,Sandy Resort,Hospitality & Real Estate,Resort,Near Surat,Owner / Admin,,,,https://www.holidify.com/hotel-collections/resorts-near-surat,Front-desk PCs; guest Wi-Fi + networking; CCTV; AMC,Leisure/weekend resort,Weekend-getaway demand,Existence-verified (contact pending),Near Surat,Travel guide,https://www.holidify.com/hotel-collections/resorts-near-surat,Leisure resort,Listed weekend resort near Surat
L0856,C,SME - direct,58,CoderKube Technologies,IT & Software,Mobile app / web / e-commerce,Surat,Founder/Director,,,,https://coderkube.com/,Developer workstations; small server/NAS; firewall + switches + Wi-Fi; CCTV; AMC,Full-service dev firm 5+ years in Surat,Steady SME-scale operation,Existence-verified (contact pending),"Surat, India",GoodFirms directory listing,https://www.goodfirms.co/directory/city/app-development/surat,Small (5+ yrs),"No contact on source; smaller shop, lower spend"
L0858,C,SME - direct,58,Adityendra Solanki Photography,Media/Video/Photo,Wedding/portrait photography,Surat,Owner/Founder (Adityendra Solanki),,,,https://adityendrasolanki.com/,Color-accurate editing workstations; fast storage/NAS; backup; AMC,Wedding/portrait shoot volume,Dedicated photography brand with own site,Existence-verified (contact pending),"Surat, Gujarat",Company website,https://adityendrasolanki.com/contact/,SME,Photography studio; own website with contact page
L0859,C,SME - direct,58,Atmiya Memories,Media/Video/Photo,Wedding photography & cinematography,Adajan Gam,Owner/Founder,,,,,GPU editing rigs; cinematic video storage/NAS; color-grading; backup; AMC,Cinematic wedding film volume,Wedding photo + cinematography; Adajan Gam,Existence-verified (contact pending),"Adajan Gam, Surat",Listicle (G3 Fashion),https://g3fashion.com/blog/surat/wedding-photographers-in-surat/,SME,Wedding photography & cinematography; Adajan Gam
L0860,C,SME - direct,58,Bring It Online Media,Media/Video/Photo,Fashion/ecommerce/product photography,Surat (operations; Delhi reg.),Owner/Founder,,,,https://www.bringitonline.in/surat-product-photography-model-photoshoot.html,Color-accurate workstations; fast storage/NAS; backup; AMC,Surat jewellery/fashion ecommerce shoot volume,Jewellery photography portfolio for Diamond City,Existence-verified (contact pending),Surat operations (reg. New Delhi),Company website,https://www.bringitonline.in/surat-product-photography-model-photoshoot.html,SME; jewellery portfolio,Fashion/ecommerce/model + jewellery photography serving Surat; reg. office Delhi
L0861,C,SME - direct,58,Wedding Bell,Media/Video/Photo,Wedding photography & cinematography,Pal / Adajan,Owner/Founder,,,,,GPU editing rigs; cinematic video storage/NAS; color-grading; backup; AMC,Candid wedding 4K volume,Candid wedding specialist; Pal/Adajan,Existence-verified (contact pending),"Shiven Square, Pal, Adajan, Surat",Wedding.net profile,https://surat.wedding.net/album/6052349/,SME,"Candid wedding photography; Shiven Square, Pal/Adajan"
L0862,C,SME - direct,58,Cincos Placement Services,Professional Services SME,Recruitment / placement agency,Adajan,,,,,,desktops/workstations; NAS backup; networking + Wi-Fi; UPS; AMC,Candidate database + placements,Placement services Adajan,Existence-verified (contact pending),"Office M7/M8, 2nd Floor, Raj Corner, Near L.P. Savani School, Near Sai-heights, Adajan, Surat 395010",Directory (PlacementIndia),https://www.placementindia.com/placement-resources/surat-manpower-services.htm,Small agency,Placement services agency Adajan
L0864,C,SME - direct,58,Vatsalya Holidays Services,Professional Services SME,Travel agency / tour operator,Adajan,,,,,,desktops/laptops; NAS backup; networking + Wi-Fi; UPS; AMC,Ticketing/tours/insurance volume,Customized + group tours,Existence-verified (contact pending),"110, Sai Square Complex, Honey Park Road, Adajan Road, Surat 395009",Directory (TourTravelWorld),https://www.tourtravelworld.com/travel-agents/vatsalya-holidays-services-in-surat-28525/contact.htm,Small agency,"Air/rail ticketing, travel insurance, group tours Adajan"
L0865,C,SME - direct,58,Gujarat Mobile Shop,Retail & Supermarket,Mobile retail chain,Surat,Owner / Purchase,,,,,bulk POS/billing desktops; loss-prevention CCTV; per-store networking + Wi-Fi; AMC,Multi-brand mobile retailer in Surat,Local mobile retailer,Existence-verified (contact pending),Surat (multi-brand mobile retailer),IndiaMART company page,https://www.indiamart.com/company/51311221/,"Multi-brand mobile retailer (Samsung, Nokia, Spice)",Verify scale (single vs multi-store); mobile retail POS + CCTV need
L0866,C,SME - direct,58,Jalaram Furniture Mall,Retail & Supermarket,Furniture & home retail,Surat,Owner / Store Manager,,,,,bulk POS/billing desktops; loss-prevention CCTV; per-store networking + Wi-Fi; AMC,Established large furniture store,Local established furniture retailer,Existence-verified (contact pending),Surat (large furniture store),threebestrated listing,https://threebestrated.in/furniture-stores-in-surat-gj,Well-recognized large furniture store,Local furniture mall; verify scale + contact
L0869,C,SME - direct,58,Bhaavya Ecopack,SME Manufacturing & Jobwork,Corrugated boxes & paper tubes,"Kosamba, Surat",,,,,https://www.bhaavyaecopack.com,billing/ERP PC; shop-floor CCTV; networking; biometric attendance; AMC,Corrugated box + paper tube lines,Own website; eco-packaging focus,Existence-verified (contact pending),"Kosamba, Surat, Gujarat",Company website,https://www.bhaavyaecopack.com,Small-medium eco-packaging maker,"Corrugated boxes, paper tubes"
L0871,C,SME - direct,58,Jyoti Jari Enterprise,SME Manufacturing & Jobwork,Zari / jari thread manufacturing,Surat,,,,,,billing/ERP PC; shop-floor CCTV; networking + Wi-Fi; biometric attendance; AMC,Zari thread production + export,"Manufacturer, exporter, wholesaler",Existence-verified (contact pending),"Surat, Gujarat",IndiaMART,https://www.indiamart.com/jyotijarienterprise/,Small-medium jari maker/exporter,"Zari thread, 30 denier zari threads"
L0872,C,SME - direct,58,Krishna Jari Traders,SME Manufacturing & Jobwork,Zari / jari thread manufacturing,Surat,,,,,,billing/ERP PC; shop-floor CCTV; networking; biometric attendance; AMC,Premium jari thread production,20+ years in business; multiple jari grades,Existence-verified (contact pending),"Surat, Gujarat (est. 1999)",IndiaMART,https://www.indiamart.com/krishnajari-traders/,"Est. 1999, small-medium jari unit","Jari thread, imitation HF jari, yellow touch jari"
L0873,C,SME - direct,58,M R Jari Industries,SME Manufacturing & Jobwork,Zari yarn manufacturing,Surat,,,,,https://www.indiamart.com/mrjariindustries/about-us.html,billing/ERP PC; shop-floor CCTV; networking; biometric attendance; AMC,Metallic jari yarn production lines,Multiple yarn types (M/MX type); steady ops,Existence-verified (contact pending),"Surat, Gujarat (est. 2005)",IndiaMART,https://www.indiamart.com/mrjariindustries/about-us.html,"Est. 2005, small-medium jari maker","Zari yarn, M-type, MX-type, polyester metallic jari yarn"
L0875,C,SME - direct,58,Maruti Packaging,SME Manufacturing & Jobwork,Corrugated & custom boxes,Surat,,,,,https://www.marutipack.com/,billing/ERP PC; shop-floor CCTV; networking + Wi-Fi; biometric attendance; AMC,Custom box production capacity,Own website; corrugated + custom boxes,Existence-verified (contact pending),"Surat, Gujarat",Company website,https://www.marutipack.com/,Small-medium box maker,Corrugated & custom packaging boxes
L0877,C,SME - direct,58,Sitaram Corporation,SME Manufacturing & Jobwork,Injection moulding plastic job work,"Kamrej, Surat",,,,,,shop-floor CCTV; networking; biometric attendance; billing PC; AMC,Glossy-finish moulding job work,Industrial estate plastics unit,Existence-verified (contact pending),"117, Amrut Udhyog Nagar, Kholvad, Kamrej, Surat - 395006",IndiaMART,https://www.indiamart.com/proddetail/injection-moulding-plastic-job-works-27156977691.html,Small injection-moulding job shop,Glossy finish injection moulding plastic job works
L0880,C,SME - direct,58,Verona Fashion,SME Manufacturing & Jobwork,Fabric screen printing job work,Surat,,,,,,shop-floor CCTV; networking; billing PC; biometric attendance; AMC,Fabric screen printing capacity,IndiaMART member since 2015,Existence-verified (contact pending),"Surat, Gujarat (IndiaMART member since 2015)",IndiaMART,https://www.indiamart.com/proddetail/fabric-screen-printing-service-21929191388.html,Small screen-printing unit,Fabric screen printing service
L0882,C,SME - direct,58,Vishwakarma Fabrication,SME Manufacturing & Jobwork,Metal components fabrication job work,Surat,,,,,https://www.indiamart.com/vishwakarmafabrication-91928660/fabrication-work.html,shop-floor CCTV; networking; biometric attendance; billing PC; AMC,Composite fabrication / panel box work,Metal components + panel box maker,Existence-verified (contact pending),"Surat, Gujarat",IndiaMART,https://www.indiamart.com/vishwakarmafabrication-91928660/fabrication-work.html,Small fabrication unit,"Sheet metal panel box, composite fabrication"
L0883,C,SME - direct,58,West Coast Industries,SME Manufacturing & Jobwork,Non woven bags,"Sachin, Surat",,,,,https://www.westcoastindustries.in/,billing PC; shop-floor CCTV; networking; biometric attendance; AMC,Non-woven bag production capacity,Own website + Sachin industrial park unit,Existence-verified (contact pending),"Plot No 33, 2nd Floor, Sachin Industrial Park, Road No. D-3, Sachin, Surat - 394230",IndiaMART,https://www.westcoastindustries.in/non-woven-bag.html,Small bag manufacturer,"Non woven bag manufacturer, Sachin"
L0884,C,SME - direct,58,Kiran Dyed Yarn,Textile Manufacturing,Yarn (dyed/polyester dyed),Surat,Owner/Director,,,,https://www.kirandyedyarn.com/,Tally servers; billing PCs; CCTV; networking + Wi-Fi; biometric attendance; AMC,Dyed yarn production,Yarn dyeing operations,Existence-verified (contact pending),"Surat, Gujarat (polyester dyed yarn)",Company website,https://www.kirandyedyarn.com/,Small-mid: polyester dyed yarn manufacturer/supplier,Dyed yarn unit; basic IT + CCTV need
L0885,C,SME - direct,58,Majisa Fabtex,Textile Manufacturing,Embroidery (Schiffli),Surat,Owner/Director,,,,https://www.majisafabtex.com/,ERP/Tally servers; design & billing PCs; CCTV; networking + Wi-Fi; biometric attendance; AMC,Schiffli embroidery fabric production,Embroidery fabric operations,Existence-verified (contact pending),"Surat, Gujarat",Company website,https://www.majisafabtex.com/,Small-mid: Schiffli embroidery fabric manufacturer,Schiffli embroidery unit; basic design/shop-floor IT/CCTV scope
L0886,C,SME - direct,58,Schiffli.in,Textile Manufacturing,Embroidery (Schiffli),Surat,Owner/Director,,,,https://schiffli.in/,ERP/Tally servers; design/digitizing & billing PCs; CCTV; networking + Wi-Fi; biometric attendance; AMC,Latest Swiss shuttle embroidery machine adoption,Modern Swiss machine fleet,Existence-verified (contact pending),"Surat, Gujarat (Swiss shuttle embroidery machines)",Company website,https://schiffli.in/,Small-mid: Schiffli embroidery with latest Swiss shuttle machines,Schiffli embroidery unit with modern Swiss machines; design/IT/CCTV need
L0887,C,SME - direct,58,Vishwakarma Engineering Works,Textile Manufacturing,Textile machinery (calendering/embossing),Bhestan,Owner/Director,,,,https://www.vishwakarmaengineeringwork.com/,ERP/Tally servers; CAD & billing PCs; CCTV; networking + Wi-Fi; biometric attendance; AMC,Machinery manufacturer; calendering/embossing lines,Calendering/embossing machine production,Existence-verified (contact pending),"Plot No. B/1/73-74, Bhagwati Industrial Estate, Near Navin Flourine, Bhestan, Surat 395023",Company website,https://www.vishwakarmaengineeringwork.com/,Small-mid: mfr of textile/calendering/embossing machines,Machinery maker in Bhestan; basic design/shop-floor IT/CCTV scope
L0888,C,SME - direct,58,AK Fitness Studio (Ladies),Wellness & Clinics SME,Gym/fitness studio (ladies),Adajan,,,,,,reception/billing PCs; CCTV; biometric access; Wi-Fi; AMC,Zumba/aerobics studio,Ladies-only niche,Existence-verified (contact pending),"2nd Floor, Keshav Arcade, Opposite Prime Arcade, Anand Mahal Road, Adajan, Surat 395009",JustDial,https://www.justdial.com/Surat/Ak-Fitness-Studio-Only-Ladies-Opposite-Prime-Arcade-Adajan-Dn/0261PX261-X261-130803131924-Q8R1_BZDET,Owner-run ladies studio; 4.5 rating,Phone behind JustDial Show Number
L0889,C,SME - direct,58,Blue Ocean Spa & Beauty,Wellness & Clinics SME,Spa/massage center,Vesu / City Light,,,,,,reception/billing PCs; CCTV; Wi-Fi; AMC,2-outlet spa operation,Vesu + City Light branches,Existence-verified (contact pending),"Shop 105-106, Western Business Park, University Road, Vesu, Surat (also UG 14-15 Corner Point, City Light Rd)",Clickedindia,https://www.clickedindia.net/c8bcjhqnui/blue-ocean-spa-and-beauty-surat.html,Owner-run spa; 2 outlets,Phone via listing
L0890,C,SME - direct,58,Choksi Skin & Hair Clinic,Wellness & Clinics SME,Skin/derma clinic,Ghod Dod Road,Dr. Abhinav Choksi (Owner),,,,,reception/billing PCs; CCTV; Wi-Fi; AMC,Established Ghod Dod practice,Prime Ghod Dod location,Existence-verified (contact pending),"F1-2, Laxmi Vilas, Beside Kotak House, Ghod Dod Road, Athwalines, Surat",Lybrate,https://www.lybrate.com/surat/clinic/abhinav-bimal-choksi-s-clinic-surat,Owner-run derma clinic,Phone via Lybrate/Practo
L0891,C,SME - direct,58,Dr. Galani's Skin Hair & Dental Clinic,Wellness & Clinics SME,Dental + skin clinic,Varachha,Dr. Galani (Owner),,,,,reception/billing PCs; CCTV; Wi-Fi; AMC,Multi-service clinic,Combined skin+dental footfall,Existence-verified (contact pending),"Shop No. 212, Dipkamal Shopping And Doctor House, Varachha Road, Surat 395006",Sulekha,https://www.sulekha.com/dr-galani-s-skin-hair-dental-clinic-varachha-road-surat-contact-address,Small owner-run combined clinic,Phone via Sulekha listing
L0892,C,SME - direct,58,"Grace Skin, Hair Transplant & Laser Clinic",Wellness & Clinics SME,Skin/hair transplant clinic,Vesu,,,,,,reception/billing PCs; CCTV; Wi-Fi; NAS; AMC,Laser/transplant equipment,Vesu growth corridor,Existence-verified (contact pending),"303-304, 3rd Floor, Rajmandir Plaza, Opp HDFC Bank, Near Dhiraj Sons & Pawan Hospital, Vesu Canal Road, Vesu, Surat",Practo,https://www.practo.com/surat/clinics/skin-clinics,Owner-run skin/laser clinic,Phone via Practo listing
L0894,C,SME - direct,58,Royal Pathology Lab,Wellness & Clinics SME,Diagnostic/pathology lab,Adajan Patiya,,,,,,reception/billing PCs; CCTV; Wi-Fi; LIS/NAS; AMC,Reporting/LIS systems,Adajan Patiya location,Existence-verified (contact pending),"313, 3rd Floor, Sangini Magnus, Rushabh Char Rasta, Suryapur Society, Adajan Patiya, Surat 395009",Mediyaar,https://www.mediyaar.com/surat/labs/royal-pathology-lab-adajan-patiya.html,Owner-run pathology lab,Phone via Mediyaar listing
L0897,C,SME - direct,57,DigiRivera,IT & Software,Digital marketing / SEO agency,"Mota Varachha, Surat",Founder/Director,+91 94296 36561,https://wa.me/919429636561,info@digirivera.com,https://digirivera.com/,Creative/marketing workstations; small NAS; firewall + switches + Wi-Fi; CCTV; AMC,SEO + social media marketing agency,Growing SME agency in Mota Varachha,Contact found,"102, Anupam Square, Mahadev Chowk, Near Dharm Nandan Society, Mota Varachha, Surat",Company website + Facebook,https://digirivera.com/,Small,Phone + email captured; smaller spend profile
L0902,C,SME - direct,57,Advocate Amit Shah,Professional Services SME,Advocate (property/civil),Nanpura,Amit Shah (Advocate),9898003490,https://wa.me/919898003490,,,desktop/laptop; NAS backup; UPS; AMC,Property/real-estate case digitisation,Real-estate + wills/trusts practice,Contact found,"4, Vinayak Ground Floor, Rang Darshan Apartment, Darji Street, Near Nanpura Post Office, Nanpura, Surat 395001",Directory (LawRato),https://lawrato.com/lawyers/surat,Solo/small practice,"Solo advocate; real-estate, wills, property transactions"
L0905,C,SME - direct,57,Trip Planner Holidays,Professional Services SME,Visa consultant / travel,Ghod Dod Road,,9898455151,https://wa.me/919898455151,,,desktops/laptops; NAS backup; networking + Wi-Fi; UPS; AMC,USA tourist visa + travel volume,Visa + travel services,Contact found,"Office 4-5-6 Bhavik Complex, Near Panjrapol, Ghod Dod Road, Surat",Facebook (business),https://www.facebook.com/tripplanner.surat/videos/usa-visa-approved-in-a-single-visitcontact-now-91-98984-55151%EF%B8%8Faddress-office-4-5/2833722693611047/,Small/solo consultant,USA visa + travel services Ghod Dod Rd (FB)
L0906,C,SME - direct,57,Baroda Packaging,SME Manufacturing & Jobwork,Printed pouches / flexible packaging,Surat,,+91 8047650971,https://wa.me/918047650971,,,billing PC; shop-floor CCTV; networking; biometric attendance; AMC,Pouch production capacity,Printed pouch supplier,Contact found,"Surat, Gujarat",IndiaMART,https://dir.indiamart.com/surat/printed-pouches.html,Small packaging unit,IndiaMART proxy number; printed pouches
L0895,C,SME - direct,57,S J Company,Diamond/Jewellery/Textile Micro-SME,Diamond cutting job-work unit,Varachha (Mini Bazar),Owner (S J Company),,,,,CCTV (critical); planning PCs; networking + Wi-Fi; AMC,Diamond cutting jobwork; owner-run unit Mini Bazar,Owner-run jobwork unit (est 2014),Existence-verified (contact pending),"307, Rajhansh Tower, Mini Bazar, Varachha Road, Surat - 395006",JustDial,https://www.justdial.com/Surat/S-J-Company-Varachha-Road/0261PX261-X261-140726214739-D8A7_BZDET,Small diamond cutting job-work unit (est 2014),Phone behind JustDial Show Number; est 2014; cutting jobwork Mini Bazar
L0898,C,SME - direct,57,Design Point,Media/Video/Photo,Videography / wedding films,Varachha Road,Owner/Founder,,,,,GPU editing rigs; video storage/NAS; color-grading; backup; AMC,Wedding/event video volume,Videography company on Varachha Road,Existence-verified (contact pending),"Varachha Road, Surat",IndiaMART directory,https://dir.indiamart.com/surat/videography-services.html,SME,"Videography, albums, cinematography; Varachha Road"
L0899,C,SME - direct,57,PhotoGigs Studio,Media/Video/Photo,Wedding/event photography studio,Vesu,Owner/Founder,,,,,Color-accurate editing workstations; fast storage/NAS; backup; AMC,Wedding/event shoot volume,Vesu-based studio (Shivalik Heights),Existence-verified (contact pending),"Shivalik Heights, Vesu, Surat",Listicle (G3 Fashion),https://g3fashion.com/blog/surat/wedding-photographers-in-surat/,SME,"Photography studio; Shivalik Heights, Vesu"
L0900,C,SME - direct,57,Pixocity Filmcity,Media/Video/Photo,Film city / shoot studio,Surat,Owner/Manager,,,,https://www.instagram.com/pixocity_official/,Networking/CCTV; NAS for shoot media; editing rigs; AMC,Pre-wedding/film shoot demand,Filmcity shoot location; active Instagram,Existence-verified (contact pending),"Surat, Gujarat",Instagram (official),https://www.instagram.com/pixocity_official/?hl=en,Shoot location studio,Filmcity Pix'o'city; pre-wedding/film shoot location
L0901,C,SME - direct,57,Snapito Rental,Media/Video/Photo,Photo/video studio & equipment rental,Vesu,Owner/Founder,,,,https://snapitorental.com/,Studio infra; NAS for media; editing rigs; networking; AMC,Content-creator studio rental demand,Sister brand of Snapito Studio; rental + studio space,Existence-verified (contact pending),"Vesu, Surat (Snapito group)",Company website,https://snapitorental.com/contact/,Studio + rental arm,Studio space + equipment rental for content creators; Vesu
L0903,C,SME - direct,57,Dobariya & Co,Professional Services SME,Advocate / tax consultant,Varachha,,,,,,desktop/laptop; NAS backup; networking; UPS; AMC,Legal + GST compliance work,Combined legal/tax services,Existence-verified (contact pending),"Varachha Road, Surat",Directory (LawRato),https://lawrato.com/lawyers/surat,Small firm (founded 2009),Firm est 2009; legal + GST/tax services Varachha
L0904,C,SME - direct,57,Royal Services,Professional Services SME,HR / placement agency,Delhi Gate,,,,,,desktops/workstations; NAS backup; networking + Wi-Fi; UPS; AMC,Candidate database + placements,HR/placement agency Delhi Gate,Existence-verified (contact pending),"126, 1st Floor, Meghani Tower, Delhi Gate, Surat 395003",Directory/blog listing,https://n10.in/placement-agency-in-surat/,Small agency,HR/placement agency Delhi Gate
L0907,C,SME - direct,57,Darpan Physiotherapy & Fitness Center,Wellness & Clinics SME,Physiotherapy center,Adajan,Dr. Jenish Mehta (Owner),,,,,reception/billing PCs; CCTV; Wi-Fi; AMC,Combined physio+fitness,Adajan location,Existence-verified (contact pending),"Adajan Dn, Surat",Practo,https://www.practo.com/surat/clinic/darpan-physiotherapy-fitness-center-adajan-dn,Owner-run physio+fitness,Phone via Practo listing
L0908,C,SME - direct,57,Dr. Jadvani's The Cosmetic & Dental Clinic,Wellness & Clinics SME,Dental clinic,Mota Varachha,Dr. Jadvani (Owner),,,,,reception/billing PCs; CCTV; Wi-Fi; AMC,Cosmetic dentistry growth area,Growing Mota Varachha belt,Existence-verified (contact pending),"G-7, Pali Hill Residency, Nr. CNG Pump, Sudama Chowk, Mota Varachha, Surat",Practo,https://www.practo.com/surat/cosmetic-aesthetic-dentist,Small owner-run cosmetic dental,Phone via Practo listing
L0909,C,SME - direct,57,Physio Cure,Wellness & Clinics SME,Physiotherapy center,Vesu,Dr. Nisha Parekh (Owner),,,,,reception/billing PCs; CCTV; Wi-Fi; AMC,Vesu growth corridor,Owner-run clinic,Existence-verified (contact pending),"G-12, Ground Floor, Someshwara Square, Canal Road, Opp Aagam Heritage Bungalows, Vesu, Surat",Practo,https://www.practo.com/surat/clinic/physio-cure-vesu-1,Owner-run physio clinic,Phone via Practo listing
L0910,C,SME - direct,57,Vani Skin Care,Wellness & Clinics SME,Skin/derma clinic,Sagrampura / Majura Gate,Dr. Rajesh Jain (Owner),,,,,reception/billing PCs; CCTV; Wi-Fi; AMC,Long-established derma practice,Established patient base,Existence-verified (contact pending),"No. 206-209, Tirupati Chambers, Hanuman Sheri, Sagrampura, Ring Road, Surat",Lybrate,https://www.lybrate.com/surat/clinic/vani-skin-care-majura-gate,Owner-run; 31 yrs experience,Phone via Lybrate listing
L0912,C,SME - direct,56,Aura Interior Studio,Architecture & CAD/Engineering,Interior design studio,Vesu,Principal / Owner,8141424574,https://wa.me/918141424574,aura04studio@gmail.com,,GPU workstations for interior 3D rendering; dual monitors; NAS; backup; networking; AMC,Interior studio in Vesu,Vesu studio,Contact found,"No. 405, Four Point, VIP Road, Vesu, Surat 395001",Sulekha listing,https://www.sulekha.com/aura-interior-studio-vesu-surat-contact-address,Small,Residential/commercial interiors
L0913,C,SME - direct,56,INK inc,Architecture & CAD/Engineering,Interior / Architecture firm,Surat,Principal / Owner,9825134039,https://wa.me/919825134039,,https://www.facebook.com/INKinccorp/,GPU workstations for interior/architecture 3D rendering; dual monitors; NAS; backup; networking; AMC,Interior/architecture design firm,Local design firm,Contact found,"Surat, Gujarat",Facebook page,https://www.facebook.com/INKinccorp/,Small,Interior/architecture design
L0937,C,SME - direct,56,Happy Events,Professional Services SME,Event & wedding planner,Surat,,9714779996,https://wa.me/919714779996,,https://happyeventsurat.com/,laptops; CCTV; networking + Wi-Fi; UPS; AMC,Wedding/event booking volume,Wedding + balloon decor services,Contact found,,Company website,https://happyeventsurat.com/,Small/solo planner,Wedding & event planner + balloon decor
L0946,C,SME - direct,56,Shiv Enterprises,SME Manufacturing & Jobwork,Electroplating job work,Surat,,+91 8047630689,https://wa.me/918047630689,,,shop-floor CCTV; networking; billing PC; biometric attendance; AMC,Electroplating job-work capacity,Metal-finishing job shop,Contact found,"Surat, Gujarat",IndiaMART,https://dir.indiamart.com/impcat/electroplating-services.html,Small electroplating job shop,IndiaMART proxy number; electroplating job work
L0911,C,SME - direct,56,AAKAR Architects & Associates,Architecture & CAD/Engineering,Architecture firm,Surat,Principal Architect / Partner,,,,https://www.facebook.com/aakararchitectsandassociates/,GPU workstations for architecture rendering & CAD; dual monitors; NAS; backup; networking; AMC,Architecture practice in Surat,Local architecture firm,Existence-verified (contact pending),"Surat, Gujarat",Facebook page,https://www.facebook.com/aakararchitectsandassociates/,Small-mid,Contact not visible on source
L0914,C,SME - direct,56,Likha Design Studio,Architecture & CAD/Engineering,Interior / Architecture studio,Adajan,Principal / Owner,,,,https://kreatecube.com/profile/likha-design-studio,GPU workstations for interior/architecture rendering; dual monitors; NAS; backup; networking; AMC,Residential & commercial interiors; turnkey-focused,Turnkey project orientation,Existence-verified (contact pending),"Adajan Dn, Surat, Gujarat 395009",KreateCube profile,https://kreatecube.com/profile/likha-design-studio,Small,Phone not visible on source
L0915,C,SME - direct,56,Ankit Gems,Diamond & Bourse,Diamond exporter,Katargam (Gotalawadi),Owner/Partner or Admin head,,,,,Diamond-planning workstations; managed networking; CCTV + access control; office desktops; AMC,Graded-diamond export focus,Mid-size exporter,Existence-verified (contact pending),"Plot 315, Patel Faliya, Gotalawadi, Katargam, Surat 395004",JustDial + search snippet,https://www.justdial.com/Surat/Ankit-Gems-Plot-No-315-Patel-Faliya-Gotalawadi-Katargam/0261PX261-X261-140702144542-E7Y1_BZDET,Graded diamonds; high standards,"Authentic graded diamonds, Katargam"
L0916,C,SME - direct,56,AP Gems,Diamond & Bourse,Diamond manufacturer,Mahidharpura,Owner/Partner or Admin head,,,,,Diamond-planning workstations; managed networking; CCTV + access control; office desktops; AMC,Established 14-yr operation,Mid-size diamond manufacturer,Existence-verified (contact pending),"102 Veer Ashish Building, Thobha Sheri, Mahidharpura, Surat 395003",JustDial + search snippet,https://www.justdial.com/Surat/AP-GEMS-Mahidharpura/0261PX261-X261-170121213859-E8R8_BZDET,14 yrs in business; 4.6 rating,Diamond manufacturer in Mahidharpura district
L0918,C,SME - direct,56,OM Diamond,Diamond & Bourse,Diamond manufacturer (fancy cuts),Varachha (Mini Bazar),Owner/Partner or Admin head,,,,,Diamond-planning workstations; managed networking; CCTV + access control; office desktops; AMC,Specialty-cut manufacturer,Mid-size diamond firm,Existence-verified (contact pending),"510 Rajhans Heights, Mini Bazar, Behind M.D. Tower, Varachha Road, Surat 395006",JustDial + search snippet,https://www.justdial.com/jdmart/Surat/OM-Diamond-Behind-MD-Tower-Varachha-Road/0261P2621-2621-110201150720-W4K4_BZDET/catalogue,Specialist rose/pear/brilliant cut diamonds,"Rose cut, pear, brilliant cut diamonds"
L0919,C,SME - direct,56,R Rajesh Exports,Diamond & Bourse,Diamond exporter,Katargam,Owner/Partner or Admin head,,,,,Diamond-planning workstations; managed networking; CCTV + access control; office desktops; AMC,Export sourcing focus,Mid-size exporter,Existence-verified (contact pending),"303 Nandu Doshi Ni Wadi, Opp Bus Stop, Katargam, Surat 395004",JustDial + search snippet,https://www.justdial.com/Surat/R-Rajesh-Exports-Opposite-Bstation-Lane-Katargam/0261PX261-X261-140712112547-F9Y8_BZDET,Diamond exporter; craftsmanship + sourcing,"Diamond exporter, Katargam"
L0920,C,SME - direct,56,Shree Krishna Exports,Diamond & Bourse,Diamond exporter,Katargam (Gotalawadi),Owner/Partner or Admin head,,,,,Diamond-planning workstations; managed networking; CCTV + access control; office desktops; AMC,Export-oriented Katargam firm,Mid-size exporter,Existence-verified (contact pending),"Nishal Faliya, Gotalawadi, Katargam, Surat 395004",JustDial + search snippet,https://www.justdial.com/Surat/Shree-Krishna-Exports-Katargam/0261PX261-X261-140714122915-H3M2_BZDET,"Diamond exporter, Katargam",Diamond exporter in Katargam diamond cluster
L0921,C,SME - direct,56,Bhajiya And Fast Food Junction,Food & Hospitality SME,QSR / Fast Food,Vesu,Owner/Proprietor,,,,,POS/billing PCs; KOT printers; CCTV; Wi-Fi; AMC,Fast-food spot near school,Prime Vesu canal road,Existence-verified (contact pending),"G-24, Money Arcade, Vesu Canal Road, Vesu, Surat 395007 (Near GD Goenka School)",JustDial,https://www.justdial.com/Surat/Bhajiya-And-Fast-Food-Junction-Near-Gd-Goenka-School-Vesu/0261PX261-X261-190301014445-W6F7_BZDET,"Small (fast-food junction, ~5-12 staff)",Phone behind JustDial Show Number; Vesu
L0922,C,SME - direct,56,Jay Gopinath Khaman & Locho,Food & Hospitality SME,Farsan / Khaman / Locho,Vesu,Owner/Proprietor,,,,,POS/billing PC; CCTV; Wi-Fi; AMC,Vesu locho/khaman counter,Prime Vesu locality demand,Existence-verified (contact pending),"Opposite Jolly Residency, Vesu, Surat",JustDial,https://www.justdial.com/Surat/Jay-Gopinath-Khaman-Locho-Opposite-Jolly-Residency-Vesu/0261PX261-X261-161028125023-H6U5_BZDET,Small (single khaman/locho outlet),Phone behind JustDial Show Number; Vesu area
L0923,C,SME - direct,56,Keval Farsan & Sweet Mart,Food & Hospitality SME,Sweet Shop / Farsan,Sarthana,Owner/Proprietor,,,,,POS/billing PC; CCTV; Wi-Fi; AMC,Neighbourhood sweet+farsan mart,"Open till 10pm, steady trade",Existence-verified (contact pending),"Shop No 2, Akshardham Society, Opp Navjivan Restaurant, Sarthana, Surat 395006",JustDial,https://www.justdial.com/Surat/Keval-Farsan-And-Sweet-Mart-Opposite-Navjivan-Restaurant-Sarthana/0261PX261-X261-151226105956-G4V1_BZDET,Small (single sweet/farsan shop),Phone behind JustDial Show Number; Sarthana area
L0924,C,SME - direct,56,Laxmi Dairy & Laxmi Farsan & Sweets,Food & Hospitality SME,Sweet Shop / Dairy / Farsan,Dabholi,Owner/Proprietor,,,,,POS/billing PC; CCTV; Wi-Fi; AMC,Combined dairy+farsan+sweets shop,Diversified neighbourhood store,Existence-verified (contact pending),"Dabholi, Surat",JustDial,https://www.justdial.com/Surat/Laxmi-Dairy-Laxmi-Farsan-Sweets-Surat-Dabholi/0261PX261-X261-241224165004-G1B2_BZDET,Small (dairy + farsan + sweets),Phone behind JustDial Show Number; recent listing (2024)
L0925,C,SME - direct,56,Shree Ram Live Pav Bhaji,Food & Hospitality SME,QSR (Pav Bhaji),Yogi Chowk,Owner/Proprietor,,,,,POS/billing PC; CCTV; Wi-Fi; AMC,Popular live pav bhaji spot,Yogi Chowk high footfall,Existence-verified (contact pending),"Near Vastu Pujan Heights, Yogi Chowk, Surat",JustDial,https://www.justdial.com/Surat/Shree-Ram-Live-Pav-Bhaji-Near-Vastu-Pujan-Heights-Yogi-Chowk/0261PX261-X261-181024125638-F8I5_BZDET,Small (live pav bhaji counter),Phone behind JustDial Show Number; Yogi Chowk
L0926,C,SME - direct,56,Surat Khaman House,Food & Hospitality SME,Farsan / Khaman,Gopipura,Owner,,,,suratkhamanhouse (FB),POS/billing PC; CCTV; Wi-Fi; AMC,Classic Surti khaman house,Old-city steady footfall,Existence-verified (contact pending),"Near Subhash Chowk, Gopipura, Surat",Facebook/JustDial,https://www.facebook.com/suratkhamanhouse/,Small (single khaman counter),Phone via FB/JustDial; Gopipura khaman specialist
L0927,C,SME - direct,56,The Cakesmith,Food & Hospitality SME,Cake Shop / Home Bakers,Surat,Owner (IG @thecakesmithsurat),,,,thecakesmithsurat (IG),POS/billing PC; CCTV; Wi-Fi; AMC,"Customized designer-cake studio, 5700+ IG followers",Growing IG-driven custom-cake demand,Existence-verified (contact pending),"Surat (designer cakes, home delivery)",Instagram,https://www.instagram.com/thecakesmithsurat/,"Small (home/boutique bakery, ~3-8 staff)",No public phone in snippet; DM/IG approach; boutique baker
L0928,C,SME - direct,56,Akash (Aakash) Plastopack Pvt Ltd,GIDC Manufacturing,Plastics / Flexible Packaging Film,GIDC Sachin,Purchase / Director,,,,,ERP servers; plant & office desktops; industrial PCs; CCTV; networking + Wi-Fi; biometric access; AMC,Flexible packaging film production; food-grade film demand,Established flexible packaging film maker,Existence-verified (contact pending),"Plot No 1 141/142, Road No ID-1, GIDC Sachin, Surat 394230, Gujarat",IndiaMART,https://www.indiamart.com/aakash-plastopack-private-limted/,Medium (PVC cling/twist film manufacturer; estd 1996),"PVC cling film, PVC twist wrap films"
L0929,C,SME - direct,56,Krishna Dye Chem,GIDC Manufacturing,Dyes / Textile Auxiliaries,Pandesara,IT Manager / Purchase / Director,,,,https://www.krishnadyechem.in/,ERP servers; plant & office desktops; industrial PCs; CCTV; networking + Wi-Fi; biometric access; AMC,Dye & auxiliary production; second plant at Saykha GIDC,Multi-site (Pandesara office + Saykha plant),Existence-verified (contact pending),"28/C, Lalakunj Estate, Near Rachana Dyeing Mill, Pandesara GIDC, Surat 394221, Gujarat",Company website,https://www.krishnadyechem.in/contact.html,Small-Medium (dyes & textile auxiliaries; plant at Saykha),"Dyes, textile auxiliaries"
L0930,C,SME - direct,56,Balaji Infosol,IT & Software,Software development / IT services,Surat,Founder/Director,,,,http://sbitindia.co.in/,Developer workstations; small server/NAS; firewall + switches + Wi-Fi; CCTV; AMC,Founded Aug 2008; software + IT services,Long-running small IT services firm,Existence-verified (contact pending),"Surat, Gujarat",GoodFirms directory listing,https://www.goodfirms.co/directory/city/app-development/surat,Small (since Aug 2008),No verified contact on source; smaller spend
L0931,C,SME - direct,56,Dhyanvi Technologies,IT & Software,Website design / SEO,"Lal Darwaja (Railway Station), Surat",Founder/Director,,,,https://dhyanvi.com/,Designer workstations; small server/NAS; firewall + switches + Wi-Fi; CCTV; AMC,Web design + SEO agency in central Surat,Premium business-hub office,Existence-verified (contact pending),"1106B, 11th Floor, Excellent Business Hub, Lal Darwaja Road, Near Railway Station, Surat 395003",Company website (contact page),https://dhyanvi.com/contact/,Small,Phone not in snippet; smaller spend profile
L0932,C,SME - direct,56,Cheers Events,Media/Video/Photo,Wedding production / event media,Piplod / City Light,Owner/Founder,,,,,Editing rigs for event video; storage/NAS; backup; AMC,Wedding event video/photo coverage,Royal wedding planning & event management,Existence-verified (contact pending),"306, Union Heights, Rahulraj Mall Lane, Piplod, City Light, Surat 395007",Wedding.net / directory,https://surat.wedding.net/other/1593075/,Wedding planning + media,Wedding planning + event media; Piplod/City Light
L0933,C,SME - direct,56,Image Photo Studio,Media/Video/Photo,Photography studio,Vesu,Owner/Founder,,,,,Color-accurate editing workstations; fast storage/NAS; backup; AMC,Studio/wedding shoot volume,Vesu photo studio,Existence-verified (contact pending),"Opposite Aagam Orchid, Near Nandini 2, Vesu, Surat",JustDial listing,https://www.justdial.com/Surat/Image-Photo-Studio-Opposite-Aagam-Orchid-Near-Nandini-2-Vesu/0261PX261-X261-220512162730-B5I3_BZDET,SME,Photo studio; Vesu (opp Aagam Orchid)
L0934,C,SME - direct,56,Mitra Production,Media/Video/Photo,Ecommerce/video production,Godadara,Owner/Founder,,,,,Editing/product workstations; fast storage/NAS; backup; AMC,Ecommerce content/video volume,Ecommerce service provider; Godadara,Existence-verified (contact pending),"Near Capital Square, Parvat Gam, Godadara, Surat",JustDial listing,https://www.justdial.com/Surat/Mitra-Production-Near-Capital-SquareParvat-Gam-Godadara/0261PX261-X261-230309203324-I3M2_BZDET,SME,Ecommerce + production services; Godadara
L0935,C,SME - direct,56,Sai Mandir Film Production,Media/Video/Photo,Film/video production,Adajan,Owner/Founder,,,,,GPU editing workstations; video storage/NAS; color-grading; backup; AMC,Wedding/event film volume,Film production house; Adajan,Existence-verified (contact pending),"Adajan, Surat 395009",Sulekha listing,https://www.sulekha.com/sai-mandir-film-production-surat-adajan-surat-contact-address,SME,"Film production; Adajan, Surat"
L0936,C,SME - direct,56,Adroit Immigration Services Pvt Ltd,Professional Services SME,Immigration consultant,Nanpura,,,,,,desktops/laptops; NAS backup; networking + Wi-Fi; UPS; AMC,Visa/immigration volume,Immigration services Nanpura,Existence-verified (contact pending),"Ground Floor, Ahura Mazda, Nr Jivan Shaili Clinic, Nanpura, Surat 395001",Directory (IndiaMART),https://dir.indiamart.com/surat/immigration-service.html,Small consultancy,Immigration services Nanpura - small Pvt Ltd
L0938,C,SME - direct,56,BMK Enterprises,SME Manufacturing & Jobwork,Paper plate / bowl manufacturing,Surat,,,,,https://www.indiamart.com/bmk-enterprises-surat/,billing PC; shop-floor CCTV; networking; biometric attendance; AMC,Paper plate/bowl production capacity,Disposable paper products maker,Existence-verified (contact pending),"Surat, Gujarat",IndiaMART,https://www.indiamart.com/bmk-enterprises-surat/,Small disposable-products unit,"Paper plates, paper bowls"
L0939,C,SME - direct,56,Crispy Dhosa Khakhra Gruh Udyog,SME Manufacturing & Jobwork,Khakhra / snack food manufacturing,Surat,,,,,,billing PC; shop-floor CCTV; networking; biometric attendance; AMC,Khakhra production capacity,15+ years food production,Existence-verified (contact pending),"Surat, Gujarat (est. 2005)",IndiaMART,https://www.indiamart.com/crispy-dhosa-bite/,"Est. 2005, small gruh-udyog unit","Masala khakhra, cheese dhosa khakhra"
L0940,C,SME - direct,56,Harekrishna Gruh Udhyog,SME Manufacturing & Jobwork,Masala / spice manufacturing,Surat,,,,,,billing PC; shop-floor CCTV; networking; biometric attendance; AMC,Masala/hing/turmeric production,15+ years; multiple spice products,Existence-verified (contact pending),"Surat, Gujarat (est. 2006)",IndiaMART,https://www.indiamart.com/harekrishna-gruh-udhyog/,"Est. 2006, small spice unit","Masala powder, compound hing, turmeric powder"
L0941,C,SME - direct,56,J. J. Namkeen,SME Manufacturing & Jobwork,Snacks / chakli / biscuit manufacturing,Surat,,,,,https://www.indiamart.com/j-j-namkeen/,billing PC; shop-floor CCTV; networking; biometric attendance; AMC,Snacks/chakli/biscuit production,Multiple snack product lines,Existence-verified (contact pending),"Surat, Gujarat",IndiaMART,https://www.indiamart.com/j-j-namkeen/,Small snack-food unit,"Snacks, chakli, biscuits"
L0942,C,SME - direct,56,JP Industries,SME Manufacturing & Jobwork,Paper plate / glass machine manufacturing,Surat,,,,,https://www.indiamart.com/jpindustriessurat/,billing/ERP PC; shop-floor CCTV; networking; biometric attendance; AMC,Disposable-machine production capacity,Paper plate/glass making machine maker,Existence-verified (contact pending),"Surat, Gujarat",IndiaMART,https://www.indiamart.com/jpindustriessurat/,Small machine-building unit,Paper plate & disposable glass making machines
L0943,C,SME - direct,56,Kanak Food,SME Manufacturing & Jobwork,Khakhra / snack food manufacturing,Surat,,,,,,billing PC; shop-floor CCTV; networking; biometric attendance; AMC,Khakhra production capacity,Multiple khakhra varieties,Existence-verified (contact pending),"Surat, Gujarat",IndiaMART,https://www.indiamart.com/kanak-gruh-udhyog/,Small gruh-udyog food unit,"Methi khakhra, sada khakra, masala khakra"
L0944,C,SME - direct,56,Mas Masala Gruh Udyog,SME Manufacturing & Jobwork,Masala / spice blends manufacturing,"Nanpura, Surat",,,,,https://www.indiamart.com/masmasalagruhudyog/about-us.html,billing PC; shop-floor CCTV; networking; biometric attendance; AMC,Masala blend production (biryani/tikka),Multiple branded masala blends,Existence-verified (contact pending),"Nanpura, Surat, Gujarat",IndiaMART,https://www.indiamart.com/masmasalagruhudyog/about-us.html,Small spice-blend unit,"Biryani, chicken/mutton gravy & tikka masala"
L0945,C,SME - direct,56,Parasmani Shri Mahila Gruh Udyog,SME Manufacturing & Jobwork,Khakhra / namkeen manufacturing,Surat,,,,,,billing PC; shop-floor CCTV; networking; biometric attendance; AMC,Newer unit (2018) - growth/setup phase,"Owner-run, recently established",Existence-verified (contact pending),"Surat, Gujarat (est. 2018)",IndiaMART,https://www.indiamart.com/khakhra-gruh-udhyog/,"Sole proprietorship est. 2018, small unit","Bhakarwadi namkeen, plain/masala khakhra"
L0947,C,SME - direct,56,Sivam Prints,SME Manufacturing & Jobwork,Screen printing job work,"Udhna, Surat",,,,,,shop-floor CCTV; networking; billing PC; biometric attendance; AMC,Screen printing job-work capacity (Rs 35/pc),Job-work printer in Udhna,Existence-verified (contact pending),"Udhna, Surat, Gujarat",IndiaMART,https://dir.indiamart.com/surat/screen-printing-services.html,Small screen-printing job shop,Screen printing service at Rs 35/piece
L0948,C,SME - direct,56,Tirupati Gruh Udhyog,SME Manufacturing & Jobwork,Namkeen / khakhra manufacturing,Surat,,,,,https://www.indiamart.com/tirupatigruhudhyog/,billing PC; shop-floor CCTV; networking; biometric attendance; AMC,Namkeen + khakhra production,Bhakarwadi + methi khakhra maker,Existence-verified (contact pending),"Surat, Gujarat",IndiaMART,https://www.indiamart.com/tirupatigruhudhyog/,Small namkeen/khakhra unit,"Bhakarwadi namkeen, methi khakhra"
L0949,C,SME - direct,56,MAK Fabrics,Textile Manufacturing,Embroidery (Schiffli),Surat,Owner/Director,,,,https://www.makfabrics.in/schiffli-embroidered-fabric.html,ERP/Tally servers; design & billing PCs; CCTV; networking + Wi-Fi; biometric attendance; AMC,Schiffli embroidery fabric production,Embroidery fabric operations,Existence-verified (contact pending),"Surat, Gujarat",Company website,https://www.makfabrics.in/schiffli-embroidered-fabric.html,Small-mid: dyeable Schiffli embroidered fabric manufacturer,Schiffli embroidery unit; basic design/shop-floor IT/CCTV scope
L0950,C,SME - direct,56,Seeboo Tex Faab,Textile Manufacturing,Embroidery (Schiffli),Surat,Owner/Director,,,,https://www.seebootexfaab.in/schiffli-work-fabric.html,ERP/Tally servers; design & billing PCs; CCTV; networking + Wi-Fi; biometric attendance; AMC,Schiffli embroidery fabric production,Embroidery fabric operations,Existence-verified (contact pending),"Surat, Gujarat",Company website,https://www.seebootexfaab.in/schiffli-work-fabric.html,Small-mid: Schiffli embroidery fabric manufacturer,Schiffli embroidery unit; basic design/shop-floor IT/CCTV scope
L0951,C,SME - direct,56,K.P. Fitness Gym,Wellness & Clinics SME,Gym/fitness center,Adajan,,,,,,reception/billing PCs; CCTV; biometric access; Wi-Fi; AMC,Membership/access control,Owner-run neighborhood gym,Existence-verified (contact pending),"Adajan Dn, Surat",Fitmasto,https://fitmasto.com/en/k-p-fitness-gym-in-adajan-dn-surat/gym556,Owner-run men+ladies gym,Phone via Fitmasto listing
L0952,C,SME - direct,56,Siddharth Hair Transplant Centre,Wellness & Clinics SME,Hair transplant/cosmetic clinic,Surat,,,,,https://siddharthhairtransplant.com/,reception/billing PCs; CCTV; Wi-Fi; NAS for imaging; AMC,Procedure-based clinic,Dedicated hair restoration center,Existence-verified (contact pending),Surat (address not in snippet),Business website,https://siddharthhairtransplant.com/,Owner-run hair restoration clinic,Website 403; verify address/phone
L0960,C,SME - direct,55,Umesh A Patil Advocate,Professional Services SME,Advocate (civil),Udhana,Umesh A Patil (Advocate),9925458897,https://wa.me/919925458897,,,desktop/laptop; NAS backup; UPS; AMC,Case-file digitisation,Civil law practice,Contact found,"C-301, Navagam Dindoli Road, 2nd Floor, Opp Navagam Bus Stop, Ramayan Park, Jamuna Park Society, Udhana, Surat 395001",Directory (LawRato),https://lawrato.com/lawyers/surat,Solo/small practice,Solo civil advocate Udhana
L0963,C,SME - direct,55,Black Beauty Spa,Wellness & Clinics SME,Spa/massage center,Vesu,,9662268377,https://wa.me/919662268377,,,reception/billing PCs; CCTV; Wi-Fi; AMC,Owner-run spa,Vesu location,Contact found,"Vesu, Surat",HelloIndia,https://www.helloindia.co/Surat/Black-Beauty-Spa/Vesu,Owner-run spa/massage center,Mobile captured
L0953,C,SME - direct,55,Aurora ENT & Dental Clinic,Healthcare,ENT + dental clinic,Surat,Owner-doctor / Practice Manager,,,,https://www.auoraentdental.com/,Practice-management servers; ENT/dental imaging workstations; reception/billing desktops; networking + Wi-Fi; CCTV; UPS; AMC,ENT endoscopy + dental imaging endpoints,New ultramodern combined facility,Existence-verified (contact pending),Surat (ENT + dental under one roof),Clinic website,https://www.auoraentdental.com/,Combined ENT + dental ultramodern facility,Smaller combined clinic; modest spend
L0954,C,SME - direct,55,Vatsalya Maternity & Children Hospital,Healthcare,Maternity & children hospital,Bhedvad,Hospital Administrator / Owner-doctor,,,,https://www.medindia.net/directories/hospitals/vatsalya-maternity-children-hospital-surat-gujarat-28175.htm,HIS/EMR servers; ultrasound/NICU imaging workstations; reception/billing desktops; networking + Wi-Fi; CCTV; UPS; AMC,Maternity ultrasound + NICU monitoring data,Established maternity/children hospital,Existence-verified (contact pending),"Bhedvad, Surat",Directory (Medindia),https://www.medindia.net/directories/hospitals/vatsalya-maternity-children-hospital-surat-gujarat-28175.htm,Maternity + pediatric hospital,Maternity/peds; ultrasound + CCTV need
L0955,C,SME - direct,55,AONE SEO Service,IT & Software,Digital marketing / SEO agency,Surat,Founder/Director,,,,https://www.aoneseoservice.com/,Marketing workstations; small NAS; firewall + switches + Wi-Fi; CCTV; AMC,"ROI-driven SEO, PPC, SMM, branding",SME digital agency,Existence-verified (contact pending),"Surat, Gujarat",Company website,https://www.aoneseoservice.com/digital-marketing-agency-in-surat.html,Small,No contact on source; smaller agency
L0957,C,SME - direct,55,Devanshi Property Consultant,Professional Services SME,Real estate consultant,Adajan,,,,,,desktop/laptop; CCTV; networking + Wi-Fi; UPS; AMC,Adajan/Pal property deals,Local Adajan broker,Existence-verified (contact pending),"Shop No 20, Samrat Campus, Pal Road, Adajan Dn, Surat 395009 (Near L P Savani School)",Directory (JustDial),https://www.justdial.com/Surat/Devanshi-Estate-Agency-Near-L-P-Sawani-School-Adajan-Road/0261P261STDF000805_BZDET,Small/solo agency,Local property consultant Adajan Pal Road
L0958,C,SME - direct,55,Metropolis Event,Professional Services SME,Event management,New City Light,,,,,,laptops; NAS backup; CCTV; networking + Wi-Fi; UPS; AMC,Corporate event volume,Full-service event mgmt,Existence-verified (contact pending),"Om Terrace, New City Light Road, Surat",Directory (JustDial),https://www.justdial.com/Surat/Event-Management-Companies-For-Corporate/nct-10552202,Small full-service firm,Full-service event mgmt New City Light Rd
L0959,C,SME - direct,55,SR India Communication,Professional Services SME,Event & exhibition management,Surat,,,,,,laptops/desktop; NAS backup; CCTV; networking + Wi-Fi; UPS; AMC,Exhibition + event volume,Exhibit + event management,Existence-verified (contact pending),"15, Mani Nagar, A.K. Road, Surat",Directory (Sulekha),https://www.sulekha.com/corporate-event-management-companies/surat,Small firm,Exhibit & event management firm A.K. Road
L0961,C,SME - direct,55,7 Unisex Salon,Wellness & Clinics SME,Salon (unisex),Adajan,,,,,,reception/billing PCs; CCTV; Wi-Fi; AMC,Owner-run salon,Adajan location,Existence-verified (contact pending),"4, Surya Darshan Apartment, Opposite Bhulka Bhavan Market, Anand Mahal Road, Adajan Road, Surat 395009",JustDial,https://www.justdial.com/Surat/7-Unisex-Salon-Opposite-Bhulka-Bhavan-Market-Adajan-Road/0261PX261-X261-131113120443-M6E6_BZDET,Owner-run unisex salon,Phone behind JustDial Show Number
L0962,C,SME - direct,55,Alpine Physio & Fitness,Wellness & Clinics SME,Physiotherapy center,Rander/Adajan,Dr. Jitendra S. Parmar (Owner),,,,,reception/billing PCs; CCTV; Wi-Fi; AMC,Combined physio+fitness,Adajan/Rander location,Existence-verified (contact pending),"#313, Satyam Shopping Complex, Talwadi, Rander, Adajan Dn, Surat",Practo,https://www.practo.com/surat/physiotherapist,Owner-run physio+fitness,Phone via Practo listing
L0966,C,SME - direct,54,Square Studio Designs,Architecture & CAD/Engineering,Design studio,Katargam,Principal / Owner,9998803717,https://wa.me/919998803717,,,GPU workstations for design/visualisation; dual monitors; NAS; backup; networking; AMC,Design studio in Katargam,Local design studio,Contact found,"555, Laxmi Enclave 2, Opp Gajera School, Katargam, Surat",Facebook page,https://www.facebook.com/squarestudio.india/,Small,Design/visualisation studio
L0982,C,SME - direct,54,R P Plastic Industries,GIDC Manufacturing,Plastics / Reprocessed Granules,GIDC Sachin,Purchase / Director,+91 8140 888110,https://wa.me/918140888110,info@rpplasticind.com,https://www.rpplasticind.com/,ERP servers; plant & office desktops; industrial PCs; CCTV; networking + Wi-Fi; biometric access; AMC,Reprocessed granule supply; recycling capacity demand,HDPE/PP/LLDPE reprocessed granule manufacturer,Contact found,"Plot No. 938, Road No. 6, Sachin GIDC, Surat 394230, Gujarat",Company website,https://www.rpplasticind.com/contact,Small-Medium (reprocessed plastic granules; estd 2018),"HDPE, PP, LLDPE reprocessed plastic granules"
L0989,C,SME - direct,54,Capital Real Estate & Land Broker,Professional Services SME,Real estate / land broker,Surat,,7490856903,https://wa.me/917490856903,,,desktop/laptop; CCTV; networking; UPS; AMC,Land + property brokerage,Local broker,Contact found,,Directory (JustDial),https://www.justdial.com/Surat/Real-Estate-Agents/nct-10192623,Small/solo broker,"Land + real estate broker, JustDial listing"
L0991,C,SME - direct,54,Ravindra Patil LIC Agent,Professional Services SME,Insurance advisor (LIC),Surat,Ravindra Patil (LIC agent/advisor),7016306447,https://wa.me/917016306447,ravipatil@licservicecenter.in,,desktop/laptop; NAS backup for client policy data; UPS; AMC,Policy/client portfolio growth; investment advisory,Investment advisory + LIC agency,Contact found,"LIC Branch 2863, Surat",Company website,https://licservicecenter.in/,Solo advisor,Solo LIC agent + investment advisor - client data/backup
L0964,C,SME - direct,54,Gruham Solutions (Gruham Design Studio),Architecture & CAD/Engineering,Architecture / Design studio,Sarthana,Principal / Owner,,,,https://www.houzz.in/professionals/architects-and-building-designers/gruham-design-studio-pfvwin-pf~1203033188,GPU workstations for architecture/interior rendering; dual monitors; NAS; backup; networking; AMC,Architecture/design studio in Sarthana,Local design studio,Existence-verified (contact pending),"39, Ashirwad Park Society, B/H Subhash Nagar Society, Sarthana, Jakatnaka, Surat 395006",Houzz profile,https://www.houzz.in/professionals/architects-and-building-designers/gruham-design-studio-pfvwin-pf~1203033188,Small,Phone not visible on source
L0965,C,SME - direct,54,Naksh Gruham Design Studio,Architecture & CAD/Engineering,Interior design studio,Surat,Principal / Owner,,,,https://nakshgruhamdesignstudio.in/,GPU workstations for interior 3D rendering; dual monitors; NAS; backup; networking; AMC,Interior design for commercial & residential sites,Local interior studio,Existence-verified (contact pending),"Surat, Gujarat",Company website,https://nakshgruhamdesignstudio.in/,Small,Contact not visible on source
L0967,C,SME - direct,54,Govinda Diamond,Diamond & Bourse,Diamond manufacturer (polished + LGD jewellery),Mahidharpura,Owner/Partner or Admin head,,,,,Diamond-planning workstations; managed networking; CCTV + access control; office desktops; AMC,Polished + lab-created jewellery range,Small/mid diamond firm,Existence-verified (contact pending),"Mahidharpura, Surat 395003",JustDial + search snippet,https://www.justdial.com/Surat/Govinda-Diamond-Mahidharpura/0261PX261-X261-171212071326-D5U5_BZDET,4.9 rating; polished + eco-friendly lab-created jewellery,Polished diamonds + lab-created diamond jewellery
L0968,C,SME - direct,54,Harekrishna Jems,Diamond & Bourse,Diamond exporter,Katargam,Owner/Partner or Admin head,,,,,Diamond-planning workstations; managed networking; CCTV + access control; office desktops; AMC,Export-oriented Katargam firm,Mid-size exporter,Existence-verified (contact pending),"C 3753 Nandu Doshni Wadi, Vasta Devdi Road, Opp Torrent Power Station, Katargam, Surat 395004",JustDial + search snippet,https://www.justdial.com/Surat/Harekrishna-Jems-Opposite-Torrent-Power-Station-Katargam/0261PX261-X261-110819124631-B8G7_BZDET,"Diamond exporter, Katargam","Diamond exporter, Katargam cluster"
L0969,C,SME - direct,54,Jewel Star,Diamond & Bourse,Diamond exporter,Katargam (Old GIDC),Owner/Partner or Admin head,,,,,Diamond-planning workstations; managed networking; CCTV + access control; office desktops; AMC,Export-oriented firm,Mid-size exporter,Existence-verified (contact pending),"Opp RJD Business Hub, Old GIDC, Katargam, Surat 395004",JustDial + search snippet,https://www.justdial.com/Surat/Jewel-Star-Opposite-RJD-Business-Hub-Old-GIDC-Katargam/0261PX261-X261-110819172526-Z6G3_BZDET,"Diamond exporter, Old GIDC Katargam","Diamond exporter, Old GIDC Katargam"
L0970,C,SME - direct,54,Kiran Exports,Diamond & Bourse,Diamond exporter,Katargam,Owner/Partner or Admin head,,,,,Diamond-planning workstations; managed networking; CCTV + access control; office desktops; AMC,Export-oriented firm,Mid-size exporter,Existence-verified (contact pending),"Bhavani Circle, Katargam, Surat 395004",JustDial + search snippet,https://www.justdial.com/Surat/Kiran-Exports-Bhavani-Circle-Katargam/0261PX261-X261-190923115018-E2V8_BZDET,"Diamond exporter, Katargam","Diamond exporter, Bhavani Circle Katargam"
L0971,C,SME - direct,54,P Hitesh & Co,Diamond & Bourse,Diamond manufacturer & exporter,Mahidharpura,Owner/Partner or Admin head,,,,,Diamond-planning workstations; managed networking; CCTV + access control; office desktops; AMC,Newer export firm,Growing diamond exporter,Existence-verified (contact pending),"Mahidharpura, Surat 395003",JustDial + search snippet,https://www.justdial.com/jdmart/Surat/P-Hitesh-Company-Mahidharpura/0261PX261-X261-110211184859-N5U4_BZDET/catalogue,Established 2019; diamond exporter,"Diamond manufacturer & exporter, Mahidharpura"
L0972,C,SME - direct,54,Palak Designer Diamond Jewellery,Diamond & Bourse,Diamond jewellery manufacturer,Mahidharpura,Owner/Partner or Admin head,,,,,Jewellery CAD workstations; managed networking; CCTV + access control; office desktops; AMC,Established 16-yr operation,Diamond jewellery maker,Existence-verified (contact pending),"201 Santok Diamond Building, Hat Faliya, Mahidharpura, Surat 395003",JustDial + search snippet,https://www.justdial.com/Surat/Palak-Designer-Diamond-Jewellery-Hat-Faliya-Mahidharpura/0261PX261-X261-130606150709-M1C2_BZDET,16 yrs in business; 4.0 rating,Designer diamond jewellery manufacturer
L0973,C,SME - direct,54,Dil Dosti Chai,Food & Hospitality SME,Tea Cafe,Piplod,Owner,,,,,POS/billing PCs; CCTV; Wi-Fi; AMC,Youth-oriented chai cafe,Piplod cafe-belt,Existence-verified (contact pending),"Piplod, Surat",Zomato,https://www.zomato.com/surat/dil-dosti-chai-piplod,Small (tea/chai cafe),Phone via Zomato page; chai cafe
L0974,C,SME - direct,54,Jyoti Khaman & Locho,Food & Hospitality SME,Farsan / Khaman / Locho,Sachin,Owner/Proprietor,,,,,POS/billing PC; CCTV; Wi-Fi; AMC,Khaman+locho maker in Sachin,Manufacturer-cum-retail,Existence-verified (contact pending),"Sachin, Surat",JustDial,https://www.justdial.com/Surat/Jyoti-Khaman-Locho-Sachin/0261PX261-X261-170927192544-I8Z3_BZDET,Small (farsan manufacturer/outlet),Phone behind JustDial Show Number; Sachin (South Surat)
L0975,C,SME - direct,54,Patel Pav Bhaji & Fast Food,Food & Hospitality SME,QSR (Pav Bhaji/Fast Food),Umarwada,Owner/Proprietor,,,,,POS/billing PC; CCTV; Wi-Fi; AMC,Neighbourhood fast-food spot,Local demand,Existence-verified (contact pending),"Near Archana School, Umarwada, Surat",JustDial,https://www.justdial.com/Surat/Patel-Pav-Bhaji-Fast-Food-Near-Archana-School/0261PX261-X261-230129150948-F3I7_BZDET,Small (pav bhaji + fast food),Phone behind JustDial Show Number; Umarwada
L0976,C,SME - direct,54,Patisserie Cakeshop,Food & Hospitality SME,Cake Shop / Patisserie,Surat,Owner (IG),,,,patisserie_cakeshop (IG),POS/billing PC; CCTV; Wi-Fi; AMC,"Boutique patisserie, IG-active",Growing custom orders,Existence-verified (contact pending),Surat (patisserie),Instagram,https://www.instagram.com/patisserie_cakeshop/,Small (boutique patisserie),Phone via IG DM; small owner-run patisserie
L0977,C,SME - direct,54,Rajwadi Farsan & Sweet,Food & Hospitality SME,Sweet Shop / Farsan,Punagam,Owner/Proprietor,,,,,POS/billing PC; CCTV; Wi-Fi; AMC,Local farsan+sweet shop,Neighbourhood demand,Existence-verified (contact pending),"J T Nagar, B/S Siddharth Gas Agency, Opp TVS Workshop, Punagam, Surat 394210",JustDial,https://www.justdial.com/Surat/Rajwadi-Farsan-Sweet-Punagam/0261PX261-X261-120909142814-L2Y4_BZDET,Small (single farsan/sweet shop),Phone behind JustDial Show Number; Punagam area
L0978,C,SME - direct,54,Shreeji Farsan & Sweet & Namkeen,Food & Hospitality SME,Sweet Shop / Namkeen,Mota Varachha,Owner/Proprietor,,,,,POS/billing PC; CCTV; Wi-Fi; AMC,Local namkeen+sweet shop,Varachha residential demand,Existence-verified (contact pending),"Mota Varachha, Surat",JustDial,https://www.justdial.com/Surat/Shreeji-Farsan-Sweet-Namkeen-Mota-Varachha/0261PX261-X261-170605112420-L7P6_BZDET,Small (single namkeen/farsan shop),Phone behind JustDial Show Number; Mota Varachha
L0979,C,SME - direct,54,SurTEA,Food & Hospitality SME,Tea Cafe,Piplod,Owner,,,,,POS/billing PCs; CCTV; Wi-Fi; AMC,Local tea cafe,Piplod demand,Existence-verified (contact pending),"Piplod, Surat",Zomato,https://www.zomato.com/surat/surtea-piplod,"Small (tea cafe, ~4-10 staff)",Phone via Zomato page; small tea cafe
L0980,C,SME - direct,54,Trishiv Chinese Corner,Food & Hospitality SME,Restaurant (Chinese),Varachha,Owner/Proprietor,,,,,POS/billing PCs; KOT printers; CCTV; Wi-Fi; AMC,Neighbourhood Chinese counter,Varachha demand,Existence-verified (contact pending),"Varachha, Surat",Zomato,https://www.zomato.com/surat/trishiv-chinese-corner-varachha,"Small (Chinese corner, ~4-10 staff)",Phone via Zomato page; small Chinese eatery
L0981,C,SME - direct,54,Metal Fab Engineers,GIDC Manufacturing,Engineering / Heat Exchangers & Pressure Vessels,GIDC Sachin,Plant Head / Purchase / Director,,,,,ERP/design workstations; CAD desktops; industrial PCs; CCTV; networking + Wi-Fi; biometric access; AMC,Heat exchanger & pressure vessel fabrication demand,Mechanical fabrication firm in Sachin GIDC,Existence-verified (contact pending),"GIDC Sachin, Surat, Gujarat",JustDial,https://www.justdial.com/jdmart/Surat/Metal-Fab-Engineers-GIDC-Sachin/0261PX261-X261-160523105246-Z7Q2_BZDET/catalogue,Small-Medium (heat exchanger & pressure vessel fabricator),"Heat exchangers, pressure vessels, boilers"
L0983,C,SME - direct,54,Suman Chemical Industries,GIDC Manufacturing,Specialty / Construction & Paper Chemicals,GIDC Sachin,Purchase / Director,,,,https://sumanchem.in/,ERP servers; plant & office desktops; industrial PCs; CCTV; networking + Wi-Fi; biometric access; AMC,Custom manufacturing; construction/paper chemicals demand,20+ years; custom chemical manufacturing,Existence-verified (contact pending),"Plot No. C-1-B-461, Road No. 82/4, GIDC Sachin, Surat 394230, Gujarat",Company website,https://sumanchem.in/about/,Small-Medium (20+ yrs; construction & paper chemicals),"Construction chemicals, paper chemicals, custom manufacturing"
L0984,C,SME - direct,54,Tirth Sales,GIDC Manufacturing,Engineering / Investment Castings,GIDC Sachin,Plant Head / Purchase / Director,,,,https://www.tirthsales.com/,ERP/design workstations; CAD desktops; industrial PCs; CCTV; networking + Wi-Fi; biometric access; AMC,"Investment casting, machining & fabrication job work demand",Casting/machining/fabrication for multiple industries,Existence-verified (contact pending),"Plot No. 7312/1, Road No. 7, GIDC Sachin, Surat 394230, Gujarat",Company website,https://www.tirthsales.com/,Small-Medium (estd 2008; investment casting & fabrication),"SS 316 investment casting, medical implant casting, fabrication"
L0985,C,SME - direct,54,Tribhuvan Polymers Pvt Ltd,GIDC Manufacturing,Plastics / PP Bags,Palsana,Purchase / Director,,,,,ERP servers; plant & office desktops; industrial PCs; CCTV; networking + Wi-Fi; biometric access; AMC,PP/woven bag production; packaging demand,Manufacturing metals & chemicals/plastics; ~Rs 4cr capital,Existence-verified (contact pending),"Block No. 63, Near NH-8, Village Makhinga, Taluka Palsana, Surat, Gujarat",IndiaMART,https://www.indiamart.com/tribhuvan-polymers-private-limited/aboutus.html,Small-Medium (estd 2015; PP bag manufacturer),PP bags / woven sacks
L0986,C,SME - direct,54,Uni Tech Valves & Pneumatics,GIDC Manufacturing,Engineering / Valves & Flow Meters,GIDC Sachin,Plant Head / Purchase / Director,,,,https://www.unitechvalvesindia.com/,ERP/design workstations; CAD desktops; industrial PCs; CCTV; networking + Wi-Fi; biometric access; AMC,Valves & flow meters for industrial/commercial applications,"Forged steel valves, butterfly/ball valves, flow meters",Existence-verified (contact pending),"Plot No 6234, Road No 62, Sachin GIDC, Surat, Gujarat",IndiaMART / company,https://www.indiamart.com/jdfdsales/,Small-Medium (valves & flow meters manufacturer),"Forged steel valves, butterfly valves, flow meters"
L0987,C,SME - direct,54,Dreamztech / WAMA Technology (Surat),IT & Software,Mobile app development,Surat,Director or IT Head,,,,https://www.wamatechnology.com/,Dev workstations; server + NAS; firewall + switches + Wi-Fi; CCTV; AMC,Mobile app dev + staff augmentation; multi-city,Registered Mumbai; verify active Surat office before outreach,Existence-verified (contact pending),"Surat, Gujarat (also Mumbai)",Company website (contact page),https://www.wamatechnology.com/contact-page/,Small-Medium,HQ Mumbai per ZaubaCorp; lower confidence on Surat presence
L0988,C,SME - direct,54,Blue Sky Holidays,Professional Services SME,Travel agency,Vesu,,,,,,desktop/laptop; networking + Wi-Fi; UPS; AMC,Travel/tour volume,Local Vesu agency,Existence-verified (contact pending),"UG-148, Marvella Corridor, V.I.P Road, Vesu, Surat (est 2016)",Directory (JustDial),https://www.justdial.com/Surat/Tour-Operators/nct-10488628,Small agency (est 2016),Travel agency Vesu est 2016
L0990,C,SME - direct,54,Kshetrapal Tours & Travels,Professional Services SME,Travel agency,Adajan,,,,,,desktop/laptop; networking + Wi-Fi; UPS; AMC,Flight booking + accommodation volume,Local Adajan agency,Existence-verified (contact pending),"F-13, 1st Floor, Heta Complex, Main Road, near LP Savani Circle, Adajan, Surat",Directory (TourTravelWorld),https://www.tourtravelworld.com/travel-agents/india/adajan-surat_tour-operator.htm,Small/solo agency,Flight booking + hotel arrangements Adajan
L0992,C,SME - direct,54,A M Talpatriwala,SME Manufacturing & Jobwork,Garment stitching job work,"Chowk Bazar, Surat",,,,,,billing PC; CCTV; networking; biometric attendance; AMC,Stitching job-work capacity,"Owner-run proprietorship, GST verified",Existence-verified (contact pending),"Chowk Bazar, Surat, Gujarat; GST 24AEYPT4502J1Z0",IndiaMART,https://www.indiamart.com/am-talpatriwala/,"Individual proprietor, small unit",Stitching service & garment job work
L0993,C,SME - direct,54,H.H Gruh Udhyog,SME Manufacturing & Jobwork,Snack food / chaat manufacturing,Surat,,,,,https://m.indiamart.com/hh-gruh-udhyog/aboutus.html,billing PC; CCTV; networking; biometric attendance; AMC,Chaat/snack production capacity,"Basket chat puri, snack foods, chaat masala",Existence-verified (contact pending),"Surat, Gujarat",IndiaMART,https://m.indiamart.com/hh-gruh-udhyog/aboutus.html,Small snack-food unit,"Basket chat puri, snack foods, chaat masala"
L0994,C,SME - direct,54,Janvi Stich,SME Manufacturing & Jobwork,Garment stitching job work,"Udhna, Surat",,,,,,billing PC; CCTV; networking; biometric attendance; AMC,Shirt stitching job-work capacity (Rs 100/pc),Job-work stitching unit in Udhna,Existence-verified (contact pending),"Udhna, Surat, Gujarat",IndiaMART,https://dir.indiamart.com/surat/garment-job-work.html,Small stitching job shop,Shirt stitching job work at Rs 100/piece
L0995,C,SME - direct,54,Jay Radhe Gruh Udhyog,SME Manufacturing & Jobwork,Papad manufacturing,Surat,,,,,https://www.indiamart.com/jairadhegruhudhyog/nagali-papad.html,billing PC; CCTV; networking; biometric attendance; AMC,Nagali papad production,Multiple papad varieties,Existence-verified (contact pending),"Surat, Gujarat",IndiaMART,https://www.indiamart.com/jairadhegruhudhyog/nagali-papad.html,Small papad unit,Nagali papad (masala/plain/small)
L0996,C,SME - direct,54,R K Gruh Udhyog,SME Manufacturing & Jobwork,Papad manufacturing,Surat,,,,,,billing PC; CCTV; networking; biometric attendance; AMC,Newer unit (2017) - growth phase,"Owner-run, recently established",Existence-verified (contact pending),"Surat, Gujarat (est. 2017)",IndiaMART,https://www.indiamart.com/rk-gruh-udyog-surat/,"Est. 2017, small papad unit","Papad, plain papad"
L0997,C,SME - direct,54,Suman Mahila Gruh Udhyog,SME Manufacturing & Jobwork,Papad manufacturing,Surat,,,,,https://www.indiamart.com/suman-mahila-gruh-udhyog/,billing PC; CCTV; networking; biometric attendance; AMC,Papad production capacity,Women-run small unit,Existence-verified (contact pending),"Surat, Gujarat",IndiaMART,https://www.indiamart.com/suman-mahila-gruh-udhyog/,Small mahila gruh-udyog unit,"Papad, red chilli papad"
L0998,C,SME - direct,54,Texo Enterprises,SME Manufacturing & Jobwork,Garment stitching job work,Surat,,,,,,billing PC; CCTV; networking; biometric attendance; AMC,Garment stitching capacity (Rs 99/pc),Garment stitching service provider,Existence-verified (contact pending),"Surat, Gujarat",IndiaMART,https://dir.indiamart.com/surat/garment-stitching-service.html,Small stitching unit,Garment stitching service at Rs 99/piece
L0999,C,SME - direct,54,Mayfab (Maya Fab),Textile Manufacturing,Embroidery (Schiffli),Surat,Owner/Director,,,,https://www.indiamart.com/mayafab-surat/schiffli-fabric.html,ERP/Tally servers; design & billing PCs; CCTV; networking + Wi-Fi; biometric attendance; AMC,Schiffli embroidery fabric production,Embroidery fabric operations,Existence-verified (contact pending),"Surat, Gujarat",IndiaMART,https://www.indiamart.com/mayafab-surat/schiffli-fabric.html,Small-mid: PC Schiffli embroidery fabric manufacturer,Schiffli embroidery unit; basic design/shop-floor IT/CCTV scope
L1000,C,SME - direct,54,Malay Dance & Zumba Fitness Studio,Wellness & Clinics SME,Fitness/dance studio,Adajan,,,,,,reception/billing PCs; CCTV; Wi-Fi; sound/AV; AMC,Studio operations,Owner-run studio,Existence-verified (contact pending),"U-85, C Wing Shreeji Arcade, Anand Mahal Rd, Adajan, Surat 395009",Yogapositions,https://www.yogapositions.co.in/yp/india/gujarat/surat-district/surat/malay-dance-zumba-fitness-studio-dance-school-in-surat-gujarat/,Owner-run dance+fitness studio,Phone via listing
L1001,C,SME - direct,54,Riyaz's Unisex Salon,Wellness & Clinics SME,Salon (unisex),Adajan,Riyaz (Owner),,,,,reception/billing PCs; CCTV; Wi-Fi; AMC,Owner-run salon,New RTO area,Existence-verified (contact pending),"Marvella Business Hub, Hazira Road, Adajan, Surat 395009 (Opp New RTO)",JustDial,https://www.justdial.com/Surat/Riyazs-Unisex-Salon-Near-Sneh-Sankul-Wadi-Anand-Mahal-Road/0261PX261-X261-170928184837-R6V1_BZDET,Owner-run unisex salon,Phone behind JustDial Show Number
L1002,C,SME - direct,54,Zahra Unisex Salon,Wellness & Clinics SME,Salon (unisex),Adajan,,,,,,reception/billing PCs; CCTV; Wi-Fi; AMC,Owner-run salon,Madhuvan Circle location,Existence-verified (contact pending),"Shop No. 12-13, Western Arena, Near Madhuvan Circle, Green City Road, Adajan, Surat 395009",JustDial,https://www.justdial.com/Surat/Zahra-Unisex-Salon-Near-Madhuvan-Circle-Adajan-Dn/0261PX261-X261-171225022646-D2F1_BZDET,Owner-run unisex salon,Phone behind JustDial Show Number
L1003,C,SME - direct,53,Creative Eventwala,Professional Services SME,Event management,Surat,,9727698505,https://wa.me/919727698505,,https://creative-eventwala.ueniweb.com/,laptops; CCTV; networking + Wi-Fi; UPS; AMC,Event volume,Local event company,Contact found,,Company website,https://creative-eventwala.ueniweb.com/,Small/solo planner,Event management company Surat
L1004,C,SME - direct,53,Cocohead Unisex Salon,Wellness & Clinics SME,Salon (unisex),Adajan Gam (Pal),,,,,,reception/billing PCs; CCTV; Wi-Fi; AMC,Owner-run salon,Pal Adajan location,Existence-verified (contact pending),"Pal Adajan, Adajan Gam, Surat",magicpin,https://magicpin.in/Surat/Adajan-Gam/Beauty/Cocohead-Unisex-Salon-Pal-Adajan/store/160c669/,Owner-run unisex salon,Phone via magicpin listing
L1005,C,SME - direct,53,Newme Unisex Salon,Wellness & Clinics SME,Salon (unisex),Adajan,,,,,,reception/billing PCs; CCTV; Wi-Fi; AMC,Owner-run salon,L P Savani Road,Existence-verified (contact pending),"Shop UG-45, Raj Corner, L P Savani Road, Adajan Road, Surat 395009 (Near J K Petrol Pump)",JustDial,https://www.justdial.com/Surat/Newme-Unisex-Salon-Near-J-K-Petrol-Pump-Adajan-Road/0261PX261-X261-201028103610-V2Z1_BZDET,Owner-run unisex salon,Phone behind JustDial Show Number
L1006,C,SME - direct,52,DEV Export,Diamond & Bourse,Diamond exporter,Katargam,Owner/Partner or Admin head,,,,,Diamond-planning workstations; managed networking; CCTV + access control; office desktops; AMC,Export-oriented firm,Small/mid exporter,Existence-verified (contact pending),"Nandu Doshi Ni Wadi, Katargam, Surat 395004",JustDial + search snippet,https://www.justdial.com/Surat/DEV-Export-Nandu-Doshi-Ni-Wadi-Katargam/0261PX261-X261-140702172743-H4C3_BZDET,"Diamond exporter, Katargam","Diamond exporter, Katargam"
L1007,C,SME - direct,52,Vishal Exports,Diamond & Bourse,Diamond manufacturer & exporter,Katargam,Owner/Partner or Admin head,,,,,Diamond-planning workstations; managed networking; CCTV + access control; office desktops; AMC,Manufacturing + export,Mid-size firm,Existence-verified (contact pending),"Katargam, Surat 395004",JustDial + search snippet,https://www.justdial.com/Surat/Vishal-Exports-Katargam/0261PX261-X261-140726032149-J1Z3_BZDET,"Diamond manufacturer, Katargam","Diamond manufacturer/exporter, Katargam"
L1008,C,SME - direct,52,Govardhan Packaging,GIDC Manufacturing,Packaging / Corrugated Boxes,GIDC Sachin,Purchase / Director,,,,,ERP/billing servers; office desktops; CCTV; networking + Wi-Fi; biometric access; AMC,Industrial corrugated box demand from GIDC manufacturers,Printed & 9-ply industrial boxes for GIDC units,Existence-verified (contact pending),"Plot No 7306/5, Road No 73-A, GIDC Sachin, Surat 394520, Gujarat",JustDial,https://www.justdial.com/jdmart/Surat/Govardhan-Packaging-Near-Khodiyar-Complex-Sachin-GIDC/0261PX261-X261-171115190011-P1U6_BZDET/catalogue,Small-Medium (corrugated box manufacturer),"Industrial corrugated boxes, printed & 9-ply"
L1009,C,SME - direct,52,Shree Sidhdhanath Industries,GIDC Manufacturing,Chemicals,GIDC Sachin,Purchase / Director,,,,https://ssichem.com/,ERP servers; plant & office desktops; industrial PCs; CCTV; networking + Wi-Fi; biometric access; AMC,Chemical manufacturing; product range expansion,Chemical manufacturer (ssichem),Existence-verified (contact pending),"GIDC Sachin area, Surat, Gujarat",Company website,https://ssichem.com/,Small-Medium (chemical manufacturer),Chemicals manufacturer
L1010,C,SME - direct,52,StepTune Dance Academy,Wellness & Clinics SME,Fitness/dance studio,Adajan,,,,,,reception/billing PCs; CCTV; Wi-Fi; AV; AMC,Studio operations,Owner-run academy,Existence-verified (contact pending),"214, Second Floor, Western Business Hub, Adajan Road, Surat",UrbanPro,https://www.urbanpro.com/surat/steptune-dance-academy-adajan-road/8935128,Owner-run dance academy,Phone via UrbanPro listing
L1017,C,SME - direct,50,Surat LIC Agent (Gopipura),Professional Services SME,Insurance agent (LIC),Gopipura,,8401138597,https://wa.me/918401138597,,,desktop/laptop; UPS; AMC,Policy/client growth,LIC agent Gopipura,Contact found,"Bavasidi Street, Gopipura, Surat",Directory (IndiaMART),https://dir.indiamart.com/surat/lic-agent.html,Solo agent,LIC insurance agent Gopipura (IndiaMART)
L1018,C,SME - direct,50,Surat Real Estate Broker (JD listing),Professional Services SME,Real estate broker,Surat,,9925449744,https://wa.me/919925449744,,,desktop/laptop; CCTV; networking; UPS; AMC,Property brokerage,Local broker,Contact found,,Directory (JustDial),https://www.justdial.com/Surat/Real-Estate-Agents/nct-10192623,Small/solo broker,Real estate broker JustDial listing
L1011,C,SME - direct,50,JAY Sliv Chemicals,GIDC Manufacturing,Chemicals,GIDC Sachin,Purchase / Director,,,,,ERP servers; plant & office desktops; industrial PCs; CCTV; networking + Wi-Fi; biometric access; AMC,Chemical manufacturing in Sachin GIDC,Chemical manufacturer in Sachin GIDC,Existence-verified (contact pending),"GIDC Sachin, Surat, Gujarat",JustDial,https://www.justdial.com/Surat/JAY-Sliv-Chemicals-Gidc-Sachin-Sachin/0261PX261-X261-110104165508-T6W9_BZDET,Small-Medium (chemical manufacturer),Chemicals
L1012,C,SME - direct,50,Khushi Dye Chem Pvt Ltd,GIDC Manufacturing,Dyes / Textile Chemicals,Pandesara,Purchase / Director,,,,,ERP servers; plant & office desktops; industrial PCs; CCTV; networking + Wi-Fi; biometric access; AMC,Textile chemical/dye production for Surat dyeing units,Textile chemical manufacturer in Pandesara,Existence-verified (contact pending),"Opp Dada Associate Dyeing, Pandesara, Surat 394221, Gujarat",JustDial,https://www.justdial.com/Surat/Khushi-Dye-Chem-Pvt-Ltd-Opp-Dada-Associate-Dyeing-Pandesara/0261PX261-X261-131114111702-H3Y5_BZDET,Small-Medium (textile chemical manufacturer),"Textile chemicals, dyes"
L1013,C,SME - direct,50,Lily Packers Pvt Ltd,GIDC Manufacturing,Packaging / Corrugated Boxes,GIDC Sachin,Purchase / Director,,,,,ERP/billing servers; office desktops; CCTV; networking + Wi-Fi; biometric access; AMC,Corrugated packaging demand from local industry,Corrugated box manufacturer in Sachin GIDC,Existence-verified (contact pending),"Sachin GIDC, Surat, Gujarat",JustDial,https://www.justdial.com/Surat/Lily-Packers-Pvt-Ltd-Sachin-Gidc/0261PX261-X261-140419173541-J7Q6_BZDET,Small-Medium (corrugated box manufacturer),Corrugated boxes
L1014,C,SME - direct,50,Sachin Industries (Corrugated),GIDC Manufacturing,Packaging / Corrugated Boxes,GIDC Sachin,Purchase / Director,,,,,ERP/billing servers; office desktops; CCTV; networking + Wi-Fi; biometric access; AMC,Corrugated sheet & box demand from GIDC units,"Corrugated sheets, boxes, paper rolls",Existence-verified (contact pending),"Plot No. 5509, Road No. 55, GIDC Sachin, Surat 394520, Gujarat",JustDial,https://www.justdial.com/jdmart/Surat/Sachin-Industries-Sachin-GIDC/0261PX261-X261-140418075623-Q1B2_BZDET/catalogue,Small-Medium (corrugated box & sheet manufacturer),"Corrugated sheets, packaging, paper rolls"
L1015,C,SME - direct,50,Sambhav Plastics,GIDC Manufacturing,Plastics / Polymers,GIDC Sachin,Purchase / Director,,,,,ERP servers; plant & office desktops; industrial PCs; CCTV; networking + Wi-Fi; biometric access; AMC,Plastic polymer production; packaging/industrial demand,Plastic polymers manufacturer in Sachin GIDC,Existence-verified (contact pending),"Road No. 43/C, 4310/2, GIDC Sachin, Surat 394230, Gujarat",IndiaMART,https://dir.indiamart.com/surat/plastic-polymers.html,Small-Medium (plastic polymers manufacturer),Plastic polymers
L1016,C,SME - direct,50,Shree Stone Industries,GIDC Manufacturing,Natural Stone Processing,Kim / Kosamba,Purchase / Director,,,,,ERP servers; plant & office desktops; industrial PCs; CCTV; networking + Wi-Fi; biometric access; AMC,Stone cutting/processing capacity; wall cladding demand,Vertically integrated natural-stone processor,Existence-verified (contact pending),"Kim, Kosamba, Surat, Gujarat",IndiaMART,https://www.indiamart.com/shree-stone-industries/aboutus.html,"Small-Medium (quarrying, cutting & stone processing)","Slate, sandstone, quartzite, limestone wall cladding"
L1019,C,SME - direct,48,Shree Ganpati Dye Chem,GIDC Manufacturing,Dyes / Chemicals,Pandesara,Purchase / Director,,,,,ERP servers; plant & office desktops; industrial PCs; CCTV; networking + Wi-Fi; biometric access; AMC,Dye/chemical production for textile sector,Dye chem unit in Pandesara GIDC,Existence-verified (contact pending),"557, GIDC Pandesara, Surat 394221, Gujarat",Kompass directory,https://in.kompass.com/c/shree-ganpati-dye-chem/in772483/,Small-Medium (dye & chemical manufacturer),Dyes and chemicals
