company_name,category,sub_category,area,address,website,phone,email,source_url,source_type
Surat Smart City Development Ltd (SSCDL),Government & PSU,Smart City SPV,Surat,"1st Floor, South Zone Office, SMC, Opp. Satyanagar, Udhna, Surat-394210",https://www.suratsmartcity.com/,+91-261-2423750,info@suratsmartcity.com,https://www.suratsmartcity.com/SSCDL/Management,Official company site
Kira Diam,Lab-Grown Diamond,CVD diamond grower / exporter,Khajod (Surat Diamond Bourse) / Magob,A-1201 Surat Diamond Bourse Block 117 Dream City Khajod Surat 395007; also Plot 1 Block 26 FP-39 Opp Ashirwad Textile Market Magob 395010,https://kiradiam.com/,+91 261 691 4500,infosurat@kiradiam.com,https://kiradiam.com/contact-us/,Company website
"ArcelorMittal Nippon Steel India (AM/NS, ex-Essar Steel) Hazira",GIDC Manufacturing,Steel / Process Plant,Hazira,"27 km, Surat-Hazira Road, Hazira, Surat 394270, Gujarat",https://www.amns.in/,,,https://www.amns.in/contact-us,Company website
Larsen & Toubro (A.M. Naik Heavy Engineering Complex),GIDC Manufacturing,Heavy Engineering / Process Plant Equipment,Hazira,"Gate No. 10, A M Naik Heavy Engineering Complex, PO Bhata, Surat 394510, Gujarat",https://www.larsentoubro.com/heavy-engineering/,+91 261 2203252,ltshf.sales@larsentoubro.com,https://www.larsentoubro.com/heavy-engineering/capabilities/manufacturing-facilities/hazira,Company website
Reliance Industries Ltd - Hazira Manufacturing Division,GIDC Manufacturing,Petrochemicals / Polymers / Polyester,Hazira,"Hazira Manufacturing Division, Surat, Gujarat",https://www.ril.com/,,,https://en.wikipedia.org/wiki/Hazira_Manufacturing_Division,Wikipedia / company
Kiran Multi Super Speciality Hospital & Research Center,Healthcare,Multispecialty / super-speciality hospital,Katargam,"Vasta Devdi Road, Near Sumul Dairy, Katargam, Surat 395004",https://www.kiranhospital.com/,+91 261 716 1111,,https://www.kiranhospital.com/contact_us,Hospital website
Greenlab Diamonds LLP,Lab-Grown Diamond,CVD diamond grower / exporter,Ichhapore (Hazira Rd),"C-01 to C-04, Gujarat Hira Bourse, Ichchhapore, Surat 394510",https://greenlab.diamonds/,+91 22 4073 0730,info@greenlab.diamonds,https://greenlab.diamonds/contact-us/,Company website
Bhatia Mobile (Bhatia Communications & Retail India Ltd),Retail & Supermarket,Mobile retail chain,"HQ Ring Rd; stores across Surat (Piplod, Honey Park, Bamroli, etc.)",132 Dr Ambedkar Shopping Centre Ring Rd Surat 395002 (registered office),https://bhatiamobile.com,+919227610000,support@bhatiamobile.com,https://bhatiamobile.com/about-us/,Company website + Tracxn
Surat Municipal Corporation (SMC),Government & PSU,Municipal Corporation,Surat,"Muglisara, Main Road, Surat-395003",https://www.suratmunicipal.gov.in/,,,https://www.suratmunicipal.gov.in/,Official .gov.in
Kiran Gems Pvt Ltd,Diamond & Bourse,World's largest natural polished diamond manufacturer,Varachha,"FP 36, A.K. Road, Varachha, Near Umiyadham Temple, Surat 395008",https://www.kirangems.com/,+91 261 250 4444,infosurat@kirangems.com,https://www.kirangems.com/,Company site + search snippet
Sardar Vallabhbhai National Institute of Technology (SVNIT),Education,University (NIT/Engineering),"Ichchhanath, Athwa","Ichchhanath, Surat-395007, Gujarat",svnit.ac.in,0261-2259571,director@svnit.ac.in,https://surat.nic.in/public-utility/sardar-vallabhbhai-national-institute-of-technology/,Govt directory + official site
NJ India Invest Private Limited,Finance & Professional,NBFC / Wealth distribution,Udhna,"Block No.901 & 902, 6th Floor, 'B' Tower, Udhna Udyog Nagar Sangh Commercial Complex, Central Road No.10, Udhna, Surat-394210",https://www.njgroup.in/,,,https://www.njgroup.in/contact-us,Company site
Aether Industries Ltd,GIDC Manufacturing,Specialty Chemicals,GIDC Sachin,"Plot No. 8202/1, Road No. 8, GIDC Industrial Estate, Sachin, Surat, Gujarat",https://aether.co.in/,,,https://aether.co.in/about-us/,Company website
Anupam Rasayan India Ltd,GIDC Manufacturing,Specialty Chemicals,GIDC Sachin,"8110, Sachin G.I.D.C. Estate, Sachin, Surat 394230, Gujarat",https://www.anupamrasayan.com/,+91-261-2398991,offeratthe@anupamrasayan.com,https://www.anupamrasayan.com/investors/contact-us,Company website
General Group (General Polytex),Textile Manufacturing,Weaving (waterjet/airjet),Ring Road,"A Wing, 601/602, International Commerce Center (ICC), Near Kadiwala School, Ring Road, Surat 395002",https://www.generalgroup.in/,,,https://www.indiantextilemagazine.in/surat-fabric-manufacturer-general-group-combines-scale-with-sustainability-plans-ipo/,News/Trade magazine
VinFast Surat (Chandan Car),Automobile Dealership,Car dealer (EV - VinFast),Piplod,"Piplod, Surat (3,000 sq.ft. showroom)",https://vinfastauto.in/,,,https://www.autocarindia.com/industry/first-vinfast-india-showroom-inaugurated-in-surat-436380,News article
Hari Krishna Exports Pvt Ltd,Diamond & Bourse,Diamond manufacturer & exporter,Varachha / Ichhapore,"9 Hari Krishna Campus, Near Vraj Chowk, Behind Sarthana Jakatnaka, Varachha Road, Surat; also Plot D-02 Gujarat Hira Bourse, Ichhapore 394510",https://www.hk.co/,,,https://www.hkimpex.com/contact/,Company site + search snippet
Shree Ramkrishna Exports (SRK),Diamond & Bourse,Diamond cutting/polishing & jewellery exporter,Katargam,"99 SRK Empire, Vastadevdi Road, Katargam, Surat 395004",https://srk.one/,+91 261 4040 555,hitesh.gi@srk.me,https://srk.one/contact.html,Company site + search snippet
Indian Institute of Information Technology Surat (IIIT Surat),Education,University (IIIT/Engineering),"Kholvad, Kamrej (temp: SVNIT Campus, Ichchhanath)","IIIT Surat, SVNIT Campus, Ichchhanath, Surat-395007",iiitsurat.ac.in,02621-298060,office@iiitsurat.ac.in,https://www.iiitsurat.ac.in/,Official site + Wikipedia
Ami Organics Ltd (Acutaas Chemicals Ltd),GIDC Manufacturing,Specialty Chemicals / Pharma Intermediates,GIDC Sachin,"Plot No 440/4,5,6,8206-B,478,479 & 494, Road No 82/A & 82/C, GIDC, Sachin, Surat",https://www.amiorganics.com/,,,https://www.amiorganics.com/,Company website
KRIBHCO (Krishak Bharati Cooperative Ltd) Hazira,GIDC Manufacturing,Fertilizer / Process Plant,Hazira,"Hazira Fertilizer Complex, P.O. KRIBHCO Nagar, Surat 394515, Gujarat",https://www.kribhco.net/,0261-2862766,chandrasekharan@kribhcosurat.com,https://www.kribhco.net/contact.html,Company website
SIDS Multi Super Speciality Hospital & Research Centre,Healthcare,Multi super-speciality hospital,Ring Road / Majura Gate,"Off Ring Road, Near Shell Petrol Pump, Sosyo Circle Lane, Surat 395002",https://www.sidshospital.com/,+91 261 280 0000,sids.adm@gmail.com,https://theprint.in/ani-press-releases/sids-hospital-in-surat-transforms-into-a-multi-super-speciality-healthcare-hub-expanding-services-and-relocating-to-a-state-of-the-art-facility/1784475/,News / press release
Kalamandir Jewellers Limited,Jewellery,Large retailer/showroom chain,Athwa (Ghod Dod Road),"Plot No-124, Ghod Dod Rd, near Indoor Stadium Lane, Athwa, Surat, Gujarat 395007",https://kalamandirjewellers.com/,+91 261 229 5000,,https://www.helloindia.co/Surat/Kalamandir-Jewellers-Ltd/Surat-Ho/ContactUs,directory
DMart (Avenue Supermarts) - Surat,Retail & Supermarket,Supermarket/Hypermarket chain,"Multiple (Adajan, Singanpor, Pandesara, Nana Varachha, Rander, Vesu)",Multiple stores incl. Kalpana Chawla Marg Adajan Gam 395009; Pandesara Udhna 394221; Vesu,https://www.avenuesupermarts.com,,,https://scanx.trade/stock-market-news/stocks/dmart-expands-retail-network-with-new-store-opening-in-surat-gujarat/27264522,News + JustDial/magicpin listings
Kataria Automobiles (Maruti Suzuki Arena & Nexa),Automobile Dealership,Car dealer (Maruti Arena/Nexa),Piplod,"Kataria Arcade, Opp. Rajhans Multiplex, Dumas Road 395007, Piplod, Surat",https://maruti.kataria.co.in/,7572900000,contactus@kataria.co.in,https://www.nexaofpiplodroad.com/contact-us,Brand dealer site
Dharmanandan Diamonds Pvt Ltd,Diamond & Bourse,Polished diamond manufacturer,Katargam (Gotalawadi),"Behind Patel Faliya, Gotalawadi, Katargam, Surat 395004",https://www.ddpl.com/,,,https://www.indiamart.com/dharmanandan-diamond/aboutus.html,IndiaMART profile + search snippet
Veer Narmad South Gujarat University (VNSGU),Education,University (State),Udhna-Magdalla Road,"Post Box No. 49, Udhna Magdalla Road, Surat-395007",vnsgu.ac.in,0261-2227141,info@vnsgu.ac.in,https://surat.nic.in/public-utility/veer-narmad-south-gujarat-university/,Govt directory + official site
Jainam Broking Limited,Finance & Professional,Stock / commodity broker,Piplod,"Jainam House, Plot No.42, Near Shardayatan School, Piplod, Surat-395007",https://www.jainam.in/,0261 6725555,,https://www.jainam.in/contact-us/,Company site
Adani Wilmar Ltd (AWL Agri Business) Hazira,GIDC Manufacturing,Food / Edible Oil Processing,Hazira,"Hazira, Surat (near Hazira sea port), Gujarat",https://www.adaniwilmar.com/,,,https://www.adaniwilmar.com/en/factory-locator,Company website
ONGC Hazira Plant,Government & PSU,PSU / Oil & Gas,"Hazira, Surat","Hazira Plant, PO ONGC Nagar, Surat-394518",https://ongcindia.com/,0261-2875600,,https://ongcindia.com/web/eng/about-ongc/contact-us/our-offices/,Official PSU site
Malabar Gold & Diamonds - Ghod Dod Road,Jewellery,Branded retailer/showroom,Ghod Dod Road (Athwa),"Picnic Retail, Opp. Amarakunj Society, Rangila Park Char Rasta, Ghod Dod Road, Surat 395007",https://www.malabargoldanddiamonds.com/,0261 2992916,,https://o2osell.com/shops/malabar-gold-and-surat,directory
Tanishq (Titan) - Ghod Dod Road,Jewellery,Branded retailer/showroom,Ghod Dod Road,"F.P. No. 42/A & B-Topp, Ghod Dod Rd, opp. St. Xaviers School, Surat 395001",https://stores.tanishq.co.in/,0261-2650069,,https://www.helloindia.co/Surat/Tanishq-Showroom/Ghod-Dod-Road/ContactUs,directory
Bhanderi Lab Grown Diamonds LLP,Lab-Grown Diamond,CVD diamond manufacturer / exporter,Katargam,4th Floor BLGD Corporation Akshar Building Opp Mehta Petrol Pump Katargam Surat 395004,https://blgdlab.com/,+91 85003 85003,info@blgdlab.com,https://blgdlab.com/contact-bhanderi-diamonds,Company website
Reliance SMART / SMART Bazaar - Surat,Retail & Supermarket,Supermarket/Hypermarket chain,"Multiple (Vesu, Piplod, Udhna, Katargam, Magdalla, Anand Mahal Rd, Varachha)",Anand Mahal Building Beside Gail Tower Anand Mahal Main Rd; Kamdhenu Mall Dumas Rd Piplod,https://stores.reliancesmartbazaar.com,18008910001,,https://stores.reliancesmartbazaar.com/location/gujarat/surat,Official store locator
Raghuvir Scarlet Textile Market,Textile Trade & Design,Textile market complex,Ring Road area,"Raghuvir Scarlet Textile Market, Surat",https://www.raghuvirdevelopers.com/,,,https://english.loktej.com/article/19352/raghuvir-scarlet-textile-market-sets-a-new-benchmark-in-surat%E2%80%99s,News article
Laxmi Diamond Pvt Ltd,Diamond & Bourse,Polished diamond manufacturer,Katargam,"Bhagu Bhula Compound, Nr Gajera Circle, Katargam Fulpada Road, Katargam, Surat 395004",https://laxmidiamond.com/,,,https://www.justdial.com/Surat/Laxmi-Diamond-Pvt-Ltd-Near-Gajera-Circle-CNG-Gas-Station-Katargam/0261PX261-X261-140228143117-M4M9_BZDET,JustDial + search snippet
Nanavati Mahindra (Nanavati Automotive),Automobile Dealership,Car dealer (Mahindra),Adajan,"Survey No. 84/1, 84/2 Paiki, Bhagat Party Plot, Opp Hari Om Petrol Pump, L P Savani Road, Adajan, Surat 395005",https://www.nanavatimahindra.com/,,,https://www.nanavatimahindra.com/outlet/mahindra-showroom-in-surat.html,Brand dealer site
Lakhi Group (Dilipkumar V. Lakhi),Diamond & Bourse,Diamond cutting & polishing manufacturer,Surat,"Surat (one of world's largest polishing factories); HQ Bandra East, Mumbai",https://www.jewelxy.com/803221970923286,,,https://www.jewelxy.com/803221970923286,Jewelxy profile + search snippet
Sunshine Global Hospital,Healthcare,Multispecialty hospital (NABH),Piplod,"Beside Smart Bazar, Dumas-Piplod Road, Surat 395007",https://www.sunshineglobalhospitals.com/,02614111000,,https://www.sunshineglobalhospitals.com/location/surat,Hospital website
Kalyan Jewellers - Adajan,Jewellery,Branded retailer/showroom,Adajan,"No-G9, G10, 109, 110, Universal Trade Centre, LP Savani Road, Opp. Indian Oil Pump, Adajan, Surat 395009",https://store.kalyanjewellers.net/,,,https://store.kalyanjewellers.net/kalyan-jewellers-store-adajan-surat/sur/gold-rate,company_website
Surat Diamond Bourse (SDB),Diamond & Bourse,Diamond trade centre / multi-tenant bourse,Khajod (DREAM City),"J-002, Plot 177/P, DREAM City, Nr Khajod Chowkdi NH53, Khajod, Surat 395007",https://www.suratdiamondbourse.in/,+91 261 691 7000,info@sdbbourse.com,https://www.suratdiamondbourse.in/contact-us/,Official site + Wikipedia
The Surat District Co-operative Bank Ltd,Finance & Professional,Co-operative bank,Surat,,https://www.sudico.bank.in/,,,https://www.sudico.bank.in/,Company site
Colourtex Industries Pvt Ltd,GIDC Manufacturing,Dyes & Dye Intermediates,Pandesara,"Plot No 158/3 Survey No 80, G.I.D.C. Pandesara, Surat 394221",https://colourtex.co.in/,,,https://colourtex.co.in/about-us/,Company website
Surat City Police Commissionerate,Government & PSU,Police / Law Enforcement,Surat,"Commissioner of Police Office, Surat",https://cpsurat.gujarat.gov.in/,0261-2244440,cp-sur@gujarat.gov.in,https://cpsurat.gujarat.gov.in/cpsurat/CMS.aspx?content_id=5497,Official .gov.in
Bharat Cancer Hospital & Research Institute,Healthcare,Cancer multispecialty hospital,Saroli,"Manavdaya Trust Sankul, Surat-Bardoli Road, Saroli, Surat 395010",https://bharatcancerhospital.com/,0261-6677109,bharatcancerhospital@gmail.com,https://bharatcancerhospital.com/contcat.php,Hospital website
Rajhans (Desai-Jain) Group / Rajhans Realty,Hospitality & Real Estate,Real estate developer / Builder,Surat,Surat,https://rajhansrealty.com/,,,https://rajhansrealty.com/blog/2025s-best-builders-in-surat-whos-leading-the-real-estate-game/,Builder official site
Reliance Jewels - Adajan,Jewellery,Branded retailer/showroom,Adajan,"Unit No 3, GF, Universal Trade Center, LP Savani Road, Adajan, Surat, Gujarat",https://stores.reliancejewels.com/,,,https://stores.reliancejewels.com/reliance-jewels-jewelry-store-adajan-surat-343351/Home,company_website
ABD Diamonds Pvt Ltd,Lab-Grown Diamond,CVD & HPHT diamond manufacturer / exporter,Surat (+ Ahmedabad),"Manufacturing hubs in Surat and Ahmedabad, Gujarat",https://abddiamonds.com/,+91 70165 80812,info@abddiamonds.com,https://abddiamonds.com/contact/,Company website
Kira Jewels Inc (Kira group jewelry arm),Lab-Grown Diamond,LGD jewelry manufacturer,Khajod (Surat Diamond Bourse),Surat Diamond Bourse Khajod Surat 395007 (shared with Kira Diam),https://kiradiam.com/,+91 261 691 4500,infosurat@kiradiam.com,https://kiradiam.com/about-us/,Company website
Apollo Pharmacy - Surat,Retail & Supermarket,Pharmacy / medical-store chain,"Multiple (Althan, City Light, Adajan, Green City, Rander Rd, Bhimrad, Palanpur Gam)",Shop 5 VIP Galleria Althan High St Canal Rd; Mann Complex Anand Mahal Rd Adajan; etc.,https://www.apollopharmacy.in,,,https://www.apollopharmacy.in/medical-stores/apollo-pharmacy-apollo_pharmacy_althan-surat-11530,Official store locator
Millennium Textile Market,Textile Trade & Design,Textile market complex,Ring Road / Sahara Darwaja,"Mithi Khadi Road, Near Ring Road, New Textile Market, Surat, Gujarat 395002",,,,https://surattextilemarkets.com/millennium-textile-market/,Market directory
Mahim Architect,Architecture & CAD/Engineering,AEC / Architecture-Engineering-Construction,Ghod Dod Road,"A 1002, 1st Floor, Turning Point Complex, Ghod Dod Road, near Jamna Nagar BRTS, near Fire Station, Surat 395007",https://mahimarchitect.com/,,,https://www.indiamart.com/mahim-architect/aboutus.html,IndiaMART profile
Nanavati Toyota,Automobile Dealership,Car dealer (Toyota),Bhatpore (Magdalla-Hazira),"220+328, GIDC Magdalla Hazira Road, GIDC Bhatpore, Opp ONGC, Surat 394510",https://www.nanavatitoyota.com/,,,https://www.nanavatitoyota.com/,Brand dealer site
"Shreeji Automart (Tata Motors, Piplod)",Automobile Dealership,Car dealer (Tata Motors),Piplod,"No 04A/B, Shreeji House, Dumas Road, Opp Big Bazar, Piplod, Surat",https://dealer-locator.cars.tatamotors.com/,,,https://dealer-locator.cars.tatamotors.com/tata-motors-cars-showroom-shreeji-automart-piplod-car-dealer-piplod-surat-77053/Home,Brand dealer site
Sanghavi Exports International / Sanghavi Diamond Mfg Pvt Ltd,Diamond & Bourse,Diamond manufacturer & exporter,Ved Road (Turki),"Survey No 14, Village Turki, Opp Darpan Nagar, Ved Road, Surat",https://sanghvisons.com/,,,https://www.zaubacorp.com/company/SANGHVI-DIAMONDS-MANUFACTURING-PRIVATELIMITED/U36911GJ1995PTC027680,ZaubaCorp + search snippet
Venus Jewel,Diamond & Bourse,Polished natural diamond manufacturer,Sumul Dairy Road,"The Venus Estate, Near Shantiniketan Society, Sumul Dairy Road, Surat 395003",https://www.venusjewel.com/,+91 261 253 1444,vj.surat@venusjewel.com,https://www.venusjewel.com/stpg/Best-Diamond-Manufacturing-Unit.html,Company site + search snippet
Uka Tarsadia University (UTU),Education,University (Private),Bardoli/Mahuva (South Gujarat),"Maliba Campus, Gopal Vidyanagar, Bardoli-Mahuva Road, Tarsadi-394350, Surat",utu.ac.in,02625-290020,ceo@utu.ac.in,https://surat.nic.in/public-utility/uka-tarsadia-university/,Govt directory + official site
R Wadiwala Securities Private Limited,Finance & Professional,Stock / commodity broker,Limda Chowk,"9/2003-4, Vishnu Priya, Main Road, Limda Chowk, Surat-395003",https://www.rwsec.com/,08401974767,,https://www.rwsec.com/,Company site
SuperScan Diagnostic Centre,Healthcare,Diagnostic / imaging centre (radiology),Surat,Surat (advanced CT/MRI imaging centre),https://www.superscan.in/,,,https://www.superscan.in/,Diagnostic centre website
Park Inn by Radisson Surat,Hospitality & Real Estate,Hotel (4-star),City Centre / near Tapi River,Surat (within 7 km of Surat International Airport),https://www.radissonhotels.com/en-us/hotels/park-inn-surat,,,https://www.radissonhotels.com/en-us/corporate/media/press-releases/opening-park-inn-by-radisson-surat,Press release
Sangini Group,Hospitality & Real Estate,Real estate developer / Builder,Surat,Surat,https://www.sanginigroup.com/,,,https://www.sanginigroup.com/,Builder official site
Charu Jewels,Jewellery,Manufacturer/wholesaler + retail,Ichchhapor (Gem & Jewellery Park),"U15C, GHB Gem & Jewellery Park, Ichchhapor, Surat 394510",https://charujewels.com/,+91 82386 90000,mail@charujewels.com,https://charujewels.in/contact-us/,company_website
Diyam Impex,Lab-Grown Diamond,CVD & HPHT diamond manufacturer / distributor,Gitanjali,102 Maitri Buildings nr Jeevandhara Hotel Gitanjali Surat Gujarat,https://www.diyamimpex.com/,+91 98251 07116,diyamimpex@gmail.com,https://www.diyamimpex.com/,Company website
Dhiraj Sons The Mega Store,Retail & Supermarket,Departmental store / Supermarket chain (local),"Multiple (Athwalines, Althan, Surat Ho/Canal Rd, Vadod Gam, Sachin, Nanpura)",Near Chowpati Athwa Gate Athwalines 395001; Sai Vittorio opp Atlanta Shopping Centre Althan 395007,https://dhirajsons.com,,,https://dhirajsons.com/,Company website + JustDial
Tanishq (Titan) - Surat,Retail & Supermarket,Jewellery retail chain,"Adajan, Ghoddod Rd, Varachha Rd",Pyramid Square Near LP Savani Circle 120 Feet Rd Adajan 395009; Opp St Xaviers School Ghoddod Rd 395007,https://stores.tanishq.co.in,,,https://stores.tanishq.co.in/store-locator/jewellery-stores/city/Surat,Official store locator
Loyal Textiles,Textile Manufacturing,Weaving (airjet),Surat,"Weaving unit, Surat (Toyota/Picanol/Somet airjet looms)",https://loyaltextiles.com/weaving/,,,https://loyaltextiles.com/weaving/,Company website
Kohinoor Textile Market,Textile Trade & Design,Textile market complex,Ring Road / New Textile Market,"Kohinoor Textile Market, New Textile Market, Ring Road, Surat 395003",,,,https://surattextilemarkets.com/kohinoor-textile-market/,Market directory
XYXX Apparels,BPO/Logistics/Print,E-commerce/D2C,"Dumas Road / Kadodara Road, Surat","510 Rajhans Montessa, Dumas Road, beside Le Meridien, Surat; 402-413 Sangini B Textile Hub, Surat-Kadodara Road, Surat - 395010",https://xyxxcrew.com/,,,https://www.dnb.com/business-directory/company-profiles.xyxx_apparels_private_limited.3e83b4da92e5d849417f6bf6ee435b3b.html,Dun & Bradstreet
Bhagwan Mahavir University (BMU),Education,University (Private),Vesu,"Sr. No. 149, VIP Road, Bharthana Road, Vesu, Surat-395007",bmusurat.ac.in,0261-6770102,info@bmusurat.ac.in,https://surat.nic.in/public-utility/uka-tarsadia-university/,CollegeBatch + official site
The Varachha Co-operative Bank Ltd,Finance & Professional,Co-operative bank,L H Road,"AFFIL TOWER, L.H. Road, Surat-395006",https://www.varachhabank.com/,0261-4008000,,https://varachhabank.com/branch/,Company site
Synergy Imaging,Healthcare,Diagnostic / imaging centre (radiology),Ring Road,"UG 1-2 Jeevandeep Complex, Opp J.K. Tower, Near Nirmal Hospital, Ring Road, Surat 395002",https://synergyimaging.co.in/,,,https://synergyimaging.co.in/,Diagnostic centre website
DhiWise (DhiWise Private Limited / Rocket),IT & Software,SaaS product (design-to-code / AI dev tools),"Lal Darwaja (Station Road), Surat","9th Floor, Office 901-906 & 919-924, Infinity Tower, Lal Darwaja Station Road, Surat 395003",https://www.dhiwise.com/,,help@dhiwise.com,https://www.dhiwise.com/contact-us,Company website (contact page) + Tracxn
Anjali Diamonds Pvt Ltd,Lab-Grown Diamond,CVD diamond grower / manufacturer,Surat,3rd Floor Plot No 211-211 Paiky Surat 395006,,+91 261 255 4151,sales2@anjalidiamonds.com,https://www.exportersindia.com/anjali-diamonds-surat/,ExportersIndia listing
ADDA Architects & Urban Designers,Architecture & CAD/Engineering,Architecture firm,Vesu,"1001, Western Vesu Point, Opp. S.N.S Square, University Road, Vesu Cross Road, Surat, Gujarat 395007",https://www.addaarchitects.in/,91062 38875,studio@addaarchitects.in,https://www.addaarchitects.in/contacts,Company website
DesignCore Studio,Architecture & CAD/Engineering,Architecture / Interior / Landscape,Piplod,"310/311 Union Heights, Maharana Pratap Marg, RahulRaj Mall Lane, Piplod, Surat, Gujarat 395007",https://www.designcorestudio.co.in/,0261 246 2829,info@designcore.co.in,https://www.designcorestudio.co.in/contact,Company website
Amar Cars (Maruti Suzuki Arena/Nexa),Automobile Dealership,Car dealer (Maruti Arena/Nexa),Kapodra,"Amar Cars Arena Kapodara, Navjeevan Compound, Opp Jalaram Furniture, Kapodra, Surat",https://amarcars.com/,9925246251,,https://www.arenaofkapodara.com/,Brand dealer site
Shreenath Kia,Automobile Dealership,Car dealer (Kia),Adajan/Pal Gam,"Plot No 2, Sanskruti Township, Hazira Road, Adajan, Near RTO, Pal Gam, Surat",https://shreenath-kia.in/,9081924777,,https://kiaindia-dealers.com/kia-car-showroom-shreenath-kia-adajan-car-dealer-pal-gam-surat-334946/Home,Brand dealer site
French Crown,BPO/Logistics/Print,E-commerce/D2C,"Saroli / Mota Varachha, Surat","3001 AB/3002 AB, RRTM Phase 2 (Canal Road), Opp Orbit 2, Saroli, Surat - 395010; Corp office 428 Green Plaza, Y Golden Chowk, Mota Varachha, Surat - 394101",https://frenchcrown.in/,,,https://frenchcrown.in/pages/about-us,Company website
Asian Star Co Ltd,Diamond & Bourse,Diamond manufacturer & exporter,A.K. Road,"F.P. 138/151, Plot 01, Purushottam Ginning Mill Compound, A.K. Road, Surat 395008",https://www.asianstargroup.com/,,,https://www.asianstargroup.com/diamond-manufacturing/,Company site + search snippet
B. Virani & Co.,Diamond & Bourse,Diamond cutting & polishing manufacturer,Varachha,"B 7 8 9 10 Diamond Estate, Near Baroda Prestige, Varachha Road, Varachha, Surat 395006",http://www.bvirani.com/,,,https://www.naturaldiamonds.com/in/inside-the-world-of-diamonds/surat-the-heart-of-natural-diamnond-cutting-polishing-industry/,Industry article + company site
KP Sanghvi & Sons LLP,Diamond & Bourse,Diamond & jewellery manufacturer,Tadwadi / Ichhapore,"Near Unia Mata Mandir, Tadwadi, Surat 395001; also Ichhapore unit",https://kpsanghvi.com/,,,https://kpsanghvi.com/about-us/,Company site + search snippet
Sheetal Manufacturing Company Pvt Ltd,Diamond & Bourse,Diamond manufacturer & exporter,A.K. Road,"Office 701, Plot 13, A-Wing, Sheetal Avenue, Nr Bhavani Circle, A.K. Road, Surat 395008",https://www.sheetal.co/,,,https://www.justdial.com/Surat/Sheetal-Manufacturing-Company-Near-Bhavani-Circle-A-K-Road/0261PX261-X261-140731163342-G5U6_BZDET,JustDial + search snippet
Delhi Public School (DPS) Surat,Education,School (CBSE),Dumas Road / Vesu / Tapi (multi-campus),"Near Airport, Surat-Dumas Road, Post Gavier, Surat-394550",dpssurat.net,0261-2204500,principal@dpstapi.net,https://www.dpssurat.net/,Official site
P. P. Savani University,Education,University (Private),"Kosamba, Dhamdod (South Gujarat)","NH48, GETCO, Dhamdod, Kosamba, Surat-394125",ppsu.ac.in,+91-9909962111,info@ppsuni.ac.in,https://surat.nic.in/public-utility/p-p-savani-university/,Govt directory + official site
Sarvajanik College of Engineering & Technology (SCET),Education,Engineering College,Athwalines,"Dr. R.K. Desai Marg, Opp. Mission Hospital, Athwalines, Surat-395001",scet.ac.in,0261-2240146,,https://scet.ac.in/,Official site
The Surat Mercantile Co-operative Bank Ltd,Finance & Professional,Co-operative bank,Lal Darwaja,"""Utkarsh"" 7/359-360, Modi Compound, Lal Darwaja Main Road, Surat-395003",https://www.sumcobank.com/,0261 2532933,,https://www.sumcobank.com/branch/,Company site
The Surat People's Co-operative Bank Ltd,Finance & Professional,Co-operative bank,Nanpura,"Vasudhara Bhavan, Timaliawad, Nanpura, Surat-395001",https://www.spcbl.in/,0261-2464623,customercare@spcbl.in,https://www.spcbl.in/branch/,Company site
Gujarat State Energy Generation Ltd (GSEG) Hazira,GIDC Manufacturing,Power / Process Plant,Hazira,"Hazira, Surat, Gujarat",https://gseg.in/,,,"https://en.wikipedia.org/wiki/GSEG_Combined_Cycle_Power_plant,_Hazira",Wikipedia
ArcelorMittal Nippon Steel India (AM/NS) - Hazira,Government & PSU,Large Industrial (public-facing),"Hazira, Surat","AMNS House, AMNS Township, 27th KM Surat-Hazira Road, Hazira, Surat-394270",https://www.amns.in/,,,https://www.amns.in/,Official company site
Dakshin Gujarat Vij Company Ltd (DGVCL),Government & PSU,PSU / Power Distribution,"Kapodara, Surat","Urja Sadan, Nana Varachha Road, Kapodara, Surat-395006",https://dgvcl.com/,(0261) 2804209,cs.dgvcl@gebmail.com,https://dgvcl.com/contact.php,Official site
GAIL (India) Ltd - Hazira Compressor Station,Government & PSU,PSU / Oil & Gas,"Hazira, Surat","Ichchhapur Magdalla Road, Hazira Compressor Station, Hazira, Surat-394270",https://www.gailonline.com/,261-2840034,RD00441@gail.co.in,https://www.gailonline.com/Hazira.html,Official PSU site
Shalby Multi-Speciality Hospital,Healthcare,Multispecialty hospital,Adajan,"Nr Navyug College, Rander Road, Adajan, Surat 395009",https://www.shalby.org/hospitals/surat-shalby/,,,https://www.shalby.org/hospitals/surat-shalby/,Hospital website
Tristar Hospital,Healthcare,Multispecialty hospital,Nanpura / Athwa Gate,"Nanpura New Rd, opp T & TV High School, Athwa Gate, Surat 395001",https://tristarhospitals.com/,02612200000,,https://tristarhospitals.com/,Hospital website
Surat Marriott Hotel,Hospitality & Real Estate,Hotel (5-star),Athwa / City Light,"City Light Road, Surat",https://www.marriott.com/en-us/hotels/stvmc-surat-marriott-hotel/overview/,,,https://www.marriott.com/en-us/hotels/stvmc-surat-marriott-hotel/overview/,Hotel official site
VR Surat (Mall),Hospitality & Real Estate,Shopping mall / Multiplex,New Magdalla / Dumas Road,"Dumas Road, New Magdalla, Surat 395007",https://www.virtuous.in/,,,https://www.mappls.com/place-vr+mall+dumas+road-new+magdalla-surat-gujarat-395007+surat-4FAC3B,Map directory
Narola Infotech Solutions LLP,IT & Software,Software development / IT outsourcing,"Adajan, Surat","Office No. 105, 1st Floor, Regent Square, B/S Sarvoday Complex, Nr. Karan Park, Adajan, Surat 395009",https://www.narolainfotech.com/,+91 261 291 5551,ashishnarola@gmail.com,https://www.justdial.com/Surat/Narola-Infotech-Pvt-Ltd-Above-D-Mart-Near-Karan-Park-Adajan-Dn/0261PX261-X261-120522163813-J8Y5_BZDET,JustDial listing + company site
BlueStone - Ghod Dhod Road,Jewellery,Branded retailer/showroom,Ghod Dod Road,"1st & 2nd Floor, Cygnus House, Amarkunj corner, Nr Jade Blue, Ghod Dhod Road, Surat",https://www.bluestone.com/,8655352036,,https://www.bluestone.com/stores/ghod-dhod-road-surat-reslnk-TWpRMA==/catalog.html,company_website
D Khushalbhai Jewellers,Jewellery,Large retailer/showroom,Athwa (Parle Point),"Bus Stop Near Ambika Niketan Road, Parle Point, Meghdoot Society, Athwalines, Athwa, Surat 395007",https://dkhushalbhai.com/,,,https://www.sulekha.com/d-khushalbhai-jewellers-athwa-surat-contact-address,directory
Tribhovandas Bhimji Zaveri (TBZ) - Athwalines,Jewellery,Branded retailer/showroom,Athwalines,"SNS House, Athwalines, Surat 395001 (Near Lal Bunglow, Opp. Cable Bridge)",https://www.tbztheoriginal.com/,,,https://www.tbztheoriginal.com/locations,company_website
Zaveri & Co. (Rajkotwala),Jewellery,Large retailer/showroom chain,Surat,"Surat, Gujarat (also Ahmedabad)",https://zaveriandco.com/,,,https://zaveriandco.com/about-us/,company_website
Leranath Diamond,Lab-Grown Diamond,CVD & HPHT diamond manufacturer / exporter,Katargam,Office 102 INSPIRE The Jewel House Beside KAPU Gems Near Kiran Hospital Vasta Devdi Rd Katargam Surat 395004,https://leranathdiamonds.com/,+91 90167 68648,Leranath.diamonds@gmail.com,https://leranathdiamonds.com/contact-us/,Company website
The Production House,Media/Video/Photo,Video production / ad films,Athwalines,"82, Narmad Nagar, Tennis Club, Athwalines, Surat",https://theproductionhouse.in/,+91 98201 40207,modishaivi@gmail.com,https://in.linkedin.com/company/the-production-house-surat,LinkedIn/company site
Reliance Digital - Surat,Retail & Supermarket,Electronics & home-appliance retail chain,"Multiple (Vesu, Varachha, Piplod, Udhna, Adajan)",Corner Walk VIP Rd Opp The Grand Plaza Vesu; Reliance Mega Mall Udhna; Shreeji Arcade Anand Mahal Rd Adajan,https://www.reliancedigitalstores.in,,,https://www.reliancedigitalstores.in/location/gujarat/surat,Official store locator
Star Bazaar (Trent/Tata) - Surat,Retail & Supermarket,Supermarket/Hypermarket chain,Adajan / Hazira Rd,Imperial Square Building Ground Floor Adajan Pal Rd Hazira Rd 395009 (opp Alishan Enclave),https://starbazaarindia.com,02614088840,,https://gujarat.mallsmarket.com/malls/imperial-square-mall-surat/stores/star-bazaar,Mall directory + asklaila
Zudio (Trent/Tata) - Surat,Retail & Supermarket,Branded apparel retail chain,"Multiple (Athwa, Vesu, Trinity/LP Savani, Pandesara, Singanpor, Corner Walk)",G-5/G-6 LP Savani Rd 395009 (Trinity); City Light Rd Athwa; Highfield Ascot VIP Rd Vesu; KSB Olympia Mall Pandesara,https://www.zudio.com,,,https://www.zudio.com/apps/s/zudio/storelocators/gujarat/surat,Official store locator
Surbhi Textile Mills Pvt Ltd,Textile Manufacturing,"Weaving/Embroidery (grey cloth, Schiffli)",Sachin GIDC,"Surbhi Estate, A2/6/106, GIDC Sachin, Surat 394230",https://www.surbhi.com/surbhi-textile-mills,,,https://www.surbhi.com/surbhi-textile-mills,Company website
Surat Textile Market (Ring Road),Textile Trade & Design,Textile market complex,Ring Road,"Surat Textile Market, Ring Road, New Textile Market Area, Surat, Gujarat 395002",,,,https://surattextilemarkets.com/surat-textile-market/,Market directory
Surat National Co-operative Bank Ltd,Finance & Professional,Co-operative bank,Ghod-dod Road,"310-A/310-B Canopus, 3rd Floor, Near Axis Bank, Ghod-dod Road, Surat-395007",https://suratnational.bank.in/,,,https://suratnational.bank.in/branch/,Company site
Nirmal Hospital Pvt Ltd,Healthcare,Multispecialty / tertiary care hospital,Ring Road / Sagrampura,"No 2/1423-8-6, Near Centre Point, Ring Road, Sagrampura, Surat 395002",https://nirmalhospitals.in/,02612333999,corporate@nirmalhospitals.com,https://nirmalhospitals.in/contact/,Hospital website
The Grand Bhagwati (TGB) Surat,Hospitality & Real Estate,Hotel (5-star),Dumas Road / Magdalla,"Magdalla Circle, Near City Pulse Cinema, Dumas Road, Surat 395007",https://thegrandbhagwati.com/,0261-3980111,,https://gujarattourism.com/accommodation/registered-hotels/the-grand-bhagwati--surat.html,Govt tourism registry
Limelight Diamonds (Bhathwari Group),Lab-Grown Diamond,CVD diamond grower / brand,Surat,"Surat, Gujarat (Bhathwari Group manufacturing)",https://limelightdiamonds.com/,,,https://limelightdiamonds.com/about-limelight-diamonds/,Company website
Sarjan Architects & Project Consultants,Architecture & CAD/Engineering,Architecture / Project consultancy,Nanpura,"51, 5th Floor, River Palace A Wing, Opp. Old Civil Court, Nanpura, Surat 395001",https://sarjanarchitects.com/,9879604444,admin@sarjanarchitects.com,https://sarjanarchitects.com/,Company website
Sopan Infotech Pvt. Ltd.,Architecture & CAD/Engineering,CAD/CAM mechanical design & SOLIDWORKS,Athwa Gate,"2D, 2nd Floor, Dr. Mansukh Lal Tower, Opp. Dhiraj Sons, B/s Vanita Vishram College, Athwagate, Surat 395002",https://www.sopaninfotech.com/,9725554395,info@sopaninfotech.com,https://www.sopaninfotech.com/reach-us,Company website
"Kiran Motors (Maruti Suzuki Nexa, Vesu)",Automobile Dealership,Car dealer (Maruti Nexa),Vesu,"Nexa showroom, Vesu, Surat",https://www.nexaofvesu.com/,,,https://www.nexaofvesu.com/,Brand dealer site
"Nanavati Auto (MG Motor, Piplod)",Automobile Dealership,Car dealer (MG Motor),Piplod,"Dumas Road, Piplod, Surat 395007, Opp Central Mall",https://dealers.mgmotor.co.in/,918047493297,,https://dealers.mgmotor.co.in/mg-motor-nanavati-auto-showroom-car-dealer-piplod-surat-371954/Home,Brand dealer site
Nanavati Autowheels (Tata Commercial Vehicles),Automobile Dealership,Commercial vehicle dealer (Tata trucks),Kamrej,"451/B/2 NH 48, Gay Pagla Road, Dhoran Pardi, Near Fountain Hotel, Kamrej, Surat",https://commercial-vehicles.fleetverse.tatamotors.com/,,,https://commercial-vehicles.fleetverse.tatamotors.com/tata-motors-commercial-vehicle-dealer-nanavati-autowheels-truck-dealers-kamrej-surat-289248/Home,Brand dealer site
KGK Diamonds (I) Pvt Ltd,Diamond & Bourse,Diamond manufacturer & exporter,Varachha / Katargam,"2nd Floor, Millennium Diamond Complex, Near Harinandan Society, Varachha Road, Surat 395006; also Katargam units",https://www.kgkgroup.com/,,,https://www.justdial.com/jdmart/SURAT/K-G-K-Diamonds-Pvt-Ltd-Harinandan-Society-Varachha-Road/0261PX261-X261-110819174611-F3G7_BZDET/catalogue,JustDial + search snippet
Rosy Blue India Pvt Ltd,Diamond & Bourse,Diamond manufacturer & merchant,Bhagatalao,"101 Vijay Chambers, Near City Post Office, Chauta Pool, Bhagatalao, Surat 395003",https://www.rosyblue.in/,,compliance@rosyblue.com,https://www.justdial.com/Surat/Rosy-Blue-INDIA-Pvt-Ltd-Near-City-Post-Office-Chauta-Pool-Bhagatalao/0261P261STDS000206_BZDET,JustDial + search snippet
Star Rays,Diamond & Bourse,Solitaire diamond manufacturer,Surat,"New 45,000 sq ft factory, Surat (all manufacturing consolidated)",https://starrays.com/,,,https://starrays.com/Info/AboutUs,Company site + search snippet
C. K. Pithawala College of Engineering & Technology (CKPCET),Education,Engineering College,"Dumas Road, Magdalla","Pithawalla Educational Complex, Via Magdalla Port, Dumas Road, Surat-395007",ckpcet.ac.in,0261-2766246,,https://ckpcet.ac.in/,Official site
Dr. S. & S.S. Ghandhy Government Engineering College,Education,Engineering College (Govt),Majura Gate,"Opp. RTO Office, Majura Gate, Ring Road, Surat-395001",gecsurat.ac.in,0261-2653139,gec_deg_surat@yahoo.com,http://www.gecsu.cteguj.in/contact/,Govt (CTE Gujarat) site
Fountainhead School,Education,School (IB/IGCSE),"Kunkni, Rander-Dandi Road","Village Kunkni, Rander-Dandi Road, Surat-395005",fountainheadschools.org,0261-3501300,surat@fountainheadschools.org,https://www.fountainheadschools.org/connect-with-us/contact-us/,Official site
Vanita Vishram Women's University,Education,University (Private/Women),Athwa Gate,"C Building, Vanita Vishram Campus, Athwa Gate, Surat-395001",vvwusurat.ac.in,0261-2300200,office@vvwusurat.ac.in,https://vvwusurat.ac.in/,Official site
Marwadi Shares & Finance Limited,Finance & Professional,Stock / commodity broker,Ring Road,"533/B World Trade Centre, Ring Road, Surat-395001",https://www.marwadionline.com/,0261-6644408,,https://www.marwadionline.com/contact-us,Company site
South Gujarat Shares & Sharebrokers Ltd,Finance & Professional,Stock / commodity broker,Ring Road,"3rd Floor, Belgium Chambers, Opp Linear Bus Stop, Ring Road, Surat-395003",https://www.sgssl.co.in/,0261-2601296,,https://www.sgssl.co.in/Contact-us.aspx,Company site
The Adinath Co-operative Bank Ltd,Finance & Professional,Co-operative bank,Ring Road,"B-1 To 6, Vakharia Market, Opp Abhishek Market, Ring Road, Surat-395002",https://adinathbank.in/,,,https://adinathbank.in/,Company site
Jalaram Khichdi,Food & Hospitality SME,Restaurant (Gujarati),Parle Point,"L-17,18,19 Anmol Complex, Near Sargam Shopping Centre, Parle Point, Surat 395007",jalaramkhichdi.in,9327593300,jalaramkhichdi@gmail.com,https://www.jalaramkhichdi.in/contact.php,Website
Krishak Bharati Cooperative Ltd (KRIBHCO) - Hazira,Government & PSU,Cooperative / Fertilizer PSU,"Hazira, Surat","Hazira Fertilizer Complex, PO KRIBHCO Nagar, Surat-394515",https://www.kribhco.net/,0261-2862766,webmaster@kribhco.net,https://www.kribhco.net/contact.html,Official site
"New Civil Hospital & Govt Medical College, Surat",Government & PSU,Government Hospital / Medical College,"Majura Gate, Surat","New Civil Hospital Campus, Majura Gate, Ring Road, Surat-395002",https://gmcsurat.edu.in/,02612244456,,https://surat.nic.in/public-utility/new-civil-hospital/,Official .nic.in + college site
NTPC Kawas (Gas Power Station),Government & PSU,PSU / Power Generation,"Kawas, Hazira, Surat","A-NTPC, Kawas, Hazira Road, Aditya Nagar, Choryasi, Surat-394510",https://ntpc.co.in/,,,https://en.wikipedia.org/wiki/NTPC_Kawas,Wikipedia + NTPC tender portal
Sumul Dairy (Surat-Tapi District Co-op Milk Producers Union Ltd),Government & PSU,Cooperative / Dairy,Surat,"Post Box No. 501, Sumul Dairy Road, Surat-395008",https://www.sumul.com/,+91 261 2537693,,https://www.sumul.com/sumul-contact.html,Official site
Surat International Airport (Airports Authority of India),Government & PSU,Central Govt / Aviation PSU,"Magdalla / Dumas Road, Surat","Surat Civil Aerodrome, Dumas Road, Surat-394550",https://www.aai.aero/,+91 261 2700200,apdsurat@aai.aero,https://www.aai.aero/airports/contact-us/surat,Official AAI site
Courtyard by Marriott Surat,Hospitality & Real Estate,Hotel (5-star),Hazira Road,"Earthspace, Hazira Road, Surat 394510",https://www.marriott.com/en-us/hotels/stvcy-courtyard-surat/overview/,,,https://www.hotelplanner.com/Hotels/319130/Reservations-Courtyard-by-Marriott-Surat-Surat-Earthspace-Hazira-Rd-394510,Hotel listing
Happy Home Group,Hospitality & Real Estate,Real estate developer / Builder,Vesu / Palanpur,Surat,https://www.happyhomegroup.in/,,,https://www.bankbazaar.com/home-loan/builders-in-surat.html,Finance directory
Raghuvir Developers & Builders,Hospitality & Real Estate,Real estate developer / Builder,Surat,Surat,https://www.raghuvirdevelopers.com/,,,https://www.raghuvirdevelopers.com/,Builder official site
The Gateway Hotel Athwalines (Taj/IHCL),Hospitality & Real Estate,Hotel (5-star),Athwalines,"Ambika Niketan, Athwalines, Dumas Road, Surat",https://www.tajhotels.com/en-in/destination/hotels-in-surat,0261-6697000,,https://www.gujarattourism.com/accommodation/registered-hotels/the-gateway-hotel-athwalines.html,Govt tourism registry
BlueStone - LP Savani (Adajan),Jewellery,Branded retailer/showroom,Adajan (LP Savani),"Unit No. 05 GF and 105 First Floor, Building C, Universal Trade Center, LP Savani Road, Adajan, Surat",https://www.bluestone.com/,8655650958,,https://www.bluestone.com/stores/lp-savani-surat-reslnk-TWpJdw==/catalog.html,company_website
CaratLane - Adajan,Jewellery,Branded retailer/showroom,Adajan,"Shop no 1, Mangaldeep Complex, besides Tanishq Showroom, near LP Savani Circle, Adajan, Surat 395009",https://www.caratlane.com/,,,https://www.caratlane.com/stores/stores/adajan-surat-308/catalog,company_website
ORRA Fine Jewellery - Westfield Mall,Jewellery,Branded retailer/showroom,Westfield Mall,"Westfield Mall, Surat (ORRA store)",https://www.orra.co.in/,,,https://www.orra.co.in/stores/gujarat/surat/westfield-mall,company_website
Pachchigar Jewellers (Ashokbhai),Jewellery,Large retailer/showroom,Athwalines,"200, SNS House, Opp. New Court Building, Lal Bunglow, Athwalines, Surat 395007",https://pachchigarjewellers.com/,+91-9879010065,pachchigar.jewellers@gmail.com,https://pachchigarjewellers.com/contact-us/,company_website
Torra Jewels,Jewellery,Diamond jewellery manufacturer,Mini Bazar (Varachha),"A/602 Diamond World, Mini Bazar, Varachha Rd, Surat 395003",https://torrajewels.com/,+919879792408,,https://torrajewels.com/Home,company_website
Riddhi Corporation LLP,Lab-Grown Diamond,HPHT rough diamond grower / wholesaler,Ichhapore (Pal-Hazira Rd),Plot W-01A & W-01B Gem and Jewellery Park Gujarat Hira Bourse Ichhapore Pal-Hazira Road Surat 394510,http://rclgd.com/,,,https://rclgd.com/contactus,Company website
Bansal Super Market,Retail & Supermarket,Supermarket chain (regional),"Pandesara/Bamroli, Dindoli/Navagam",171 KSB Olympia Near Kailash Nagar Cross Rd Bamroli Althan Expy Pandesara; Opp Uma Plaza Kharvasa Rd Dindoli 394210,https://www.bansalsupermarket.com,,,https://www.bansalsupermarket.com/contact.php,Company website + JustDial
Croma (Infiniti Retail/Tata) - Surat,Retail & Supermarket,Electronics & home-appliance retail chain,"Ghoddod Rd/Ram Chowk, Adajan, Pal",Crossway Mall Ghod Dod Rd Ram Chowk 395007; Proton Plus LP Savani Rd Adajan 395009 opp Khodiyar Temple,https://www.croma.com,+919099058861,,https://store.croma.com/location/gujarat/surat,Official store locator
Vijay Sales - Surat,Retail & Supermarket,Electronics & home-appliance retail chain,"Piplod, Rander Rd/Tadwadi, Ved Rd/Katargam",Iscon Mall Surat Dumas Rd Opp Shantiniketan Apt Piplod 395007,https://stores.vijaysales.com,+912616712222,,https://stores.vijaysales.com/location/gujarat/surat,Official store locator
Westside (Trent/Tata) - Surat,Retail & Supermarket,Departmental / apparel retail chain,"Magdalla/VR Mall, Adajan, Dumas Rd/Iscon Mall",01F VR Mall Dumas Airport Rd Magdalla 395007; Iscon Mall Surat-Dumas Rd; Adajan,https://www.westside.com,+919033001075,mywestside@trent-tata.com,https://www.westside.com/apps/s/storelocators/surat?type=westside,Official store locator
Garden Silk Mills Pvt Ltd,Textile Manufacturing,"Weaving/Processing (fabric, yarn)",Jolwa (Palsana) / Rampura,"Garden House, Rampura Tankina, Surat 395003; manufacturing hub at Jolwa near Surat",https://www.indiamart.com/gardensilkmills/aboutus.html,,,https://www.indiamart.com/gardensilkmills/aboutus.html,IndiaMART
Laxmipati (Weaving + Dyeing/Printing Units),Textile Manufacturing,Weaving + Dyeing/Printing,Sachin GIDC / Pandesara,"Weaving: Plot 1, Block 243-246, Rd No 8, GIDC Sachin, Surat 394230; Dyeing/Printing: A-26 Central Park, GIDC Pandesara, Surat 394221",https://laxmipati.com/pages/contact,,,https://laxmipati.com/pages/contact,Company website
Sumeet Industries Ltd,Textile Manufacturing,Yarn / Texturising (POY/FDY/PTY),Ring Road / GIDC,"Office 504, Trividh Chamber, Opp. Fire Station, Ring Road, Surat 395002",https://www.sumeetindustries.com/,,,https://www.sumeetindustries.com/,Company website
Surbhi (Surbhi Group - Embroidery unit),Textile Manufacturing,Embroidery (Schiffli/multihead),Sachin GIDC / Karanj,"Sachin GIDC + Karanj, Surat",https://www.surbhi.com/embroidery,,,https://www.surbhi.com/embroidery,Company website
Avadh Textile Market,Textile Trade & Design,Textile market complex,Umarwada / Sahara Darwaja,"Opp. New Bombay Market, Sahara Darwaja, Umarwada, Surat, Gujarat 395010",https://avadhtextilemarket.com/,+919510260827,info@avadhtextilemarket.com,https://surattextilemarkets.com/avadh-textile-market/,Market directory
FOSTTA (Federation of Surat Textile Traders Association),Textile Trade & Design,Textile traders association,Ring Road / Millennium Market,"FP-143/144, Ground Floor, Millennium Textile Market, Surat 395002",https://fostta.com/,,,https://www.zaubacorp.com/FEDERATION-OF-SURAT-TEXTILES-ASSOCIATION-U85300GJ2022NPL130054,Corporate registry
Textile Export India Pvt Ltd,Textile Trade & Design,Garment/textile exporter,Ring Road,"E-308, Kuberji Textile Park, Behind Belgium Square, Ring Road, Surat",,+919537548851,contact@textileexport.in,https://www.indiamart.com/textile-export-india-private-limited/aboutus.html,B2B marketplace
Esscons MEP & Engineering Design Services,Architecture & CAD/Engineering,MEP consultant,Pal / Adajan,"The Boulevard, Office 323.2, Near Pratham Circle, Gallaria Street, Green City Road, Pal, Adajan, Surat 395009",https://essconsmep.com/,8469516900,essconsmep@gmail.com,https://essconsmep.com/,Company website
Prashant Parmar Architect (Shayona Consultant),Architecture & CAD/Engineering,Architecture / Interior firm,Surat (multi-city),"Surat, Gujarat (also Ahmedabad, Rajkot, Vadodara)",https://prashantparmar.com/,9825866356,,https://prashantparmar.com/contact/,Company website
Landmark Honda,Automobile Dealership,Car dealer (Honda),Adajan/Piplod,"4,5 Sapphire Business Hub, L.P. Savani School Road, Adajan, Near Madhuban Circle, Surat 395009",https://dealer.hondacarindia.com/,,,https://www.cardekho.com/Honda/Surat/cardealers,Aggregator listing
Navjivan Hyundai,Automobile Dealership,Car dealer (Hyundai),Udhna-Magdalla,"Shiv Ashish Industrial Estate SOC 1-11, Near Devchand Nagar, Udhna-Magdalla Road, Surat 394210",https://navjivan.hyundaimotor.in/,,,https://navjivan.hyundaimotor.in/,Brand dealer site
"Pramukh Tata (Tata Motors, Udhna Magdalla)",Automobile Dealership,Car dealer (Tata Motors),Udhna Magdalla,"Plot No 409/27A, Umiya Nagar Society, Near Chosath Jogni Mata Temple, Udhna Magdalla Road, Surat",https://dealer-locator.cars.tatamotors.com/,7506004762,,https://dealer-locator.cars.tatamotors.com/tata-motors-cars-showroom-pramukh-tata-udhna-magdalla-road-car-dealer-udhna-magdalla-road-surat-77062/Home,Brand dealer site
Shree Ambica Auto Sales & Service (Tata CV),Automobile Dealership,Commercial vehicle dealer (Tata trucks),Bardoli/Kathor/Vyara,"Surat Bardoli Road, Bardoli (multiple South Gujarat locations)",https://commercial-vehicles.fleetverse.tatamotors.com/,,,https://commercial-vehicles.fleetverse.tatamotors.com/tata-motors-commercial-vehicle-dealer-shree-ambica-auto-sales-service-truck-dealers-surat-bardoli-road-bardoli-190788/Home,Brand dealer site
Welltech Motors,Automobile Dealership,Multi-brand car service & body shop,Surat,"Surat (60,000 sq.ft. multi-brand workshop)",https://welltechmotors.com/,,,https://welltechmotors.com/,Company website
Alpino Health Foods,BPO/Logistics/Print,E-commerce/D2C,"Magdalla / Kosmada, Surat","Bungalow 7, Napoleon Estate, Near VR Mall, Dumas Road, Magdalla, Surat - 395007; Mfg AHF-1 Punagam Canal Road, Kosmada, Surat - 395006",https://alpino.store/,8347688000,support@alpinohealthfoods.com,https://www.justdial.com/jdmart/Surat/Alpino-Health-Foods-Pvt-Ltd-Near-Hp-Petrol-PumpOpposite-Pujan-Plaza-Brts-Kenal-Road-Near-Bharat-Wood-Heaven-Party-Plot-Parvat-Patiya-Kosmada/0261PX261-X261-190209213122-J4N4_BZDET/catalogue,JustDial / Company website
H. K. Designs (India) / H.K. Jewels,Diamond & Bourse,Diamond cutting/polishing & jewellery manufacturer,Surat,Diamond cutting/polishing units in Surat & Ahmedabad; jewellery unit Surat,https://hkdesigns.co/,,,https://hkdesigns.co/infrastructure.php,Company site + search snippet
Atmiya Vidya Mandir,Education,School (CBSE/Residential),"Kolibharthana, Kamrej","At & Po Kolibharthana, Kamrej-Shampura Road, Ta-Kamrej, Surat-394180",avm.edu.in,02621-355900,principal@avm.edu.in,https://www.avm.edu.in/contact/,Official site
Auro University,Education,University (Private),"Hazira Road, Bhatpore","Earthspace, Hazira Road, Surat-394510",aurouniversity.edu.in,0261-4088100,,https://surat.nic.in/public-utility/auro-university/,Govt directory + official site
L. P. Savani International School,Education,School (CBSE),"Pal, Adajan","T.P.-10, L.P.Savani Gauravpath Road, Pal, Adajan, Surat-394510",lpsipal.edu.in,,shrivastavrajiv@yahoo.com,https://lpsipal.edu.in/,Official site
P. P. Savani Chaitanya Vidya Sankul (CBSE),Education,School (CBSE),"Mota Varachha, Abrama Road","Sankul, Mota Varachha-Abrama Road, Surat-394101",ppsavanicbse.org,,principalppscvs@gmail.com,https://surat.nic.in/public-utility/p-p-savani-vidhya-bhavan/,Govt directory + PP Savani
"Podar International School, Surat",Education,School (CBSE),"Jahangirabad, Adajan (multi-campus)","TP 44, Ugat Dandi Road, Opp. DMart, Jahangirabad, Adajan, Surat-395005",podareducation.org,7227023110,admissions@podar.org,https://www.podareducation.org/school/surat-jahangirabad/gcontactus1543,Official site
"Ryan International School, Surat",Education,School (CBSE),Adajan / Dumas (multi-campus),"Plot 85, Rander Rd, opp. Navyug College, Adajan Patiya, Surat-395009",ryangroup.org,+91-8866057708,ris.adajan@ryangroup.com,https://www.ryangroup.org/contact/get-in-touch,Official group site
Shree Swami Atmanand Saraswati Institute of Technology (SSASIT),Education,Engineering College,"Kapodra, Varachha Road","SSAS Vidhya Sankul, Kapodra, Varachha Road, Surat-395006",ssasit.ac.in,0261-2573552,admin@ssasit.ac.in,https://ssasit.ac.in/,Official site
Sir P. T. Sarvajanik College of Science,Education,Science College (Autonomous),Athwalines,"MTB College Campus, J.N. Marg, Opp. Chowpati, Athwalines, Surat-395001",ptscience.ac.in,0261-2240028,contact@ptscience.org,https://ptscience.ac.in/,Official site
Vidhyadeep University,Education,University (Private),Kim/Olpad (South Gujarat),"Vidhyadeep Campus, Anita, Kim-Vadoli Road, Ta-Olpad, Surat-394540",vidhyadeepuni.ac.in,8828912891,info@vidhyadeepuni.ac.in,https://vidhyadeepuni.ac.in/contact.php,Official site
Associate Co-operative Bank Ltd,Finance & Professional,Co-operative bank,Ring Road,"1st Floor, Surat Vankar Sangh Building, Ring Road, Surat",https://www.associatebank.in/,,,https://associatebank.in/Contactus,Company site
S S Singhvi & Associates,Finance & Professional,CA / Audit firm,Surat,,https://singhviadvisors.com/,+91 261 2313030,info@ssinghvi.co.in,https://www.thinkingbridge.in/blog/top-ca-firms-in-surat,Directory/Blog
Jalaram Khichdi (Vesu),Food & Hospitality SME,Restaurant (Gujarati),Vesu,"GF-09,10,11, Marvella Corridor, New VIP Road, Vesu, Surat",jalaramkhichdi.in,9909903737,jkvesu@gmail.com,https://www.jalaramkhichdi.in/contact.php,Website
GIPCL - Surat Lignite Power Plant,Government & PSU,PSU / Power Generation,"Mangrol, Surat","PO Nani Naroli-394110, Tal. Mangrol, Dist. Surat",https://www.gipcl.com/,+91-265-2232768,info@gipcl.com,https://www.gipcl.com/surat-lignite-power-plant-unit-1-2.htm,Official company site
Larsen & Toubro (L&T) - Hazira Heavy Engineering Complex,Government & PSU,Large Industrial (public-facing),"Hazira, Surat","A.M. Naik Heavy Engineering Complex, Hazira, Surat (approx 16 km from Surat)",https://www.larsentoubro.com/,,,https://www.larsentoubro.com/heavy-engineering/capabilities/manufacturing-facilities/india/hazira,Official company site
Surat District Collectorate,Government & PSU,District Administration,Surat,"Jilla Seva Sadan-2, B-Block, 5th Floor, Athwalines, Surat-395001",https://surat.nic.in/,+91 261 2652525,collector-sur@gujarat.gov.in,https://surat.nic.in/divisions/collectorate/,Official .nic.in
Surat Municipal Institute of Medical Education & Research (SMIMER),Government & PSU,Government Hospital / Medical College,"Umarwada, Surat","SMIMER Campus, Surat",https://www.suratmunicipal.gov.in/smimer,,,https://www.suratmunicipal.gov.in/smimer/Contact,Official .gov.in
Surat Municipal School Board (Nagar Prathmik Shikshan Samiti),Government & PSU,Government Education Body,Surat,"Surat Municipal Corporation, Surat",https://municipalschoolboardsurat.org/,,,https://municipalschoolboardsurat.org/,Official board site
BAPS Pramukh Swami Hospital,Healthcare,Multispecialty charitable hospital,Adajan,"Shri Pramukh Swami Maharaj Marg, Adajan Char Rasta, Adajan, Surat 395009",https://surat.nic.in/public-utility/baps-pramukh-swami-hospital/,,,https://surat.nic.in/public-utility/baps-pramukh-swami-hospital/,Government directory
Shri B.D. Mehta Mahavir Heart Institute,Healthcare,Super-speciality cardiac institute,Nanpura / Ring Road,"Shree Mahavir Health Campus, Ring Road, Opp Jivan Bharti School, Nanpura, Surat 395001",https://www.mahavirhospital.com/,0261-2471770,,https://www.mahavirhospital.com/ContactUs.aspx,Hospital website
Sterling Accuris Diagnostics,Healthcare,Pathology lab / diagnostics chain,Multiple (Lal Darwaja / Athwa / Ring Rd / Palanpur),"404 Ayush Doctor House, Lal Darwaja Station Rd, Surat 395003 (+ Athwa, Ring Road, Palanpur branches)",https://sterlingaccuris.com/lab/surat,081281 30000,,https://sterlingaccuris.com/lab/surat,Lab chain website
Hilton Garden Inn Surat City Centre,Hospitality & Real Estate,Hotel (4-star),City Centre,Surat City Centre,https://www.hilton.com/en/hotels/stvgigi-hilton-garden-inn-surat-city-centre/,,,https://www.hilton.com/en/hotels/stvgigi-hilton-garden-inn-surat-city-centre/,Hotel official site
Rahul Raj Mall,Hospitality & Real Estate,Shopping mall / Multiplex,Dumas Road / Athwalines,"Opp. Govardhan Haveli, Gaurav Path, Dumas Road, Surat 395007",https://gujarat.mallsmarket.com/malls/rahulraj-mall-surat,,,https://www.mapsofindia.com/whitepages/businesses/index/rahul-raj-mall-surat-guj,Business directory
The Fern Vishranta Resort Kamrej-Surat (Series by Marriott),Hospitality & Real Estate,Resort,Kamrej,"Kamrej, Surat",https://www.marriott.com/,,,https://www.hotelierindia.com/development/marriott-debuts-series-by-marriott-globally-expanding-its-30-extraordinary-hotel-brands,Trade news
WeeTech Solution Pvt. Ltd.,IT & Software,"Web, mobile, e-commerce, QA","Varachha/Vesu, Surat","A-401, Astha Square, Near Kapodra-Utran Bridge, Kapodra, Varachha, Surat 394105",https://www.weetechsolution.com/,+91 92768 88885,name@weetechsolution.com,https://www.weetechsolution.com/contact/,Company website (contact page)
Four Dots Technology,Jewellery,Jewellery CAD/CAM & 3D printing services,Katargam (Ved Road),"G.F, 1st & 2nd Floor, Plot No-36/a, Nilkanth Industrial Co-op Society, Ved Road, Katargam, Surat 395004",https://www.indiamart.com/four-dots-technology/,+917942802124,,https://www.indiamart.com/four-dots-technology/jewellery-cad-cam-services.html,indiamart
Harsha Diamond,Lab-Grown Diamond,CVD & HPHT diamond supplier / manufacturer,Surat,"Surat, Gujarat (street address not visible on source)",https://harshadiamond.com/,+91 78889 72030,,https://harshadiamond.com/,Company website
Sales India - Surat,Retail & Supermarket,Electronics & home-appliance retail chain,"Multiple (Katargam, Varachha, Parvat Patia, Adajan/Rander Rd, Udhana Darwaja)",Apple Square Gajera Circle Katargam 395004; Milestone Vibrant Below Passport Office Udhana Darwaja 395002,https://www.salesindia.com,+919925044075,,https://www.justdial.com/Surat/Sales-India-Pvt-Ltd-Below-Passport-Office-Udhana-Darwaja/0261PX261-X261-160423114615-P5P6_BZDET,JustDial + Hitachi dealer page
Prayagraj Dyeing & Printing Mills Pvt Ltd,Textile Manufacturing,Dyeing & Printing (processing house),Pandesara,"Plot No. 76, GIDC, Pandesara, Surat 394221",https://www.prayagrajmills.com/,+91 72111 22284,sales@dalmiaexports.com,https://www.mapsofindia.com/whitepages/businesses/index/prayagrajd,Maps of India / directory
Ajmera Fashion Limited,Textile Trade & Design,Saree manufacturer/exporter,Surat (Ring Road textile cluster),"Surat, Gujarat",https://www.ajmerafashion.com/,+91-8849429440,,https://www.ajmerafashion.com/about-us.htm,Company website
JJ AC Textile Market,Textile Trade & Design,Textile market complex,Ring Road,"JJ AC Textile Market, Salasar Gate, JP Road, Ring Road, Surat 395002",,,,https://www.textileinfomedia.com/market/JJ-Ac-Textile-Market,Market directory
Raghuvir Trade Center,Textile Trade & Design,Textile market complex,Saroli,"Raghuveer Trade Center, Opp. Landmark Empires, Bhavani Industrial Estate, Saroli, Surat 395011",,,,https://surattextilemarkets.com/raghuvir-trade-center/,Market directory
Shyam Texturisers Private Limited,Textile Trade & Design,Textile manufacturer/exporter,Surat,"Surat, Gujarat",,,,https://www.indiamart.com/impcat/readymade-garments.html,B2B marketplace
Yadu Nandan Fashion,Textile Trade & Design,Saree/ethnic wear manufacturer-exporter,Ring Road,"2002-2005, 2015-18, Jai Radhe Textile Market, Beside Anand Market, Near Shreeji Market, Ring Road, Surat 395002",https://ynfonline.com/,,,https://www.indiamart.com/yadunandan-fashions-surat/profile.html,B2B marketplace
Bhagwan Mahavir College of Engineering & Technology (BMCET),Education,Engineering College,"Vesu, Bharthana","Sr. No. 149, VIP Road, Bharthana, Vesu, Surat-395017",bmefcolleges.edu.in,0261-3247110,director.eng@bmefcolleges.edu.in,https://www.allschoolscolleges.com/college/bhagwan-mahavir-college-of-engineering-and-technology-surat,AllSchoolsColleges + FB
G. D. Goenka International School,Education,School (CBSE),"New City Light, Bharthana","Wisdom Valley, Canal Road, Bharthana Road, New City Light, Surat-395007",gdgoenkasurat.com,0261-2976000,contact@gdgoenkasurat.com,https://www.gdgoenkasurat.com/,Official site
Maharaja Agrasen International School (MAIS),Education,School (CBSE/CIPP),"Narthan, Olpad","Block 467, Village Narthan, Jahangirpura, Dandi Road, Ta-Olpad, Surat-395005",maisedu.in,+91-9638766688,mais.surat@gmail.com,https://www.maisedu.in/contact-us.html,Official site
P. P. Savani Cambridge International School,Education,School (Cambridge/IGCSE),"Abrama, Kamrej","Mota Varachha-Abrama Road, At & Po Abrama, Ta-Kamrej, Surat-394150",ppscis.org.in,8828912891,,https://ppscis.org.in/contact/,Official site
Tapti Valley International School,Education,School (CBSE),"Narthan, Olpad","Block 456-457, Village Narthan, Rander-Dandi Road, Ta-Olpad, Surat-395005",tvis.edu.in,+91-2621-353535,info@tvis.edu.in,https://tvis.edu.in/reach-us/,Official site
PP Savani Heart Institute & Multispeciality Hospital,Healthcare,Multispecialty + cardiac hospital,Varachha / Kapodra,"Mansi Building, Varachha Main Road, Opp Kapodra Police Station, Surat 395006",https://ppsavanihospital.org/,02612577100,,https://ppsavanihospital.org/contact-us,Hospital website
Casepoint Pvt. Ltd.,IT & Software,Legal-tech SaaS / eDiscovery platform,"Adajan, Surat","Shivalik Western Complex, LP Savani Rd, TGB, Adajan Gam, Adajan, Surat 395009",https://www.casepoint.com/,,,https://www.joonsquare.com/it-service/casepoint-pvt-ltd-surat,Joonsquare listing + JustDial + company site
Madhurang Studio,Media/Video/Photo,Wedding photography & cinematography,Kamrej / Vesu,"141 Ratnapuri Society, Near Sankalp Hospital, Kamrej Char Rasta, Surat 394185",https://www.madhurangstudio.com/,+91 98984 22612,,https://www.madhurangstudio.com/bio,Company website
Raghuveer Textile Mall,Textile Trade & Design,Textile market complex,Parvat Patiya / Saroli belt,"Maruti Chamber, Bhagyoday Industrial Estate, Sitaram Society Rd, Parvat Patiya, Surat 395010 (Opp J.T.Nagar)",https://www.raghuvirdevelopers.com/project_details/111,,,https://surattextilemarkets.com/raghuveer-textile-mall/,Market directory
AANGAN Architects (Aangan Collaborative LLP),Architecture & CAD/Engineering,Architecture firm,Athwa / Pal-Umra,"Patel Faliyu, Pal-Umra Bridge, opp. Karuna Sagar Temple, near Umrigar School, Surat, Gujarat 395007",https://aanganarchitects.org/,9712919996,aangan.architect@gmail.com,https://aanganarchitects.org/contact-us/,Company website
Eminent Hyundai,Automobile Dealership,Car dealer (Hyundai),Varachha,"Service centre in Varachha, Surat",https://eminent.hyundaimotor.in/,,,https://eminent.hyundaimotor.in/,Brand dealer site
Kataria Honda (Two Wheeler),Automobile Dealership,Two-wheeler dealer (Honda),Piplod,"Kataria Arcade, Opp Rajhans Cinema, Dumas Road, Piplod, Surat 395007",https://honda.kataria.co.in/,9099007804,,https://honda.kataria.co.in/,Brand dealer site
Pragati Vehicles LLP (Tata Motors),Automobile Dealership,Car dealer (Tata Motors),Parvat Patia,"Orchid Tower, Surat Kadodara Road, Near APMC Market, Parvat Patia, Surat",https://dealer-locator.cars.tatamotors.com/,,,https://dealer-locator.cars.tatamotors.com/tata-motors-cars-showroom-pragati-vehicles-llp-parvat-patia-car-dealer-parvat-patia-surat-266638/Home,Brand dealer site
Stellar Skoda,Automobile Dealership,Car dealer (Skoda),Dumas Road / Puna,"Sunshine Global Hospital Campus, Dumas Road, Surat 395007, next to Big Bazar",https://dealers.skoda-auto.co.in/,919328883324,,https://www.carwale.com/dealer-showrooms/skoda/surat/,Aggregator listing
Vastranand,BPO/Logistics/Print,E-commerce/D2C,"Sachin GIDC, Surat","Vastranand Smart House, Plot 998, Road No.87, Sachin GIDC, Near Sutexbank, GIDC INA, Sachin, Surat - 394230",https://www.vastranand.in/,,,https://www.vastranand.in/,Company website
Gold Star Diamond Pvt Ltd,Diamond & Bourse,Diamond manufacturer & exporter,Varachha,"Vitthal Nagar Society, B/H Roman Point, Varachha Road, Surat 395006",https://www.goldstarjewellery.com/,,,https://www.justdial.com/jdmart/Surat/Gold-Star-Diamond-Praivet-Limited-Vitthal-Nagar-Society-B-H-Roman-Point-Varachha-Road/0261PX261-X261-140703163941-E9Y6_BZDET/catalogue,JustDial + search snippet
Global Indian International School (GIIS) Surat,Education,School (CBSE/IB),"Chalthan, Kadodara","Block 138, Kadodra-Mumbai NH-8, near Choki Dhani, Chalthan, Surat-394305",giissurat.org,,principal.surat@globalindianschool.org,https://www.cbseschool.org/global-indian-international-school-surat-gujarat/,CBSEschool directory + GIIS
Lancers Army School,Education,School (CBSE),"Piplod, Dumas Road","London House, Dumas Road, Piplod, Surat-395007",lancersarmyschools.com,+91-9512266600,info@lancersarmyschool.com,https://lancersarmyschools.com/,Official site
Navyug Science College,Education,Science College,Rander Road,"Morarji Desai Educational Compound, Rander Road, Surat-395009",nscsurat.ac.in,0261-2784103,navyugsciencecollege@yahoo.com,https://nscsurat.ac.in/,Official site
Shrimad Rajchandra Institute of Management & Computer Application (SRIMCA),Education,MCA/MBA College,"Tarsadi, Bardoli (Maliba Campus)","Maliba Campus, Gopal Vidyanagar, Bardoli-Mahuva Road, Tarsadi, Surat-394350",srimca.edu.in,8828912891,,http://srimca.edu.in/,Official site
Vidhyadeep Institute of Engineering & Technology (VIET),Education,Engineering College,Kim/Olpad (South Gujarat),"Vidhyadeep Campus, Anita, Kim-Vadoli Road, Ta-Olpad, Surat-394540",vidhyadeepuni.ac.in,8828912891,info@vidhyadeepuni.ac.in,https://vidhyadeepuni.ac.in/contact.php,Official site
Gangour,Food & Hospitality SME,Restaurant/Sweets & Snacks,Ghod Dod Road,"L1, Royal Palace, Ghod Dod Rd, Surat 395007",gangour.com,+919376744445,,https://gangour.com/,Website
WhitesSand,Food & Hospitality SME,Cafe (Pool/Lounge),Dumas Road / Gavier,"Opp Laxmipati Grand, Beside DPS School Near Airport, Dumas Road, Surat 395007",whitessand.com,+919274314507,,https://whitessand.com/,Website
Adventist Wockhardt Heart Hospital,Healthcare,Super-speciality cardiac hospital,Athwalines,"K Desai Marg, Opposite Chowpatty, Athwalines, Surat",https://surat.nic.in/public-utility/adventist-wockhardt-heart-hospital/,02616694444,,https://surat.nic.in/public-utility/adventist-wockhardt-heart-hospital/,Government directory
Sahyog Imaging Centre,Healthcare,Diagnostic / imaging centre (radiology),Ring Road,"Ground Floor, Aadi Vatsalya Building, Opp RTO Office, Ring Road, Surat 395001",https://www.teleradiologyhub.com/diagnostics/details/36/802-sahyog-imaging-centre-ring-road-surat,261-2655808,,https://www.teleradiologyhub.com/diagnostics/details/36/802-sahyog-imaging-centre-ring-road-surat,Teleradiology directory
Universal Multispecialty Hospital,Healthcare,Multispecialty hospital,Surat,"Surat (multispecialty, ~200 beds; advanced ICU)",https://www.universalhospitalsurat.com/,,,https://www.universalhospitalsurat.com/,Hospital website
Pramukh Group,Hospitality & Real Estate,Real estate developer / Builder,Surat,Surat,https://www.pramukhgroup.com/,,,https://www.bankbazaar.com/home-loan/builders-in-surat.html,Finance directory
Surat Diamond (Surat Diamond Jewellery),Jewellery,Diamond/silver/pearl jewellery manufacturer-exporter,Surat,"Surat, Gujarat (online manufacturer-exporter)",https://www.suratdiamond.com/,,,https://www.suratdiamond.com/about-us.aspx,company_website
Tapti Jewels,Jewellery,Diamond jewellery manufacturer,Varachha Road,"Tapti House, 2A, 2nd Floor, Kapadiya Compound, B/h Central Bazar, Opp. Varachha Police Station, Varachha Road, Surat 395006",https://taptijewels.com/,,,https://taptijewels.com/,company_website
Mira Gems,Lab-Grown Diamond,CVD diamond manufacturer / exporter,Varachha (Kohinoor),Plot No 1 to 5 Kohinoor Industrial Estate Opp G.K. Chambers Kohinoor Road Varachha Surat 395006,https://www.miragems.com/,+91 81474 49533,,https://www.miragems.com/,Company website
Rahi Impex,Lab-Grown Diamond,CVD diamond manufacturer / wholesaler,Mahidharpura,410 to 418 4th Floor Shree Hari Building opp Shryu Building Jadakhadi Mahidharpura Surat 395003,https://www.rahiimpex.in/,+91 97124 33366,,https://www.rahiimpex.in/contact/,Company website
Vibrant Zone,Media/Video/Photo,Animation / VFX / AR-VR studio,Nanpura,"202, Mangalam Appt, Popat Mohallo, opp. Jalaram Dana Chana, Nanpura, Surat 395001",https://vibrantzone.com/,,,https://vibrantzone.com/contact-us/,Company website
Phone Merchants,Retail & Supermarket,Mobile retail chain,"Udhna, Adajan",Shop 44-46 Anupam Amenity Center Udhna Bus Depot Udhana Main Rd 394210; Ankur Apt Muktanand Nagar Rd Adajan,https://www.phonemerchants.in,+919925114800,,https://www.sulekha.com/phone-merchants-udhana-main-road-surat-contact-address,Sulekha + company site
Reliance Trends - Surat,Retail & Supermarket,Branded apparel retail chain,"Udhna/Reliance Mega Mall, Magdalla/VR Mall",Reliance Mega Mall Udhna; VR Mall Magdalla,https://reliancetrends.com,,,https://reliancetrends.com/page/trends-reliance-mega-mall-surat,Official store page
V-Mart - Surat,Retail & Supermarket,Departmental / value-fashion retail chain,"Nana Varachha, Mota Varachha, Parvat Patia",Deepkamal Mall Varachha Main Rd Nana Varachha 395006; Mota Varachha; Near Midas Square Parvat Patia,https://stores.vmartretail.com,,,https://stores.vmartretail.com/location/gujarat/surat,Official store locator
Madhusudan Dyeing & Printing Mills (Madhusudan Group),Textile Manufacturing,Dyeing & Printing (processing house),Surat,"Madhusudan Group, Surat (dyeing/printing + weaving divisions)",https://madhusudangroup.com/dyeing-printing-mills/,,,https://madhusudangroup.com/dyeing-printing-mills/,Company website
Maruti Education of Design / Maruti Institute of Design,Textile Trade & Design,Textile CAD design institute/studio,Udhna,"T-28, Silicon Shoppers, 3rd Floor, Udhana Main Rd, opp. Satya Nagar, Udhana, Surat 394210",https://www.marutieducationofdesign.com/,+919904512600,,https://www.marutieducationofdesign.com/,Company website
Raghukul Textile Market,Textile Trade & Design,Textile market complex,Ring Road,"Raghukul Market, Near Kamela Darwaza, Ring Road, Surat 395002",,,,https://surattextilemarkets.com/raghukul-textile-market/,Market directory
Raghuvir Textile Business Park,Textile Trade & Design,Textile market complex,Ring Road,"Raghuvir Textile Business Park, Ring Road, Surat",,,,https://www.textileinfomedia.com/market/Raghuvir-Textile-Bussiness-Part,Market directory
Riya Fashions,Textile Trade & Design,Garment exporter (stitched suits/digital print),Ring Road / Radha Krishna Market,"Radha Krishna Textile Market, Ring Road, Surat",,+912612478899,export@riyafashions.com,https://www.indiamart.com/riyafashion-surat/aboutus.html,B2B marketplace
Sitaram Creation Pvt. Ltd.,Textile Trade & Design,Saree manufacturer/wholesaler,"Millennium / JJ Market, Ring Road","81/82, 1st Floor, Sidhhi Vinayak Industrial Estate, Behind Ashoka Hotel, Opp Smimer Hospital, Millennium Textile Market, Surat 395002",,,,https://www.indiamart.com/sitaramcreation/,B2B marketplace
"Government Polytechnic, Surat",Education,Polytechnic/Diploma (Govt),Majura Gate,"Majura Gate, Ring Road, Surat-395001",gpsurat.cteguj.in,0261-2655799,,https://shikshan.org/colleges-courses/gujarat-surat_district-colleges-engineering-polytechnic-government/,Shikshan directory
"Vidyabharti Trust College of Business, Computer Science & Research (VTCBCSR)",Education,Engineering/Computer College,"Umrakh, Bardoli (South Gujarat)","Vidyabharti Campus, Umrakh, Ta-Bardoli, Surat-394345",vtcbcsr.edu.in,02622-220581,info@vtcbcsr.edu.in,https://www.vtcbcsr.edu.in/,Official site
Dotivala Bakers & Confectioners,Food & Hospitality SME,Bakery,Nanpura,"Ardeshir Kotwal Road, Makkai Bridge, Nanpura, Surat 395001",dotivala.com,+912612475027,info@dotivala.com,https://dotivala.com/contact-us,Website
Grown Diamond Corporation,Lab-Grown Diamond,LGD manufacturer / polishing factory,Surat (factory),State-of-the-art polishing factory in Surat (HQ in Mumbai BKC),https://www.growndiamondcorp.com/,+91 22 4971 6448,,https://www.growndiamondcorp.com/contact/,Company website
Aditya Sutaria Architects (ASA),Architecture & CAD/Engineering,Architecture firm,Vesu,"207, The Grand Plaza, VIP Road, Vesu, Surat, Gujarat 395007",,9909038481,,https://www.justdial.com/Surat/Aditya-Sutaria-Architects-Asa-Vesu/0261PX261-X261-220317220322-X4V1_BZDET,JustDial listing
Ducon Consultants Pvt. Ltd.,Architecture & CAD/Engineering,Structural / Industrial design,Vesu,"402, SNS Arista, Opp. Happy Home Residency, Udhana-Magdalla Road, Vesu, Surat 395007",https://www.duconconsultants.in/,7211119652,,https://www.duconconsultants.in/structures/contact.html,Company website
Engineering Technique,Architecture & CAD/Engineering,CAD/CAM mechanical design & SOLIDWORKS,Athwa Gate,"2nd Floor, Shreeji Nivas, Above A to Z Electronics, Besides Mansukhlal Tower, Opp. Dhiraj Sons, Athwa Gate, Surat 395001",https://www.enggtechnique.com/,,,https://www.enggtechnique.com/,Company website
EssTeam Design Services LLP,Architecture & CAD/Engineering,Architecture firm,Piplod / Gymkhana Rd,"Samanvay, 4th Floor, Gymkhana Rd, near Chandni Chowk, Surat, Gujarat 395007",http://www.essteam.in/,9909016610,,https://www.essteam.in/contact,Company website
Studio Lagom,Architecture & CAD/Engineering,Architecture / Interior firm,Sagrampura,"2nd Floor, Flat No. 3, Khimchand Mansion, Opp. Old Mahavir Hospital, Sagrampura, Surat",http://www.studiolagom.in/,9913704686,,http://www.studiolagom.in/,Company website
Presidency Skoda,Automobile Dealership,Car dealer (Skoda),Bharthana Vesu,"Plot No 53, TP Scheme 13, New City Light Road, Bharthana Vesu, Surat 396445",https://dealers.skoda-auto.co.in/,6359309000,,https://www.carwale.com/dealer-showrooms/skoda/surat/,Aggregator listing
Surat Kia (Surat Motorcars),Automobile Dealership,Car dealer (Kia),Udhana,"Khatodara / Udhana area, Surat",https://kiaindia-dealers.com/,,,https://kiaindia-dealers.com/kia-car-showroom-surat-kia-udhana-surat-kia-car-dealer-udhana-surat-334876/Home,Brand dealer site
Jamnagar Transport Company,BPO/Logistics/Print,Logistics/Transport,"Delhi Gate / Udhna GIDC, Surat","716/6, Opp Satkar Hotel, Near Ambika Petrol Pump, Unapani Road, Delhigate, Surat - 395003; Branch Plot 23/1, Road No.12, GIDC Udhna, Surat - 394210",https://www.jamnagartransportco.com,0261-2491279,,https://www.jamnagartransportco.com,Company website
Metro Press,BPO/Logistics/Print,Printing/Packaging,"Khatodra Wadi / Ring Road, Surat","Metro Printers, Ring Road, Khatodra Wadi, Surat, Gujarat",https://metrosurat.in/,9537343537,jobs@metrosurat.in,https://metrosurat.in/contact-us,Company website
Dimexon Diamonds Ltd,Diamond & Bourse,Diamond manufacturer (traceability focus),Choryasi,"Choryasi, Surat 395001 (Surat unit); HQ Raheja Chambers, Nariman Point, Mumbai",https://dimexon.com/,,infoindia@dimexon.com,https://www.sulekha.com/dimexon-diamonds-ltd-choryasi-surat-contact-address,Sulekha + search snippet
Atharva Diamond (Atharva International Trade),Diamond/Jewellery/Textile Micro-SME,Diamond cutting & polishing job-work unit,Varachha,"105, Vrundavan, Near Gitanjali Petrol Pump, Varachha, Surat - 395006",atharvainternationaltrade.com,9069077577,aitraimpex@gmail.com,https://www.atharvainternationaltrade.com/contact-us.htm,Company website
"Government Industrial Training Institute (ITI), Surat",Education,ITI (Govt),Majura Gate,"ITI Surat, Majura Gate, Surat-395001",itisurat.org.in,0261-2655794,prlsuratiti@yahoo.co.in,https://iti.directory/surat/industrial-training-institute-surat-government,ITI directory + govt
N. G. Patel Polytechnic,Education,Polytechnic/Diploma,Bardoli/Afwa (South Gujarat),"At Isroli (Tajpore), PO Afwa, Bardoli-Navsari Road, Ta-Bardoli-394620, Surat",ngpatelpoly.ac.in,02622-291106,svpess@yahoo.com,https://ngpatelpoly.ac.in/,Official site
Sitarambhai Naranji Patel Institute of Technology & Research Centre (SNPIT&RC),Education,Engineering College,"Umrakh, Bardoli (South Gujarat)","At & Po Umrakh, Ta-Bardoli, Surat-394345",snpitrc.ac.in,02622-224581,,https://www.snpitrc.ac.in/,Official site
"TOPS Technologies, Surat",Education,Computer/IT Training Institute,"Sagrampura, Ring Road (multi-branch)","301, Jeevandeep Complex, Ring Road, beside Nirmal Hospital, Sagrampura, Surat-395002",tops-int.com,07069598828,,https://www.tops-int.com/contact-us,Official site
White Lotus International School,Education,School (CBSE),Vesu,"Plot 205, Opp. Royal Regency, near SUDA Water Tank, behind Someshwara Bunglows, Vesu, Surat-395007",wlis.org,0261-2215700,info@wlis.org,https://www.cbseschool.org/white-lotus-international-school-surat-gujarat/,CBSEschool directory + WLIS
NJ Insurance Brokers Pvt Ltd,Finance & Professional,Insurance broker,Udhna,"Block No 502, 2nd Floor, B Tower, Udhna Udyog Nagar Sangh Commercial Complex, Surat-394210",https://www.njgroup.in/,,,https://policyholder.gov.in/en/web/guest/list-of-brokers,IRDAI registry
24 Carats Mithai Magic,Food & Hospitality SME,Sweet Shop (Mithai),Ghod Dod Road / Parle Point,"H/7, Ghod Dod Rd, Parle Point, Meghdoot Society, Athwalines, Surat 395007",24caratssweets.com,+919714826200,,https://24caratssweets.com/contact-us/,Website
La Mensa Multicuisine,Food & Hospitality SME,Restaurant (Multicuisine),Katargam,"Ramkatha Rd, beside Gujan Park, near SRK Sports Complex, Katargam, Surat 395004",lamensamulticuisine (FB),+919875281816,,https://www.justdial.com/Surat/La-Mensa-Multicuisine-Restaurants-Near-Atlantis-Hights-Katargam/0261PX261-X261-220127154610-I1X4_BZDET,JustDial/Facebook
Adani Hazira Port Ltd,Government & PSU,Large Industrial (public-facing) / Port,"Hazira, Surat","At & Post Hazira, Tal. Choryasi, Dist. Surat-394270",https://www.adaniports.com/,+91-261-2207780,,https://www.adaniports.com/ports-and-terminals/hazira-port,Official company site
Gujarat Gas Ltd - Surat Office,Government & PSU,PSU / City Gas Distribution,"Adajan, Surat","87-88, Mahyavanshi Mohallo, Adajan Gam, Surat-395009",https://www.gujaratgas.com/,+91-0261-2736333,,https://www.gujaratgas.com/contact-us/offices/,Official site
ONGC Ankleshwar Asset (South Gujarat),Government & PSU,PSU / Oil & Gas,"Ankleshwar, Bharuch","New Building, Gadkhol Part, Ankleshwar GIDC, Ankleshwar-393001",https://ongcindia.com/,02646-237500,,https://www.ongcindia.com/wps/wcm/connect/en/about-ongc/contact-us/our-offices/,Official PSU site
Surat Urban Development Authority (SUDA),Government & PSU,Urban Development Authority,Surat,"SUDA Bhavan, Vesu-Abhva Road, Vesu, Surat-395007",https://www.sudaonline.org/,(0261) 2500050,sudaonline1978@gmail.com,https://www.sudaonline.org/contact-us-2/,Official site
Apple Hospital,Healthcare,Multispecialty hospital,Udhna,"Udhna Darwaja, Aman Nagar, Ring Road, Udhna, Surat 395002",https://surat.nic.in/public-utility/apple-hospital/,0261-2310703,applehospital.surat@gmail.com,https://surat.nic.in/public-utility/apple-hospital/,Government directory
Asutosh Multi Speciality Hospital,Healthcare,Multispecialty / trauma hospital,Majura Gate,"Beside Kshetrapal Temple, Kailash Nagar, Majura Gate, Surat",https://www.asutoshindia.com/,0261-2509300,,https://www.asutoshindia.com/contact.html,Hospital website
Shreeji Imaging Center,Healthcare,Diagnostic / imaging centre (radiology),Sumul Dairy Road,"Ground Floor Hotel Raj Building, Near Ayurvedic College, Sumul Dairy Road, Surat 395003",http://www.shreejiimaging.in/,+91 261 253 7125,,http://www.shreejiimaging.in/,Diagnostic centre website
Central Mall (Iris Mall) Surat,Hospitality & Real Estate,Shopping mall / Multiplex,Dumas Road,"Iris Mall, Gaurav Path Road, Dumas Road, Surat",https://www.centralandme.com/,,,https://www.holidify.com/pages/malls-in-surat-1878.html,Travel guide
Lords Plaza Surat,Hospitality & Real Estate,Hotel (4-star),Delhi Gate,"Delhi Gate, Ring Road, Surat",https://www.lordshotels.com/,0261-3066666,,https://gujarattourism.com/accommodation/registered-hotels/lords-plaza--surat.html,Govt tourism registry
Roongta Developers,Hospitality & Real Estate,Real estate developer / Builder,Surat,Surat,https://roongtadevelopers.com/,,,https://roongtadevelopers.com/,Builder official site
Sarsana Convention Centre,Hospitality & Real Estate,Convention center,Udhna,"Sarsana, Udhna, Surat",https://www.venuelook.com/conference-hall-venues-in-surat,,,https://www.venuelook.com/conference-hall-venues-in-surat,Venue portal
OptimumBrew Technology LLP,IT & Software,"SaaS product / mobile apps (PhotoADKing, DesignWiz)",Surat,"Surat, Gujarat",https://optimumbrew.com/,,,https://optimumbrew.com/,Company website + listicle
Brilliantstar Diamond Jewellery Pvt. Ltd.,Jewellery,Diamond jewellery manufacturer,Mini Bazar (Varachha),"Office No. 101, 1st Floor, Hare Krishna Diamond Hall, Sy-246, Plot No. 8/A, Room No.1, Varachha Road, Mini Bazar, Surat 395008",,+91-81412-62360,,https://www.scribd.com/document/879082529/Jewellers-in-Surat-Contact-Details,directory
Excellent Corporation (Excellent Jewel),Jewellery,Lab-grown diamond mfr + custom jewellery,Varachha (AK Road),"152, Ankur Society, A K Road, Varachha, Surat 395006",https://www.excellentcorporation.in/,,,https://www.excellentcorporation.in/,company_website
Premvati Diamond Jewellery,Jewellery,Diamond/gold jewellery manufacturer,Mahidharpura,"2nd Floor, Rajwadi Palace, Above SNB Jewellers, Rampura Road, Lal Darwaja, Mahidharpura, Surat 395003",https://www.premvatijewelry.com/,,,https://www.premvatijewelry.com/,company_website
Prishil Diamond and Jewel,Jewellery,Jewellery CAD design & rendering service,Surat,"Surat, Gujarat",https://www.prishiljewels.com/,,,https://www.prishiljewels.com/diamond-jewellery-designing-services.htm,company_website
Excellent Corporation,Lab-Grown Diamond,CVD & HPHT diamond supplier / jeweler,Varachha,152 Ankur Society Beside Gate No 1 Near Ankur Circle A.K Road Varachha Surat 395006,https://www.excellent-corporation.com/,+91 82001 27828,,https://www.excellent-corporation.com/,Company website
Blink Opticals,Local Retail SME,Optician/Eyewear,City Light Road,"City Light Road, Surat",https://www.hindustanyellowpages.in/Surat/Blink-Opticals/City-Light-Road,8866222777,,https://www.hindustanyellowpages.in/Surat/Blink-Opticals/City-Light-Road,Directory (HindustanYellowPages)
Dhwani Opticals,Local Retail SME,Optician/Eyewear,City Light Road,"City Light Road, Surat",https://www.hindustanyellowpages.in/Surat/Dhwani-Opticals/City-Light-Road,9825885821,,https://www.hindustanyellowpages.in/Surat/Dhwani-Opticals/City-Light-Road,Directory (HindustanYellowPages)
Aadharshila,Media/Video/Photo,Corporate video production,"Race Course (Vadodara base, serves Surat)","34, Third Floor, Meghdhanush, Race Course, Vadodara 390007",https://aadharshila.com/video-production-company-in-surat/,+91 73833 21779,connect@aadharshila.com,https://aadharshila.com/contact/,Company website
Manish Photo Studio,Media/Video/Photo,Photography & videography studio,Bhatar Road,"17-18-19, Vardhman Complex, Near Umabhavan Char Rasta, Bhatar Road, Surat 395017",https://manishphotostudio.com/,+91 9825128612,manishphoto13@gmail.com,https://manishphotostudio.com/contact-us/,Company website
MedPlus Pharmacy - Surat,Retail & Supermarket,Pharmacy / medical-store chain,Surat (multiple),Surat (multiple medical stores),https://www.medplusindia.com,,,https://www.medplusmart.com/storelocator,Official store locator
Pantaloons (Aditya Birla Fashion) - Surat,Retail & Supermarket,Branded apparel retail chain,"City Light/Athwa, Magdalla/VR Mall",Unity Corner City Light Rd City Light Town Athwa 395007 (opp Bank of Baroda),https://stores.pantaloons.com,08657959680,,https://stores.pantaloons.com/pantaloons/clothing-store-in-surat/,Official store locator
Mahira Textiles,Textile Manufacturing,Weaving (airjet),Surat,"Surat, Gujarat (airjet fabric manufacturer)",https://www.mahiratextile.com/,,,https://www.mahiratextile.com/,Company website
Mangalam Industries (Mangalam Group),Textile Manufacturing,Weaving (waterjet),Surat,"Surat, Gujarat (~300 Haijia HW waterjet looms)",https://www.waterjetloom.com/india.html,,,https://www.waterjetloom.com/india.html,Company/Trade website
Sudamo Impex Pvt Ltd (Madhusudan Group),Textile Manufacturing,Weaving (rapier/waterjet),Palsana (Baleshwar),"283, Laxminarayan Industrial Estate, NH No. 8, Village Baleshwar, Tal. Palsana, Dist. Surat 394317",https://madhusudangroup.com/weaving/,,,https://madhusudangroup.com/weaving/,Company website
Artistic Designing Studio,Textile Trade & Design,Textile/Jacquard CAD design studio,Sachin GIDC,"Sachin GIDC, Surat, Gujarat",https://www.artisticdesigningstudio.com/,,,https://www.artisticdesigningstudio.com/about/,Company website
Suryavanshi Creation Pvt. Ltd.,Textile Trade & Design,Saree/ethnic wear manufacturer-wholesaler,Ring Road,"Textile Market, Ring Road, Surat",https://www.suryavansicreation.com/about-us,,,https://www.suryavansicreation.com/about-us,Company website
Wholetex,Textile Trade & Design,Wholesale textile trader/exporter,Surat,"Surat, Gujarat",https://www.wholetex.com/,+919137381212,,https://www.wholetex.com/,Company website
Summirow Dental,Wellness & Clinics SME,Dental clinic (multi-speciality),Vesu,"6th Floor, Western Vesu Point, Opp SBI Bank, Next to Reliance Market, Vesu Char Rasta, Vesu, Surat 395007",https://www.summirow.com/,9377777303,smile@summirow.com,https://www.summirow.com/contact-us,Business website
V-Trans (India) Ltd,BPO/Logistics/Print,Logistics/Transport,"Udhna, Surat","Beside Mahindra Service Station, Udyognagar, Udhna, Surat",https://vtransgroup.com/,,,https://www.justdial.com/Surat/V-Trans-India-Ltd-Beside-Mahindra-Service-Station-Udhyognagar-Udhna/0261P261STD6261_BZDET,JustDial
"Allen Career Institute, Surat",Education,Coaching/Test-prep,Vesu / Udhna Darwaja (multi-branch),"J-9 High Street, Opp. Celestial Dreams, Vesu Canal Road, Vesu, Surat-395007",allen.ac.in,+91-7347397337,globalstudies.surat@allen.in,https://www.allen.ac.in/surat/contactus.asp,Official site
Bhulka Bhavan School,Education,School (CBSE/State),Adajan,"Adajan-Hazira Road, near Gujarat Gas Circle, Adajan, Surat-395009",bhulkabhavan.com,0261-2732733,info@bhulkabhavantrust.org,https://bhulkabhavan.com/contact-us/,Official site
J. H. Ambani Saraswati Vidya Mandir,Education,School (CBSE),"Vesu, Udhna-Magdalla Road","Vesu Char Rasta, near VNSGU, Udhna-Magdalla Road, Surat-395007",nirmaedu.org,0261-2257880,,https://www.icbse.com/schools/j-h-ambani-saraswati-vidya-mandir-56z0lz,ICBSE directory + Justdial
"Red & White Skill Education, Surat",Education,Computer/IT Training Institute,Mota Varachha / A.K. Road (multi-branch),"B305-B311, 3rd Floor, IT Park, Digital Valley, Mota Varachha-Uttran, Surat-394101",rwskill.edu.in,+91-6352295143,,https://www.rwskill.edu.in/contact/,Official site
GAB & Associates,Finance & Professional,CA / Audit firm,Ring Road,"304, 21st Century Business Centre, Ring Road, Surat-395002",https://gabca.in/,0261 4897877,info@gabca.in,https://www.justdial.com/Surat/GAB-Associates-Nr-World-Trade-Centre-Ring-Road/0261PX261-X261-130830214235-V7I3_BZDET,JustDial
Jhaveri Securities Limited,Finance & Professional,Stock / commodity broker,Anand Mahal Road,"Anand Mahal Road, Surat",,,,https://www.justdial.com/Surat/Jhaveri-Securities-Ltd-Anand-Mahal-Road/0261PX261-X261-090911120429-H1Z5_BZDET,JustDial
Kekiz - The Cake Shop,Food & Hospitality SME,Cake Shop / Patisserie,Althan,"Althan-Bhatar, Surat (also Athwagate, Dindoli)",kekiz_surat (IG),6352809010,,https://www.instagram.com/kekiz_surat/,Instagram
Kissah - The Cafe,Food & Hospitality SME,Cafe / Restaurant,Dumas,"Right From Langar, Opp Jukamata Temple, Next To Vihar Cottage, Sultanabad Dumas Village Road, Surat 394550",kissahsurat (linktr),+917047507047,,https://www.instagram.com/kissahsurat/,Instagram
Unipath Speciality Laboratory,Healthcare,Pathology lab / diagnostics chain,Athwa Gate,"Vanita Vishram Building, Above Bank of Baroda, Near Athwa Circle, Athwa Gates, Surat",https://unipath.in/,0261-3099000,,https://unipath.in/reach-us,Lab chain website
EnactOn Technologies Pvt. Ltd.,IT & Software,Software / SaaS product development,"Vesu/Dumas Road, Surat","605, 6th Floor, Luxuria Business Hub, Dumas Road, Surat 395007",https://www.enacton.com/,+91 74260 60610,contact@enacton.com,https://www.enacton.com/contact-us/,Company website (contact page)
Divyang Opticals,Local Retail SME,Optician/Eyewear,Adajan,"Opposite Mahalaxmi Fast Food, Adajan Dn, Surat",https://www.facebook.com/divyangopticals.in/,9825403704,,https://www.hindustanyellowpages.in/Mobile/9825403704,Directory (HindustanYellowPages)
451 Textile Market,Textile Trade & Design,Textile market complex,Ring Road,"451 Textile Market, Ring Road, Surat",,,,https://surattextilemarkets.com/451-textile-market/,Market directory
Elegance Cosmetic Laser Clinic & Hair Transplant Center,Wellness & Clinics SME,Cosmetic/hair transplant clinic,Adajan & Vesu,"203, Trinity Business Park, Opp G3 Store, Madhuvan Circle, LP Savani Rd, Adajan, Surat 395009",https://www.eleganceclinic.in/,8320500350,,https://www.sulekha.com/elegance-hair-transplant-cosmetic-skin-clinic-adajan-surat-contact-address,Sulekha
GYMSHINE,Wellness & Clinics SME,Gym/fitness center,Althan / Udhna,"3rd Floor, Times World, Opp Magnus Mall, Bh Khatu Shyam Mandir, Althan-Bhimrad Canal Road, Althan, Surat 395007",https://gymshine.co.in/,8799004260,,https://gymshine.co.in/branches/,Business website
Deep Breath Architecture,Architecture & CAD/Engineering,Architecture firm,Piplod,"908, Icon Business Hub, Nr Valentine Theater, Piplod, Surat, Gujarat 395007",https://dbarchitecture.in/,9825045687,,https://dbarchitecture.in/,Company website
J-Nine Associates (J9 Associates),Architecture & CAD/Engineering,Architecture / Interior firm,Ghod Dod Road,"Plot 81, Subhash Nagar Soc, Near Shivaji Garden, Ram Chowk, Ghod Dod Road, Surat 395007",https://j-nine.co.in/,9313662338,contact@j-nine.co.in,https://j-nine.co.in/about-us/,Company website
PDA Structural Design Engineers (Piyush Dudhat & Associates),Architecture & CAD/Engineering,Structural consultant,Adajan,"1005, White Orchid, LP Savani Rd, Adajan Gam, Adajan, Surat",https://pdasdeindia.wixsite.com/website,9924674455,,https://pdasdeindia.wixsite.com/website,Company website
Quartet Architects,Architecture & CAD/Engineering,Architecture / Interior firm,Adajan,"01, Sai Rachana Row House, Nr. Toyota Showroom, L.P. Savani Road, Adajan Pal, Surat 395009",https://quartetarchitects.com/,9227130830,info@quartetarchitects.com,https://quartetarchitects.com/,Company website
Samhitha Design Studio,Architecture & CAD/Engineering,Interior design studio,VIP Road,"4th Floor, Soham Square, Opp Metro Mall, VIP Road, Surat 395017",https://www.samhithastudio.com/,9998927826,info.samhithastudio@gmail.com,https://www.samhithastudio.com/about-us,Company website
Automark Motors (Volkswagen),Automobile Dealership,Car dealer (Volkswagen),Piplod,"Besides Vijay Sales, Near Kargil Chowk, Surat-Dumas Road, Piplod, Surat 395007",https://volkswagen-surat.com/,02241357346,,https://www.cardekho.com/volkswagen/surat/cardealers/automark-motors-pvt-ltdpiplod-178223.htm,Aggregator listing
Monarch Hyundai,Automobile Dealership,Car dealer (Hyundai),Surat,"Surat, Gujarat",https://monarch.hyundaimotor.in/,,,https://monarch.hyundaimotor.in/,Brand dealer site
Datalink Outsourcing,BPO/Logistics/Print,Data Entry,"Ring Road, Surat","8/202, 2nd Floor, Shri Hari Park, Center Point Civil Char Rasta, Ring Road, Surat - 395002 (Opp Dhruv Auto)",,,,https://www.justdial.com/Surat/Datalink-Outsourcing-Opposite-Dhruv-Auto-Ring-Road/0261PX261-X261-151017184552-U8F9_BZDET,JustDial
Kantilal Chhotalal (KC),Diamond & Bourse,Solitaire & fancy diamond jewellery manufacturer,Surat,"Modeshwari Bhavan, Babanjini Sheri, Modvanik Wadi, Ruknathpura, Lal Darwaja, Surat 395003",https://www.kantilalchhotalal.com/,,,https://www.kantilalchhotalal.com/,Company site + search snippet
"Aakash Institute, Surat",Education,Coaching/Test-prep,Adajan / Majura Gate / Vesu / Mota Varachha (multi-branch),"Fortune High St, New Green City Road, Opp. Western Arena, Adajan, Surat",aakash.ac.in,,,https://centers.aakash.ac.in/location/gujarat/surat,Official center site
"Narayana Coaching Center, Surat",Education,Coaching/Test-prep,Vesu / Athwa (multi-branch),"1st Floor, Narayana Academy, Tej House, opp. Dhiraj Sons, Someshwara Enclave, Vesu, Surat-395007",narayanacoachingcenters.in,9319992363,bm.vesu@narayanagroup.com,https://www.narayanacoachingcenters.in/gujarat/surat-city,Official site
S. R. Luthra Institute of Management,Education,MBA/Management College,Athwalines,"MTB College Campus, Near Adarsh Society, Athwalines, Surat-395001",srlimba.ac.in,0261-2240103,contact@srlimba.ac.in,https://srlimba.ac.in/,Official site
JK Securities Private Limited,Finance & Professional,Stock / commodity broker,Athwa Gates,"Opposite Athwa Gate Police Station, Athwa Gates, Surat",https://www.jksecurities.com/stock-broker-surat,,,https://www.jksecurities.com/stock-broker-surat,Company site
NJ Technologies,Finance & Professional,Fintech,Surat,,https://www.njgroup.in/,,,https://tracxn.com/d/explore/fintech-startups-in-surat-india/__2s5hTjsX_EUHdNkzuyxJc3BVnfQMbXfsqixnWbbwA2s/companies,Startup directory
Rasesh Shah & Associates,Finance & Professional,CA / Audit firm,Udhna Darwaja,"405, Empire State Building, Near Udhna Darwaja, Surat-395002",https://raseshca.com/,+91 261 2260987,info@raseshshah.com,https://www.indiamart.com/raseshshahassociates-surat/,IndiaMart
Surat Nagrik Sahakari Bank Ltd,Finance & Professional,Co-operative bank,Varachha Road,"Varachha Road, Surat-395006",,,,https://www.sulekha.com/surat-nagrik-sahakari-bank-ltd-varachha-road-surat-contact-address,Directory
G.Dada Surti Farsan & Surti Rasoi,Food & Hospitality SME,Farsan / Restaurant,Adajan,"Sneh Sankul Wadi, Green Atria, G-17, Anand Mahal Rd, Adajan, Surat 395009",Gdadafarsan (FB),+919376665777,,https://www.hindustanyellowpages.in/Surat/G-Dada-Farsan-and-Surti-Rasoi/Adajan,Yellow Pages/JustDial
The Bungalow Cafe,Food & Hospitality SME,Cafe,Adajan,"A102, First Floor, Valentina Business Hub, 27, Subhash Chandra Bose Marg, Adajan Gam, Surat 395009",tbcsurat (FB),+917878757233,,https://yappe.in/gujarat/surat/the-bungalow-cafe-adajan/391445,Yappe/Zomato
Vimal Agro Products Pvt Ltd,GIDC Manufacturing,Food / Agro Processing,Bardoli (Surat dist),"Near GIDC, Ten Road, Bardoli, Surat 394601, Gujarat",https://www.vimalagro.com/,+91 2622 222759,info@vimalagro.com,https://www.vimalagro.com/contact-us/,Company website
"District & Sessions Court, Surat",Government & PSU,Judiciary / Courts,Surat,"District Court Complex, Athwalines, Surat-395007",https://surat.dcourts.gov.in/,(0261) 2651805,dcourt-sut@gujarat.gov.in,https://surat.dcourts.gov.in/contact-us/,Official dcourts.gov.in
Gujarat State Road Transport Corp (GSRTC) - Surat Division,Government & PSU,PSU / State Transport,Surat,"Surat Central Bus Stand / Surat-1 Depot, Surat",https://www.gsrtc.in/,0261-2422006,,https://www.gsrtc.in/site/downloads/innerPages/contactUs.html,Official site
Shell Energy India (Hazira LNG & Port),Government & PSU,Large Industrial (public-facing),"Hazira, Surat","Hazira LNG Terminal, Via Surat, Hazira, Surat District-394270",https://www.shell.in/,+91 261 3051165,hlpl-haz-portcontrol@shell.com,https://www.shell.in/business/shell-energy-india/hazira-port.html,Official company site
Burhani Hospital,Healthcare,Multi-super-speciality trust hospital,Mahidharpura / Begampura,"4/4665 Kuvarsing Street, Khangad Sheri, Mahidharpura, Begampura, Surat 395003",https://www.burhanihospital.com/,0261 250 5050,Burhanihospital@gmail.com,https://www.burhanihospital.com/contact-us/,Hospital website
Sanya Imaging Centre (Sanya Hospital & Diagnostics),Healthcare,Diagnostic / imaging centre (radiology),Varachha Road,"C/o PP Savani Heart Institute, Mansi Building, Nr Siddhkutir Temple, Varachha Road, Surat 395006",https://www.teleradiologyhub.com/diagnostics/details/36/1186-sanya-imaging-centre-varcha-road-surat,,,https://www.teleradiologyhub.com/diagnostics/details/36/1186-sanya-imaging-centre-varcha-road-surat,Teleradiology directory
SMIMER Hospital (Surat Municipal Institute of Medical Education & Research),Healthcare,Government tertiary teaching hospital,Umarwada,"Near Sahara Darwaja, Opp Bombay Market, Umarwada, Surat 395010",http://smimer.suratmunicipal.gov.in/Hospital,02612368040,,http://smimer.suratmunicipal.gov.in/Contact,Government hospital website
Divine Group,Hospitality & Real Estate,Real estate developer / Builder,Surat,Surat,https://www.realestateindia.com/builders-developers-in-surat.htm,,,https://www.realestateindia.com/builders-developers-in-surat.htm,Real estate directory
Manidhara Realty,Hospitality & Real Estate,Real estate developer / Builder,Varachha / Adajan,Surat,https://www.manidhara.com/,,,https://www.manidhara.com/,Builder official site
Marvella Group,Hospitality & Real Estate,Real estate developer / Builder,Surat,Surat,https://marvellagroupsurat.com/,,,https://marvellagroupsurat.com/,Builder official site
Regenta - The World Surat,Hospitality & Real Estate,Hotel (4-star),Surat,Surat,https://www.regentahotels.com/,,,https://us.trip.com/hotels/luxury/city/in/surat.html,Hotel aggregator
Shivalik Group,Hospitality & Real Estate,Real estate developer / Builder,Althan,Surat,https://www.shivalikgroup.com/,,,https://builders.99acres.com/shivalik-group-surat-builders-developers-bid-87829,Real estate portal
Onviqa Pvt. Ltd.,IT & Software,Software & application development,"Punagam, Surat","Office 603-604, Orbit-1, Punagam-Saroli Road, Punagam, Surat 395010",https://onviqa.com/,099799 93119,info@onviqa.com,https://onviqa.com/reach-us/,Company website (contact page)
Ajahara Diamonds,Jewellery,Diamond jewellery manufacturer/supplier,Surat,"Surat, Gujarat (est. 2007)",https://www.ajaharadiamonds.com/,,,https://www.ajaharadiamonds.com/,company_website
High Carat Diamond,Jewellery,Diamond jewellery manufacturer/trader,Surat,"Surat, Gujarat",https://www.highcaratdiamond.co.in/,,,https://www.highcaratdiamond.co.in/,company_website
Mia by Tanishq - Ghod Dod Road,Jewellery,Branded retailer/showroom,Ghod Dod Road (Subhash Nagar),"Ghod Dod Road, Subhash Nagar, Surat 395007",https://www.miabytanishq.com/,,,https://www.promanage.biz/mia-by-tanishq/jewellery-store-in-subash-nagar-surat-11286150-profile,directory
RMP Diamond,Jewellery,Certified natural diamond manufacturer,Surat,"Surat, Gujarat",https://www.rmpdiamond.com/,,export@rmpdiamond.com,https://www.rmpdiamond.com/,company_website
Sparkling Splendor,Jewellery,Jewellery mfr + CAD design service,Katargam (Laxmi Enclave),"5th Floor, Office-522, Laxmi Enclave-2, Sy No 271 Fp 122, Surat 395004",https://www.indiamart.com/sparkling-splendor/,,,https://www.indiamart.com/sparkling-splendor/aboutus.html,indiamart
Nishal Gems,Lab-Grown Diamond,LGD manufacturer / wholesaler (B2B),Mahidharpura,201 Raj Chambers near Blue Diamond Hat Falia Mahidharpura Surat 395003,https://www.nishalgems.com/,+91 98981 33032,info@nishalgems.com,https://www.nishalgems.com/contact,Company website
Gangar Eyenation (Adajan),Local Retail SME,Optician/Eyewear,Adajan,"Shreeji Arcade, Anand Mahal Road, Adajan, Surat 395009",https://www.gangareyenation.com/optometrist-sunglasses-store-near-me-adajan-surat/,02612745300,,https://www.gangareyenation.com/optometrist-sunglasses-store-near-me-adajan-surat/,Business website
50mm Media Productions,Media/Video/Photo,Photography / film / branding studio,Vesu / Pal,"44-45, 4th Floor, Aagam Arcade, Vesu Main Road, Vesu, Surat 395007",https://50mm.co.in/,76 66 77 88 99,,https://50mm.co.in/,Company website
AniFx Studios,Media/Video/Photo,Animation / VFX studio,Bhatar Road,"107, Vasudev Arcade, Nr. Raj Empire Multiplex, Bhatar Road, Surat - 395001",https://anifx.ueniweb.com/,+91 9033328201,,https://www.facebook.com/anifx.ind/,Facebook/company page
Photophactory Studios,Media/Video/Photo,Wedding/commercial photography & cinematography,Vesu,"1st-44, Second Floor, Atlanta Business Hub, Opp Ofira Posh Residence, Vesu, Surat 395007",https://photophactorystudios.com/,+91 6353628979,photophactorystudios.in@gmail.com,https://photophactorystudios.com/contact/,Company website
FinTax Corporate Professionals LLP,Professional Services SME,Tax & GST consultant,Surat,,https://www.fintaxx.in/gst-consultants-in-surat-gujarat,7210000745,info@fintaxx.in,https://www.fintaxx.in/gst-consultants-in-surat-gujarat,Company website
Nilkamal Homes (Furniture & Homeware),Retail & Supermarket,Furniture & home retail,Ghoddod Rd / Ram Chowk,3rd Floor Crossway Mall Ghoddod Rd Ram Chowk Surat,https://stores.nilkamalhomes.com,,,https://stores.nilkamalhomes.com/nilkamal-homes-premium-furniture-and-homeware-store-homewares-shop-ram-chowk-surat-294457/Home,Official store
Reliance Trends Footwear - Surat,Retail & Supermarket,Branded footwear retail chain,"Udhna/Reliance Mega Mall, Magdalla/VR Mall",Trends Footwear Reliance Mega Mall Opp Apple Hospital Udhna; VR Mall,https://relianceretail.com,,,https://relianceretail.com/trends-footwear.html,Official site + JustDial
J.P. Silk Mills,Textile Manufacturing,Weaving (waterjet/airjet/rapier),Surat,"Surat, Gujarat",https://www.linkedin.com/in/jitendra-shah-15733494/,,,https://www.linkedin.com/in/jitendra-shah-15733494/,LinkedIn (company exec)
Laxminarayan Industries,Textile Manufacturing,Dyeing & Printing (integrated processing),Palsana (Baleshwar),"283, Laxminarayan Industrial Estate, NH No. 8, Village Baleshwar, Tal. Palsana, Surat",https://madhusudangroup.com/dyeing-printing-mills/,,,https://madhusudangroup.com/dyeing-printing-mills/,Company website
Madhusudan Weaves (Madhusudan Group),Textile Manufacturing,Weaving (rapier/waterjet),Surat,"Madhusudan Group weaving division, Surat",https://madhusudangroup.com/weaving/,,,https://madhusudangroup.com/weaving/,Company website
Paramount Looms Pvt Ltd,Textile Manufacturing,Textile machinery (weaving looms),Kim-Mandvi,"Block No. 64, Plot No. B-1/B-2, Behind Bansidhar Cinema, Opp. Karanj Police Chowki, Kim-Mandvi, Surat 394530",https://www.paramountlooms.com/about-best-looms-manufacturer-in-surat/,,,https://www.paramountlooms.com/about-best-looms-manufacturer-in-surat/,Company website
Udhna Textile Weaving Mills,Textile Manufacturing,Weaving/Knitting (woven + knit fabric),Udhna,"Udhna, Surat, Gujarat",https://www.udhnatextiles.com/,,,https://www.udhnatextiles.com/,Company website
Bombay Market,Textile Trade & Design,Textile market complex,Umarwada,"Bombay Market, Punagam Rd, Umarwada, Surat",,,,https://www.textileinfomedia.com/market/Bombay-Market,Market directory
Clothbaba,Textile Trade & Design,Ladies readymade garment manufacturer,Surat,"Surat, Gujarat",https://clothbaba.com/,,,https://clothbaba.com/,Company website
Clothing Exporter,Textile Trade & Design,Garment exporter (kurti/saree/salwar),Surat,"Surat, Gujarat",https://clothingexporter.com/,,,https://clothingexporter.com/,Company website
Pashupati Textile Market,Textile Trade & Design,Textile market complex,Moti Begumwadi / Ring Road,"4034, Ring Road, Moti Begumwadi, New Textile Market, Surat 395003",,,,https://surattextilemarkets.com/pashupati-textile-market/,Market directory
Radha Krishna Textile Market,Textile Trade & Design,Textile market complex,Moti Begumwadi / Ring Road,"Radha Krishna Textile Market, Ring Road, Moti Begumwadi, Surat 395002",,,,https://www.bharatibiz.com/en/radha-krishna-textile-market-ring-road-098259-40069,Business directory
Saree Studio,Textile Trade & Design,Designer saree manufacturer/exporter,Ring Road,"Ring Road, Surat",,,,https://www.indiamart.com/saree-studio-surat/about-us.html,B2B marketplace
Sunil Tex Fab Pvt. Ltd.,Textile Trade & Design,Dress material/fabric manufacturer-exporter,Surat,"Surat, Gujarat",https://www.suniltexfab.com/,,,https://www.suniltexfab.com/dress-material-garment-fabric.html,Company website
Gym Flex,Wellness & Clinics SME,Gym/fitness center,Adajan,"V-3 Corner, 4th Floor, Honey Park Road, Adajan Road, Surat 395009 (also Pal Gam)",https://www.facebook.com/GymFlexAdajan/,9327170936,gymflex123@gmail.com,https://nicelocal.in/surat/fitness/gym_flex/,Nicelocal
Sakhiya Skin Clinic,Wellness & Clinics SME,Skin/derma clinic,Lal Darwaja,"Ground Floor, Ayush Doctor House, Station Lal Darwaja Road, Surat 395003",https://www.sakhiyaskinclinic.com/,9313923386,,https://www.sakhiyaskinclinic.com/contact-us/,Business website
Seros Logistics,BPO/Logistics/Print,Logistics/Transport,"Bhatpore GIDC / Hazira, Surat","Plot No. 6 & 7 Bhatpore GIDC, Opp ONGC Gate No.1, Ichchhapar Magdalla Road, Surat - 394510",https://www.seros.in/,,info@seros.in,https://www.justdial.com/jdmart/Surat/Seros-Logistics-Surat/0261PX261-X261-220611210411-M8Y2_BZDET/catalogue,JustDial / Company website
"CFE-KOTA, Surat (PP Savani Centre for Excellence)",Education,Coaching/Test-prep,"Mota Varachha, Abrama","PP Savani Centre for Excellence, Mota Varachha-Abrama Road, Abrama, Surat-394101",cfekota.com,9978651005,,https://cfekota.com/center/iit-jee-neet-coaching-in-surat-gujarat/,Official site
Dhiren Shah & Co,Finance & Professional,CA / Audit firm,Vesu,"702, SNS Platina, Near Someshwara Enclave, Vesu, Surat-395007",https://www.dhirenshahandco.com/,+91 9825156780,dhirenshahco@gmail.com,https://www.dhirenshahandco.com/,Company site
Dr Agarwals Eye Hospital (Adajan Road),Healthcare,Super-speciality eye hospital,Adajan Road,"201 Pyramid Square, LP Savani Circle, Beside Hyundai Showroom, Adajan Road, Surat",https://www.dragarwal.com/eye-hospital/adajan-road/,9594924026,,https://www.dragarwal.com/eye-hospital/adajan-road/,Hospital chain website
Grow Solutions,IT & Software,Mobile apps / game dev / AI-ML,Surat,"Surat, Gujarat",https://growsolutions.in/,,,https://growsolutions.in/,Company website + listicle
La Net Team Software Solutions Pvt. Ltd.,IT & Software,Custom software / web / mobile / ERP,"Dumas Road, Surat","406 Luxuria Business Hub, Near VR Mall, Dumas Road, Surat 395007",https://www.lanetteam.com/,+91 6353 235 503,hr@lanetteam.com,https://www.lanetteam.com/contact-us/,Company website (contact page)
Nayan Studio,Media/Video/Photo,Wedding photography/videography & film making,Vesu,"105, SNS Platina, University Road, Vesu, Surat 395007",http://nayanstudio.com/,,,https://www.indiamart.com/proddetail/wedding-cinematography-photography-service-20322374130.html,IndiaMART / company site
Globale Textile Market,Textile Trade & Design,Textile market complex,Umarwada / Bombay Market area,"Globale Textile Market, Bombay Market area, Umarwada, Surat 395010",,,,https://surattextilemarkets.com/globale-textile-market/,Market directory
Phi Designs,Architecture & CAD/Engineering,Commercial interior design,Surat,"Surat, Gujarat",https://www.phidesigns.in/,,,https://www.phidesigns.in/office-interior-designers-in-surat,Company website
Polygon Design Studio,Architecture & CAD/Engineering,Architecture / Interior / Master planning,Adajan,"502, Royal Trade Center, Near Cable-stayed Bridge, Hazira Road, Adajan, Surat 395009",https://pdsindia.net/,9426807807,polygondesigns@gmail.com,https://www.pdsindia.net/contact.php,Company website
Amideep Honda (Two Wheeler),Automobile Dealership,Two-wheeler dealer (Honda),Varachha,"Nr BPCL Petrol Pump, Simada Naka, Varachha Road, Surat 395006",https://www.amideephonda.com/,8000445566,,https://www.amideephonda.com/,Brand dealer site
Ganesh Hyundai,Automobile Dealership,Car dealer (Hyundai),Udhna,"Plot No. 189, Ghael Compound, Near BRC Temple, Udhna Sachin Main Road, Udhna, Surat 394210",,,,https://www.cardekho.com/Hyundai/Surat/cardealers,Aggregator listing
Tarun Motors,Automobile Dealership,Multi-brand car service & body shop,Surat,Surat,https://tarunmotors.com/,,,https://tarunmotors.com/,Company website
Amex Logistics,BPO/Logistics/Print,Logistics/Transport,Surat (Surat operations page),,https://amexlogistics.in/logistics-company-surat.html,9990847170,Info@amexlogistics.in,https://amexlogistics.in/logistics-company-surat.html,Company website
Printwell Offset,BPO/Logistics/Print,Printing/Packaging,"Udhna-Sachin, Surat","E-82 to 85, Laxminarayan Industrial Estate (BRC), Opp Daxeshwar Mahadev BRTS, Udhna-Sachin Road, Udhna, Surat - 394210",http://printwelloffset.in/,8758828177,,http://printwelloffset.in/,Company website
Surat-Ahmedabad Transport,BPO/Logistics/Print,Logistics/Transport,"Puna Kumbharia Road, Surat","Opp. Sport Club, Puna Kumbharia Road, Surat, Gujarat",http://www.suratahmedabadtransport.com/,0261-2646990,satpvt_srt81@yahoo.in,http://www.suratahmedabadtransport.com/contact.html,Company website
N H Sales,Diamond/Jewellery/Textile Micro-SME,Lab-grown/CVD diamond manufacturer,Nana Varachha,"Plot No 18, Vandana Soc 2, Nana Varachha, Varachha Road, Surat - 395006",nhdiam.com,7942538599,,https://www.indiamart.com/n-h-sales/profile.html,IndiaMART (search snippet)
Tattvam Jewels,Diamond/Jewellery/Textile Micro-SME,Diamond jewellery manufacturer (princess-cut),Varachha (Mini Bazar),"47, Thakordwar Society, Nr Mini Bazar, Varachha Road, Surat - 395006",tattvamjewels.com,9909962697,help@tattvamjewels.com,https://tattvamjewels.com/contact-us/,Company website
FYNXT,Finance & Professional,Fintech,Surat,,https://tracxn.com/d/explore/fintech-startups-in-surat-india,,,https://tracxn.com/d/explore/fintech-startups-in-surat-india/__2s5hTjsX_EUHdNkzuyxJc3BVnfQMbXfsqixnWbbwA2s/companies,Startup directory
K M Gatecha & Co LLP,Finance & Professional,CA / Audit firm,Surat,,https://kmgcollp.com/ca-chartered-accountant-in-surat-gujarat/,+91 8000057972,info@kmgcollp.com,https://www.thinkingbridge.in/blog/top-ca-firms-in-surat,Directory/Blog
Atul Bakery,Food & Hospitality SME,Bakery,Udhna,"A-1, Udhyogdarshan Society, Beside M.K. Jewellers, Udhna Gam, Surat",atulbakery.com,+919913870005,,https://atulbakery.com/contact-us/,Website
Cafe De Meet,Food & Hospitality SME,Cafe,Piplod,"109 First Floor, International Business Centre (IBC), Piplod, Surat 395007",cafedemeet.com,+918980913000,,https://www.zomato.com/surat/cafe-de-meet-piplod,Zomato/Website
Surat District Panchayat (Jilla Panchayat),Government & PSU,District Administration / Panchayat,Surat,"District Development Office, Adarsh Society, Surat-395001",http://www.suratdp.gujarat.gov.in/,0261-2425751,dpeosurat1@gmail.com,https://surat.nic.in/districtpanchayat/,Official .nic.in
Metropolis Healthcare (Surat),Healthcare,Pathology lab / diagnostics chain,Multiple (Surat),Multiple locations across Surat,https://www.metropolisindia.com/labs/gujarat/surat,,,https://www.metropolisindia.com/labs/gujarat/surat,National lab chain website
Velocity Multispeciality Hospital,Healthcare,Multispecialty hospital,Pal / Adajan,"3rd Floor, Velocity Business Hub, Near Madhuvan Circle, LP Savani Road, Adajan, Surat 395009",https://velocityhospital.com/,+91 7435081000,,https://velocityhospital.com/contact-velocity-hospital/,Hospital website
Sai Ram Group,Hospitality & Real Estate,Real estate developer / Builder,Surat,Surat,https://www.thesairamgroup.com/about-us,+91-8141-998822,,https://www.thesairamgroup.com/about-us,Builder official site
White Wings Group,Hospitality & Real Estate,Real estate developer / Builder,Surat,Surat,https://www.realestateindia.com/builders-developers-in-surat.htm,,,https://www.realestateindia.com/builders-developers-in-surat.htm,Real estate directory
Suvit (Suvit Fintech Pvt. Ltd. / Vyapar TaxOne),IT & Software,AI/SaaS for finance & accounting,"Lal Darwaja (Station Road), Surat","9th Floor, Infinity Tower, Lal Darwaja Station Road, Beside Ayurvedic College, Surat 395003",https://www.suvit.io/,,,https://www.suvit.io/contact-us,Company website (contact page) + Tracxn
TechStaunch Software Solutions Pvt. Ltd.,IT & Software,AI / automation / software development,"Pal, Surat","302-304 Soham Arcade, B/H Madhav Atria, Gauravpath Road, Pal, Surat 395009",https://techstaunch.com/,+91 63529 94955,,https://techbehemoths.com/company/techstaunch-solutions,TechBehemoths profile + ContactOut
WebOsmotic Pvt. Ltd.,IT & Software,Software development (AI/Fintech/Blockchain),"Bhatar Road, Surat","A 6 GF Someshwar Nagar, Opposite Joggers Park, Bhatar Road, Surat 395007",https://webosmotic.com/,,,https://webosmotic.com/contact-us/,Company website (contact page)
Gemone Diamonds,Lab-Grown Diamond,LGD manufacturer / wholesaler / exporter,Lal Darwaja (City Centre),A102 City Centre Lal Darwaja Surat 395003,https://www.gemonediamonds.in/,+91 93755 20003,info@gemonediamond.com,https://www.gemonediamonds.in/contact-us.htm,Company website
Balaji Medical and General Stores,Local Retail SME,Medical/Pharmacy,Surat HO,"Surat HO, Surat",https://www.hindustanyellowpages.in/Surat/Balaji-Medical-AND-General-Stores/Surat-Ho,9909668668,,https://www.hindustanyellowpages.in/Surat/Balaji-Medical-AND-General-Stores/Surat-Ho,Directory (HindustanYellowPages)
J J Pet Shop,Local Retail SME,Pet Shop,Varachha Road,"Shop No-18, Panchvati Vadi, Opp Jolly Enclave, Varachha Road, Surat 395006",https://www.hindustanyellowpages.in/Surat/J-J-Pet-Shop/Varachha-Road,9909779259,jjpetproducts@gmail.com,https://www.helloindia.co/Surat/J-J-Pet-Shop/Varachha-Road,Directory (HelloIndia/HindustanYellowPages)
Royal Opticals,Local Retail SME,Optician/Eyewear,Bhagatalao,"Bhagatalao, Surat",https://www.hindustanyellowpages.in/Surat/ROYAL-OPTICALS/Bhagatalao,9327380171,,https://www.hindustanyellowpages.in/Surat/ROYAL-OPTICALS/Bhagatalao,Directory (HindustanYellowPages)
Sanjivani Medical Store,Local Retail SME,Medical/Pharmacy,Surat HO,"Surat HO, Surat",https://www.hindustanyellowpages.in/Surat/sanjivani-medical-store/Surat-Ho,9879174297,,https://www.hindustanyellowpages.in/Surat/sanjivani-medical-store/Surat-Ho,Directory (HindustanYellowPages)
Dhruvansh Photography,Media/Video/Photo,Wedding photography & cinematography,Surat,"Surat, Gujarat",https://www.dhruvanshphotography.com/,,,https://www.dhruvanshphotography.com/,Company website
Royal Studio,Media/Video/Photo,Photography & videography studio,Gopipura,"Gopipura, near Post Office, Surat",https://royalstudio.co.in/,+91 94289 22951,myroyalstudio2017@gmail.com,https://royalstudio.co.in/contact.html,Company website
Travelomoon,Professional Services SME,Travel agency / tour operator,Vesu,"3rd Floor, 37, Atlanta Shoppers, beside Reliance Market, Vesu, Surat 395007",https://travelomoon.com/,9067443377,,https://travelomoon.com/contact,Company website
7Heven Supermarket (franchise) - Gujarat/Surat,Retail & Supermarket,Supermarket chain (franchise),"Gujarat (franchise model, Surat area)",Franchise outlets across Gujarat,https://7heven.com,,,https://7heven.com/franchise/,Company website
Durian Furniture - Surat,Retail & Supermarket,Furniture & home retail,Dumas Rd,Showroom 1 & 2 1st Floor Icon Business Center Besides Valentine Theatre Opp Central Mall Dumas Rd 395007,https://www.durian.in,,,https://www.durian.in/store/furniture-store-in-surat,Official store
Reliance Fashion Factory - Surat,Retail & Supermarket,Branded apparel retail chain,Adajan/Hazira Rd,Royal Trade Center Hazira Rd Opp Star Bazaar Adajan Surat,https://reliancefashionfactorystores.com,,,https://location.reliancefashionfactorystores.com/fashion-factory-ff-surat-royal-trd-clothing-stores-adajan-surat-286952/Home,Official store
Shreeji Super Store,Retail & Supermarket,Supermarket / Departmental store chain (local),Multiple incl. near Udhna,Shreeji Building Near Mahta Petrol Pump Surat; new outlet near Udhna,,,,https://www.justdial.com/Surat/Supermarkets/nct-10463784,JustDial / Sulekha listing
Surbhi Industries Ltd,Textile Manufacturing,Yarn / Weaving (twisted/filament yarn),Surat,"Surat, Gujarat (twisted polyester & filament yarns, fabrics)",https://www.indiamart.com/surbhi-industriesltd/aboutus.html,,,https://www.indiamart.com/surbhi-industriesltd/aboutus.html,IndiaMART
Pionex Fab,Textile Trade & Design,Digital-print saree manufacturer,Surat,"Surat, Gujarat",https://pionexfab.com/,,,https://pionexfab.com/digital-print-saree,Company website
Rudraksh Graphics,Textile Trade & Design,Textile/saree CAD design studio,Udhna,"Udhana, Surat, Gujarat",https://textilepages.com/rudraksh-graphics,+918069728221,,https://www.indiamart.com/rudraksh-graphics-surat/,B2B marketplace
Orkid Hospital & IVF Centre,Wellness & Clinics SME,IVF/specialty clinic,Vesu,"5 & 6th Floor, Western Vesu Point, Near S.D Jain School, Vesu, Surat",https://www.orkidmedilife.com/,7211178917,,https://www.orkidmedilife.com/contact-us/,Business website
Chaitry Offset,BPO/Logistics/Print,Printing/Packaging,"Khatodara / Ring Road, Surat","Shed No.6, Survey 38/4, Khatodara, Ring Road, Surat - 395002 (opp Ganesh Dyeing Mill, behind Subjail)",https://www.chaitry.com/,,,https://www.chaitry.com/,Company website
Satva Hospital,Healthcare,Multispecialty / trauma hospital,Vesu,"Near Surya Green View, GD Goenka Canal Road, Vesu, Surat 395007",https://satvahospital.com/,+91 7434941000,admin@satvahospital.com,https://www.satvahospital.com/Contact-Us/,Hospital website
EasyCloud Consultants Pvt. Ltd.,IT & Software,Cloud / SaaS consulting & development,"Godadara, Surat","242, Capital Square, Parvat Gam, Shakti Nagar, Godadara Road, Godadara, Surat 395010",https://easycloudconsultants.com/,,,https://www.justdial.com/Surat/Easycloud-Consultants-Pvt-Ltd-Godadara/0261PX261-X261-190516161313-J7H3_BZDET,JustDial listing + RocketReach
Logicwind (Logicwind Technologies LLP),IT & Software,Custom software / AI / IT staff augmentation,"Vesu/Piplod, Surat","703, SNS Business Park, University Rd, Vesu, Surat 395007 (also Altair, Piplod)",https://www.logicwind.com/,,,https://www.justdial.com/Surat/Logicwind/0261PX261-X261-221202020557-H3A4_BZDET,JustDial listing + D&B + company site
Krishna Diamonds,Lab-Grown Diamond,CVD diamond manufacturer / supplier,Katargam,A-202 Labh Shubha Apartment Katargam Surat 395004,https://www.krishnadiamonds.co.in/,+91 99243 83347,krishnadiamond77@gmail.com,https://www.krishnadiamonds.co.in/,Company website
Baby Jivan Medical Stores,Local Retail SME,Medical/Pharmacy,Surat HO,"Surat HO, Surat",https://www.hindustanyellowpages.in/Surat/Baby-Jivan-Medical-Stores/Surat-Ho,9825379187,,https://www.hindustanyellowpages.in/Surat/Baby-Jivan-Medical-Stores/Surat-Ho,Directory (HindustanYellowPages)
Joban Desai & Associates,Architecture & CAD/Engineering,Architecture / Structural consultancy,Ghod Dod Road,"Bhadani Chamber, Opp. Bank of Maharashtra, Ghod Dod Rd., Surat",https://gharpedia.com/nearby-professional/joban-desai-asso/,,,https://gharpedia.com/nearby-professional/joban-desai-asso/,GharPedia profile
Studio 17,Architecture & CAD/Engineering,Architecture / Interior firm,Bhatar / Althan,"B113 Bhatar Trade Center, Bhatar Althan, Surat, Gujarat",https://www.studio17.in/,8866830839,info@studio17.in,https://www.studio17.in/,Company website
Munjani Motors (Royal Enfield),Automobile Dealership,Two-wheeler dealer (Royal Enfield),Vesu,"Vesu, Surat",https://dealers.royalenfield.com/,9619390511,,https://dealers.royalenfield.com/gujarat/surat/vesu-munjani-motors-pvt-ltd-9110069030,Brand dealer site
Navjivan Honda (Two Wheeler),Automobile Dealership,Two-wheeler dealer (Honda),Udhna,"Udhna Bhestan Road, Surat 394210",,7359501000,,https://www.zigwheels.com/bikes/dealers/honda/Surat,Aggregator listing
Anand Sarees,BPO/Logistics/Print,E-commerce/D2C,"Ring Road, Surat","Shop Z-1201, Surat Textile Market, Ring Road, Surat - 395002",https://anandstore.in/,,,https://anandstore.in/,Company website
JN Logistics,BPO/Logistics/Print,Logistics/Warehousing,"South Gujarat (Vapi/Valsad, serves Surat)","Plot 19 & 20, Survey 333/1, Village Dungra, Taluka Vapi, Dist Valsad - 396191",https://www.jnslogistics.in/,,jnslogistics15@gmail.com,https://www.jnslogistics.in/,Company website
Patel Roadways,BPO/Logistics/Print,Logistics/Transport,"Udhna, Surat","Plot No. A/15, Road No.9, Sardar Patel Road, Udyognagar, Udhna, Surat - 394210 (opp Hindustan Fashion)",,,,https://www.sulekha.com/patel-roadways-udhana-surat-contact-address,Sulekha
Shreeji Jewellers,Diamond/Jewellery/Textile Micro-SME,Jewellery manufacturer (silver/gold),Nana Varachha,"Shop No. 12, Royal Haven, Building C, Opp Mahalaxmi Society, Nana Varachha, Surat - 395010",indiamart.com/shreejijewellers,9825342244,,https://www.indiamart.com/shreejijewellers/about-us.html,IndiaMART (search snippet)
M.T.B. Arts College,Education,Arts College,Athwalines,"MTB College Campus, Athwalines, Surat-395001",mtbarts.ac.in,0261-2240025,,https://www.mtbarts.ac.in/,Official site
"Simba Institute, Surat",Education,Computer/IT Training Institute,"Sarthana, Varachha Road","406, MBH-1, Sarthana Jakatnaka, Surat-395006",simbainstitute.in,+91-8200533835,contact.simbainstitute@gmail.com,https://simbainstitute.in/,Official site
Mysore Cafe,Food & Hospitality SME,Restaurant (South Indian),Athwalines,"Daruwalla Building Besides Athwa Petrol Pump, Athwalines, Surat 395001",cafemysore.com,02612463767,,https://www.tripadvisor.com/Restaurant_Review-g297612-d6908900-Reviews-Mysore_Cafe-Surat_Surat_District_Gujarat.html,Tripadvisor/Website
"Agricultural Produce Market Committee (APMC), Surat",Government & PSU,Cooperative / Market Yard,Surat,"Sardar Vegetable Market, Puna Kumbhariya Road, Dumbhal, Surat-395001",http://surat.apmc.org.in/,,,http://surat.m.apmc.org.in/,Official apmc.org.in
"Regional Transport Office (RTO), Surat (GJ-05)",Government & PSU,State Govt / Transport,"Nanpura, Surat","Ring Road, Nanpura, Surat-395001",https://cot.gujarat.gov.in/,0261-2464902,,https://cot.gujarat.gov.in/contact-us.htm,Official .gov.in
Dr Lal PathLabs (Bhatar Road),Healthcare,Pathology lab / diagnostics chain,Bhatar Road,"U/17 Abhinandan Royale Complex, Opp Rajhans Olympia, Bhatar Road, Surat",https://labs.lalpathlabs.com/location/gujarat/surat,+918071371254,,https://labs.lalpathlabs.com/dr-lal-pathlabs-patient-service-centre-diagnostic-centre-bhatar-road-surat-343067/Home,National lab chain website
Eye Q Super Speciality Eye Hospital (Udhana),Healthcare,Super-speciality eye hospital,Udhna,"2nd Floor SNS House, Udhana Teen Rasta, Opp Silicon Shoppers, Udhana Main Road, Surat 394210",https://www.eyeqindia.com/hospital/surat-udhna/,02612273777,,https://www.eyeqindia.com/hospital/surat-udhna/,Hospital chain website
Jiomax Multi Super Speciality Hospital,Healthcare,Multi super-speciality hospital,Althan / City Light,"1-2-3 Rajvansh Society, New City Light Road, Althan, Surat",https://www.justdial.com/Surat/Jiomax-Hospital-Near-Btrs-Citylight-Road/0261PX261-X261-210616173309-Z2C3_BZDET,9510976619,,https://ayushmancardhospitals.com/jiomax-multi-super-speciality-hospital-surat-gujarat/,Directory / Ayushman empanelment
Mahavir Hospital (Shree Mahavir Health Campus),Healthcare,Multispecialty hospital,Nanpura,"Shree Mahavir Health Campus, Ring Road, Nanpura, Surat 395001",https://www.mahavirhospital.com/,0261-2471770,,https://www.mahavirhospital.com/,Hospital website
DR World Shopping Mall,Hospitality & Real Estate,Shopping mall / Multiplex,Surat,Surat,https://www.holidify.com/pages/malls-in-surat-1878.html,,,https://www.holidify.com/pages/malls-in-surat-1878.html,Travel guide
Harshraj Club & Resort,Hospitality & Real Estate,Resort / Club,Kamrej / Navi Pardi,"Near At-Po Navi Pardi, Kamrej, Surat",https://www.agoda.com/en-in/harshraj-club-and-resort/hotel/surat-in.html,,,https://www.justdial.com/Surat/Harshraj-Club-Resort-Near-At-Po-Navi-Pardi-Kamrej/0261PX261-X261-170728202011-F3H5_BZDET,JustDial listing
Marvella Mall,Hospitality & Real Estate,Shopping mall,Pal-Adajan,"Pal-Adajan, Surat",https://www.holidify.com/pages/malls-in-surat-1878.html,,,https://www.holidify.com/pages/malls-in-surat-1878.html,Travel guide
Sayaji Hotels (Surat presence),Hospitality & Real Estate,Hotel chain,Surat,Surat,https://sayajihotels.com/,,,https://sayajihotels.com/,Hotel chain site
Vraj Group,Hospitality & Real Estate,Real estate developer / Builder,Mota Varachha,"Mota Varachha, Surat",https://housivity.com/company-profile/vraj-group-in-mota-varachha-surat-sid-66e41db72764bf12770e6e28,,,https://housivity.com/company-profile/vraj-group-in-mota-varachha-surat-sid-66e41db72764bf12770e6e28,Real estate portal
Crest Infosystems Pvt. Ltd.,IT & Software,SaaS / ERP / CRM / cloud apps,"Adajan, Surat","#411-414, Wood Square, Opp. TGB Restaurant, L. P. Savani Road, Adajan, Surat 395009",https://www.crestinfosystems.com/,,,https://www.crestinfosystems.com/contact-us/,Company website (contact page)
Mahika Gems,Jewellery,Diamond trader/wholesaler,Surat,"Surat, Gujarat",https://www.mahikagems.com/,,,https://www.mahikagems.com/,company_website
Caratline Diamond,Lab-Grown Diamond,CVD diamond manufacturer / wholesaler,Varachha,Shop No 78 1st Floor Mahatma Industrial Society Varachha Road Surat 395006,https://caratlinediamond.in/,,,https://caratlinediamond.in/,Company website
Shivam Furniture and Furnishing,Local Retail SME,Furniture/Home,Navsari Road,"Navsari Road, Surat",https://www.hindustanyellowpages.in/Mobile/9879239935,9879239935,,https://www.hindustanyellowpages.in/Mobile/9879239935,Directory (HindustanYellowPages)
Surat Sports,Local Retail SME,Sports Goods,Adajan Road,"Hazira-Adajan Rd, Krishna Nagar Society, Adajan, Surat 395009",https://www.justdial.com/Surat/Surat-Sports-Adajan-Road/0261PX261-X261-180816214057-C8B3_BZDET,9227447923,,https://www.justdial.com/Surat/Surat-Sports-Adajan-Road/0261PX261-X261-180816214057-C8B3_BZDET,Directory (JustDial)
Clickzy Photography & Videography,Media/Video/Photo,Wedding photography & videography,Varachha Road,"54, First Floor, Near Harirambapa Nagar, Opp New Saktivijay Society, Varachha Main Rd, Surat 395006",https://www.clickzyphoto.com/,,,https://www.clickzyphoto.com/about,Company website
Empty Mind Entertainment,Media/Video/Photo,Film/ad production,Amroli,"211 Second Floor Laksh Plaza, Surat - 394107",https://www.youtube.com/c/EmptyMindEntertainment1,+91 7942560620,emptymindentertainment@gmail.com,https://www.indiamart.com/empty-mind-entertainment/,IndiaMART listing
Ajay Modi Travels,Professional Services SME,Travel agency / tour operator,Adajan,"108 Sai Square Complex, Nr Honey Park Rd, Adajan, Surat 395009",https://ajaymodi.com/branch/tour-operator-in-surat/,9879099946,,https://ajaymodi.com/branch/tour-operator-in-surat/,Company website
Elite Overseas Education Consultant,Professional Services SME,Education / overseas consultant,Ghod Dod Road,"Elite House, 4th Floor, Ritz Plaza, Opp Kavi Narmad Central Library, Near Umra Police Station, Ghod Dod Road, Surat 395007",https://eliteoverseaseducation.com/,9081663334,,https://eliteoverseaseducation.com/contact-us/,Company website
Bata - Surat,Retail & Supermarket,Branded footwear retail chain,"Citylight/Athwa, Lal Gate, LP Savani Rd, Varachha Rd",G-2a Unity Corner Citylight Main Rd Athwa 395007 Near ICICI Bank; Rajmahal Rd Lal Gate 395003,https://www.bata.com,,,https://www.bata.com/in/storesfind,Official store locator + JustDial
Wellness Forever - Surat,Retail & Supermarket,Pharmacy / medical-store chain,Surat (expanding),Surat (pharmacy & wellness stores),https://www.wellnessforever.com,,,https://www.wellnessforever.com/,Company website
Akash Dyeing & Printing Mills Pvt Ltd,Textile Manufacturing,Dyeing & Printing (processing house),Pandesara,"Pandesara, Surat 394221",https://www.justdial.com/jdmart/Surat/Akash-Dyeing-Printing-Mills-PVT-LTD-Pandesara/0261PX261-X261-121103160515-S9W5_BZDET/catalogue,,,https://www.justdial.com/jdmart/Surat/Akash-Dyeing-Printing-Mills-PVT-LTD-Pandesara/0261PX261-X261-121103160515-S9W5_BZDET/catalogue,JustDial
Jayram Textiles,Textile Manufacturing,Weaving (Lycra/uniform fabric),Surat,"Surat, Gujarat",https://www.jayramtextile.com/,,,https://www.jayramtextile.com/,Company website
Oriental Dyeing & Printing Mill Pvt Ltd,Textile Manufacturing,Dyeing & Printing (processing house),Pandesara,"Plot No 574-576, GIDC Industrial Estate, Dr Ambedkar Road, Pandesara, Surat 394221",https://www.justdial.com/Surat/Oriental-Dyeing-Printing-Mill-Pvt-Ltd-Pandesara/0261PX261-X261-110304115331-M8K1_BZDET,,,https://www.justdial.com/Surat/Oriental-Dyeing-Printing-Mill-Pvt-Ltd-Pandesara/0261PX261-X261-110304115331-M8K1_BZDET,JustDial
Premier Looms Mftrs Pvt Ltd,Textile Manufacturing,Textile machinery (weaving looms),Surat,Surat (state-of-the-art loom manufacturing unit),https://www.premierloom.net/,,,https://www.premierloom.net/,Company website
Saanika Industries Pvt Ltd,Textile Manufacturing,Yarn / Texturising (DTY/ATY),Surat,"Surat, Gujarat (Polyester DTY, ATY, knitted fabric)",https://saanikaindustries.com/,,,https://saanikaindustries.com/,Company website
Shailja Polyesters Pvt Ltd,Textile Manufacturing,Yarn / Texturising,Surat,"Surat, Gujarat (yarn texturising unit)",https://www.shailjapolyesters.com/,,,https://www.shailjapolyesters.com/,Company website
Sareez House,Textile Trade & Design,Designer saree manufacturer/wholesaler,Ring Road,"Ring Road, Surat",,,,https://www.indiamart.com/sareez-house/aboutus.html,B2B marketplace
Bliss IVF Fertility & Andrology Institute,Wellness & Clinics SME,IVF/specialty clinic,Athwa/Udhna Darwaja,"3rd Floor, Le-Grand Building, Opp Apple Hospital, Near Udhna Darwaja, Ring Road, Surat",,9904722213,,https://www.practo.com/surat/clinic/blissivf-fertility-and-andrology-institute-athwa,Practo
Patho Plus Diagnostic Laboratory,Wellness & Clinics SME,Diagnostic/pathology lab,Pal Gam,"C-136, Monarch, TP 10, Gauravpath Road, Near Nakshatra Heights, Pal Gam, Surat 395009",https://www.pathopluslabs.com/,6351256871,,https://www.helloindia.co/Surat/Patho-Plus-Diagnostic-Laboratory/Pal,HelloIndia
Stockarea,BPO/Logistics/Print,Logistics/Warehousing,Surat,,https://stockarea.io/warehouse-services-in-surat,9873144145,hello@stockarea.io,https://stockarea.io/warehouse-services-in-surat,Company website
SK Diam,Lab-Grown Diamond,CVD diamond manufacturer / exporter,Varachha (Mini Bazar),1st Floor Sy No 19/a Plot No 30+31 Mohan Nagar Varachha Road Near Mini Bazar Surat 395006,https://www.skdiam.co.in/,+91 80458 02722,,https://www.skdiam.co.in/,Company website
Krishna Medical And Pet Shop,Local Retail SME,Medical/Pharmacy,Surat HO,"Surat HO, Surat",https://www.helloindia.co/Surat/Krishna-Medical-And-Pet-Shop/Surat-Ho,9898599118,,https://www.helloindia.co/Surat/Krishna-Medical-And-Pet-Shop/Surat-Ho,Directory (HelloIndia)
Mahavir Farsan and Provision,Local Retail SME,Supermarket/Kirana,City Light Road,"City Light Road, Surat",https://www.hindustanyellowpages.in/Surat/Mahavir-Farsan-AND-Provision/City-Light-Road,8866230752,,https://www.hindustanyellowpages.in/Surat/Mahavir-Farsan-AND-Provision/City-Light-Road,Directory (HindustanYellowPages)
Mangaldeep Hardware and Paint,Local Retail SME,Hardware/Paint,Surat HO,"Surat HO, Surat",https://www.hindustanyellowpages.in/Mobile/9825951881,9825951881,,https://www.hindustanyellowpages.in/Mobile/9825951881,Directory (HindustanYellowPages)
Radhe Furniture,Local Retail SME,Furniture/Home,Varachha Road,"Varachha Road, Surat",https://www.hindustanyellowpages.in/Surat/Radhe-Furniture/Varachha-Road,9925524484,,https://www.hindustanyellowpages.in/Surat/Radhe-Furniture/Varachha-Road,Directory (HindustanYellowPages)
Canonboy Productions,Media/Video/Photo,Wedding photography & cinematography,Vesu / VIP Road,"Sai Ashish Society II, 27/28, near Chandni Chowk Complex, Piplod, Surat 395007",https://www.instagram.com/canonboyproductions/,,,https://www.wedmegood.com/profile/Canonboy-Productions-58947,WedMeGood / Instagram
K.S Films,Media/Video/Photo,Film/ad production house,Surat,"Surat, Gujarat",,,,https://adbizdirectory.com/business/ksfilms-production-house,Business directory
Pruthvi Estate Consultant,Professional Services SME,Real estate consultant,Adajan,"A 6, Green Arcade, Behind Trinity Business Park, L P Savani, 120 Feet Road, Adajan Dn 395009",https://pruthviestate.com/,9898010968,,https://pruthviestate.com/About_Us,Company website
SWEC Visa Consultant (Surat),Professional Services SME,Immigration / visa & education,Ghod Dod Road,"Showroom B, 1st Floor, West Field Shopping Complex, Nr ST Xaviers School, Ghoddod Road, Surat 395007",https://swecvisaconsultant.com/,8000968420,surat@swecvisaconsultant.com,https://swecvisaconsultant.com/contact-visa-consultant-ahmedabad-surat/,Company website
Design Synthesis,Architecture & CAD/Engineering,Architecture / Interior / Landscape,Surat,"Surat, Gujarat (Opp. Jolly Party Plot area)",https://www.designsynthesis.in/,,,https://www.designsynthesis.in/,Company website
The Brick Tales,Architecture & CAD/Engineering,Architecture firm,Surat,"Surat, Gujarat",https://www.buildofy.com/architects-interior-design-firms-india/the-brick-tales-surat,9426101122,thebricktales@outlook.com,https://www.buildofy.com/architects-interior-design-firms-india/the-brick-tales-surat,Buildofy profile
The Interior Workshop,Architecture & CAD/Engineering,Interior design studio,Vesu,"302/303 Gokul Solitaire, Opp Nandanvan 2, Near Sun Arcade, Vesu, Surat 395007",http://www.theinteriorworkshop.com,9879453181,theinteriorworkshop.surat@gmail.com,https://www.infoline.com/the-interior-workshop,Infoline listing
"Dhru Motors (Maruti Suzuki True Value, City Light)",Automobile Dealership,Used car dealer (Maruti True Value),City Light,"City Light, Surat",https://www.truevalueofcitylight.com/,,,https://www.truevalueofcitylight.com/,Brand dealer site
Ganga Honda (Two Wheeler),Automobile Dealership,Two-wheeler dealer (Honda),Ring Road,"21st Century House A, Ring Road, Maan Darwaja, Beside World Trade Centre, Surat 395002",,9974016174,,https://www.zigwheels.com/bikes/dealers/honda/Surat,Aggregator listing
Gujrat Motors (Bajaj),Automobile Dealership,Two-wheeler dealer (Bajaj),Adajan,"Opera House, Opp Sanghvi Tower, Adajan Road, Surat 395003",https://www.bikes4sale.in/,9825167667,,https://www.bikes4sale.in/new-bike-showrooms/dealer/bajaj/gujarat/surat/1835/gujrat-motors-pvt-ltd,Aggregator listing
Jalaram Auto (Hero MotoCorp),Automobile Dealership,Two-wheeler dealer (Hero),Adajan,"B Wing Sargam Complex, Opp Bhulka Bhavan School, Adajan Road, Surat 395009",https://dealers.heromotocorp.com/,,,https://dealers.heromotocorp.com/hero-motocorp-m-s-jalaram-auto-two-wheeler-dealer-adajan-road-surat-25885/Home,Brand dealer site
Jsn Motors (Royal Enfield),Automobile Dealership,Two-wheeler dealer (Royal Enfield),Adajan,"Adajan, Surat",https://dealers.royalenfield.com/,9619409640,,https://dealers.royalenfield.com/gujarat/surat/adajan-jsn-motors-9110109240,Brand dealer site
Kisan Tractor Traders (Mahindra Tractors),Automobile Dealership,Tractor dealer (Mahindra),Kamrej,"Navagam Udyog Nagar, Kamrej Char Rasta, Kamrej, Surat 394185",https://dealer.mahindratractor.com/,9825305556,kisantractorkamrej@rediffmail.com,https://www.carz4sale.in/new-car-showrooms/dealer/mahindra-tractors/gujarat/surat/11543/kisan-tractor-traders,Aggregator listing
Purav Automobiles (Royal Enfield),Automobile Dealership,Two-wheeler dealer (Royal Enfield),Sarthana Jakat Naka,"G3 Deepkamal Commercial Hub, Zoo Rd, Near Sarthana Jakat Naka, Nana Varachha, Surat 395010",https://dealers.royalenfield.com/,9619147489,,https://dealers.royalenfield.com/gujarat/surat/sarthana-jagat-naka-purav-automobiles-9110050780,Brand dealer site
The Auto Shoppers,Automobile Dealership,Multi-brand car service & body shop,Surat,Surat,https://theautoshoppers.co.in/,,,https://theautoshoppers.co.in/,Company website
Advance BPO,BPO/Logistics/Print,BPO/Call Center,Surat,,https://www.indiamart.com/advance-bpo/,,,https://www.indiamart.com/advance-bpo/,IndiaMART
DTDC Express,BPO/Logistics/Print,Courier/Logistics,"Ring Road, Surat","G-25, Ring Road, Jay Prakash Narayan Marg, Reshamwala Market, Begampura, Surat - 395002",https://www.dtdc.com/in/,,customersupport@dtdc.com,https://www.justdial.com/Surat/DTDC-Express-Ltd-Near-Hidaya-Masjid-Ring-Road/0261PX261-X261-190725144554-C1T9_BZDET,JustDial
Pankaj Offset,BPO/Logistics/Print,Printing Press,"Udhna, Surat","A/6-7, City Industrial Estate, Udhna Main Road, Udhna, Surat - 394210 (Behind Swaminarayan Temple)",https://pankajoffset.com/,,,https://pankajoffset.com/,Company website
Bhanderi (BLGD Corporation),Diamond & Bourse,Lab-grown (CVD) diamond manufacturer,Katargam,"4th Floor, BLGD Corporation, Akshar Building, Opp Mehta Petrol Pump, Katargam, Surat 395004",https://blgdlab.com/,+91 8500385003,info@blgdlab.com,https://blgdlab.com/contact-bhanderi-diamonds,Company site + search snippet
RRP Diamonds (R R P Diamond),Diamond & Bourse,Natural loose & melee diamond manufacturer,Mahidharpura,"301 Ashok Chamber, Moti Bazaar, Mahidharpura, Surat 395008; Factory 177 Ghanshyam Nagar",https://www.rrpdiamonds.com/,+91 9016106290,info@rrpdiamonds.com,https://www.rrpdiamonds.com/contact-us/,Company site + search snippet
V. Jayantilal & Co.,Diamond & Bourse,Diamond manufacturer,Katargam,"201/202, 2nd Floor, Plot 95/B, Prayosha Diamond Building, Sagar Industrial Society, Vasta Devdi Road, Surat 395004",https://vjayantilal.com/,+91 9638135135,,https://vjayantilal.com/contact/,Company site + search snippet
Royal Jewellers,Diamond/Jewellery/Textile Micro-SME,Jewellery manufacturer/showroom,Varachha,"Rachna Chambers, Near Anuradha Society, Baroda Pristage, Varachha Road, Surat - 395006",indiamart.com/royal-jewellers-surat,9825432029,royal.jewel1724@gmail.com,https://www.hindustanyellowpages.in/Surat/Royal-Jewellers/Varachha-Road,HindustanYellowPages
Sai Dresses,Diamond/Jewellery/Textile Micro-SME,Dress-material/salwar wholesaler (proprietorship),Ring Road,"5th Floor Auditorium Hall, Surat Textile Market, Near Tex Palazzo Hotel, Ring Road, Surat - 395002",saidresses.com,9099763957,sdresses27@gmail.com,https://saidresses.com/contact_us,Company website
Wholetex (Whole Tex),Diamond/Jewellery/Textile Micro-SME,Dress-material/saree wholesaler (online catalog),Ring Road,"House no. 4/2317, Inside RKTM Gate No.2, Sahara Darwaja, Ring Road, Surat",wholetex.com,9137381212,,https://www.wholetex.com/,Company website
Aum Insurance Brokers Pvt Ltd,Finance & Professional,Insurance broker,L P Savani,"School, L P Savani Circle, Surat-395009",,,9825264988,https://policyholder.gov.in/en/web/guest/list-of-brokers,IRDAI registry
Pawan Siddharth Advisors Private Limited,Finance & Professional,Financial advisory,Ring Road,"Beside Apple Hospital, Ring Road, Surat",https://pawansiddharth.site123.me/,,,https://www.justdial.com/Surat/Pawan-Siddharth-Advisors-Beside-Apple-Hospital-Ring-Road/0261PX261-X261-170626021501-V1C7_BZDET,JustDial
Sunidhi Securities & Finance Ltd,Finance & Professional,Stock / commodity broker,Surat,,https://www.sunidhi.com/,,,https://www.sunidhi.com/,Company site
Surat Bakery,Food & Hospitality SME,Bakery,Chowk Bazar,"Near Chowk Char Rasta, Chowk Bazar, Surat",suratbakery_1911 (IG),9979663775,,https://www.instagram.com/suratbakery_1911/,Instagram/JustDial
Globela Pharma Pvt Ltd,GIDC Manufacturing,Pharmaceuticals,GIDC Sachin,"Plot No. 357 & 358, Road No 3, Near Ginza Industries, GIDC Sachin, Surat 394230, Gujarat",https://globelapharma.com/,+91 78618 51969,sales@globelapharma.com,https://globelapharma.com/contact/,Company website
National Engineers & Steel Fabricators (NESF),GIDC Manufacturing,Engineering / Heavy Steel Fabrication,GIDC Sachin,"Plot No. 1022, Cross Road No. 87, Sachin GIDC, Surat 394230, Gujarat",https://nationalengrs.com/,,,https://nationalengrs.com/contact,Company website
Sun Textile Engineers,GIDC Manufacturing,Engineering / Heavy Fabrication,GIDC Sachin,"A-1, Shed No. 441/2, GIDC, Sachin, Surat 394230, Gujarat",https://www.suntextile.in/,,,https://www.suntextile.in/,Company website
Tapi Fruit Processing Ltd (Tapi Food),GIDC Manufacturing,Food / Agro Processing,"Pipodara (Mangrol, Surat dist)","Plot No 17A, Block No 124-125, NH No 8, Post Pipodara, Tal Mangrol, Dist Surat, Gujarat",https://www.tapifood.com/,+91 261 2551206,tapifood@gmail.com,https://www.tapifood.com/tapi-fruit-product-contact-details.html,Company website
Surat Municipal Corporation - East Zone Office (Varachha),Government & PSU,Municipal Zonal Office,"Varachha, Surat","Vahivati Bhavan, Nr Saifee Society, Opp. Panchwati Wadi, Lambe Hanuman Road, Surat",https://www.suratmunicipal.gov.in/,0261-2547750,,https://www.suratmunicipal.gov.in/home/zoneofficials,Official .gov.in
Surat Municipal Corporation - South West Zone Office (Athwa),Government & PSU,Municipal Zonal Office,"Athwalines, Surat","Vahivati Bhavan, Municipal Shopping Center, Nr Aadarsh Nagar Society, Athwalines, Surat",https://www.suratmunicipal.gov.in/,0261-2663049,,https://www.suratmunicipal.gov.in/home/zoneofficials,Official .gov.in
Centre For Sight Eye Hospital (City Light),Healthcare,Super-speciality eye hospital,City Light,"201/301/401 Unity Corner, 13 Vardhman Mahaveer Marg, Above Zudio, Opp Bank of Baroda, City Light, Surat",https://www.centreforsight.net/eye-hospitals-india/surat,,,https://www.practo.com/surat/hospital/centre-for-sight-eye-hospital-city-light-town,Hospital chain + Practo
"Dr Agarwals Eye Hospital / Prizma (Ring Road, Majura Gate)",Healthcare,Super-speciality eye hospital,Ring Road / Majura Gate,"Pyramid Point, Beside Krushi Mangal Hall, Ring Road, Majura Gate, Surat 395001",https://www.dragarwal.com/eye-hospital/ring-road/,9594924026,,https://www.dragarwal.com/eye-hospital/ring-road/,Hospital chain website
LifeLine Multispeciality Hospital,Healthcare,Multispecialty hospital,Rander Road,"1st Floor Shreenathji Complex, Opp Jhulelal Temple, Ramnagar Char Rasta, Rander Road, Surat 395007",https://lifelinesurat.com/,02612766000,info@lifelinesurat.com,https://lifelinesurat.com/,Hospital website
New Civil Hospital Surat,Healthcare,Government tertiary teaching hospital,Majura Gate,"Majura Gate area, Surat (Govt Medical College attached)",https://prognohealth.com/blog/list-of-government-hospitals-in-surat/,,,https://prognohealth.com/blog/list-of-government-hospitals-in-surat/,Directory / blog list
Ginger Surat,Hospitality & Real Estate,Hotel (budget/3-star),City Centre,"Near Surat Railway Station, Surat",https://www.gingerhotels.com/hotels/ginger-surat,,,https://www.gingerhotels.com/hotels/ginger-surat,Hotel official site
Modi Resort & Amusement Park,Hospitality & Real Estate,Resort / Amusement park,Near Surat,Near Surat,https://www.holidify.com/hotel-collections/resorts-near-surat,,,https://www.holidify.com/hotel-collections/resorts-near-surat,Travel guide
Reliance Mega Mall,Hospitality & Real Estate,Shopping mall,Ring Road,"Ring Road, Surat",https://www.holidify.com/pages/malls-in-surat-1878.html,,,https://www.holidify.com/pages/malls-in-surat-1878.html,Travel guide
Sahjanand Group / Sahajanand,Hospitality & Real Estate,Real estate developer / Builder,Surat,Surat,https://www.99acres.com/builders-in-surat-bffid,,,https://www.99acres.com/builders-in-surat-bffid,Real estate portal
Sairam Builders,Hospitality & Real Estate,Real estate developer / Builder,Surat,Surat,https://sairambuilders.co/,,,https://sairambuilders.co/,Builder official site
Coruscate Solutions Pvt. Ltd.,IT & Software,Web / mobile / blockchain app development,"Station Road (Lal Darwaja), Surat","9th Floor, Infinity Tower, Lal Darwaja Station Road, Surat 395003 (Beside Ayurvedic College)",https://www.coruscatesolution.com/,+91 261 333 2299,marketing@coruscatesolution.com,https://www.justdial.com/Surat/Coruscate-Solutions-Pvt-Ltd-Beside-Ayurvedic-College-Station-Road/0261PX261-X261-220313014011-A1M4_BZDET,JustDial listing + IndiaMART
IBL Infotech,IT & Software,App development / cloud / web,Surat,"Surat, India",https://www.indiamart.com/ibl-infotech/,,,https://www.indiamart.com/ibl-infotech/,IndiaMART profile + LinkedIn
Vision Infotech,IT & Software,Software outsourcing / web & mobile dev,"Sahara Darwaja, Surat","3001, 3rd Floor APMC, Krushi Bazaar, Beside North Extension, Sahara Darwaja, Surat 395002",https://visioninfotech.net/,84016 52525,sales@visioninfotech.net,https://visioninfotech.net/contact-us/,Company website (contact page)
Sk Cad,Jewellery,Jewellery CAD design studio,Surat,"Surat, Gujarat",https://sk-cad.ueniweb.com/,,,https://sk-cad.ueniweb.com/,company_website
Craft Diamonds,Lab-Grown Diamond,LGD rough/polished manufacturer / jewelry,Surat,"Surat, Gujarat (manufacturing) markets to USA",https://www.craftdiamonds.co/,,,https://www.craftdiamonds.co/,Company website
Keystar Gems LLP,Lab-Grown Diamond,CVD diamond manufacturer,Varachha,Ground Floor Plot No 5 Block No 4 Kohinoor Industrial Estate Varachha Road Surat 395006,https://keystarlgd.co/,,keystargems@gmail.com,https://www.indiamart.com/keystar-gems/aboutus.html,IndiaMART listing
Amar Medical Store,Local Retail SME,Medical/Pharmacy,Kamrej,"Kamrej, Surat",https://www.helloindia.co/Surat/Amar-Medical-Store/Surat-Ho/ContactUs,9925181951,,https://www.helloindia.co/Surat/Amar-Medical-Store/Surat-Ho/ContactUs,Directory (HelloIndia)
Dipak Kirana Store,Local Retail SME,Supermarket/Kirana,Bhagal,"Bhagal, Surat",https://www.hindustanyellowpages.in/Surat/Dipak-Kirana-Store/Bhagal,9909615014,,https://www.hindustanyellowpages.in/Surat/Dipak-Kirana-Store/Bhagal,Directory (HindustanYellowPages)
J J Opticals,Local Retail SME,Optician/Eyewear,Kamrej,"Gopal Nagar Shopping Centre, Char Rasta, Kamrej, Surat",https://helloindia.co/Surat/J-J-OPTICALS/Kamrej/ContactUs,9825127171,,https://helloindia.co/Surat/J-J-OPTICALS/Kamrej/ContactUs,Directory (HelloIndia)
Miracle Ladies Corner,Local Retail SME,Garment/Boutique,Surat HO,"Surat HO, Surat",https://www.hindustanyellowpages.in/Mobile/9374716876,9377725549,,https://www.hindustanyellowpages.in/Mobile/9374716876,Directory (HindustanYellowPages)
Modern The Craft Shop,Local Retail SME,Gift/Toys,Ghod Dod Road,"Ghod Dod Road, Surat",https://www.hindustanyellowpages.in/Surat/Modern-The-Craft-Shop/GHOD-DOD-ROAD,9825425860,,https://www.hindustanyellowpages.in/Surat/Modern-The-Craft-Shop/GHOD-DOD-ROAD,Directory (HindustanYellowPages)
Rajal Stationery and Xerox,Local Retail SME,Stationery,Surat HO,"Surat HO, Surat",https://www.hindustanyellowpages.in/Mobile/9727013469,9727013469,,https://www.hindustanyellowpages.in/Mobile/9727013469,Directory (HindustanYellowPages)
Sansar Hardware Stores,Local Retail SME,Hardware/Paint,Ring Road,"Ring Road, Surat",https://www.hindustanyellowpages.in/Surat/SANSAR-HARDWARE-STORES/Ring-Road,9825134580,,https://www.hindustanyellowpages.in/Surat/SANSAR-HARDWARE-STORES/Ring-Road,Directory (HindustanYellowPages)
Sarita Sagar Sports,Local Retail SME,Sports Goods,Adajan,"Adajan, Surat",https://www.hindustanyellowpages.in/Surat/Sarita-Sagar-Sports/Adajan,9374143945,,https://www.hindustanyellowpages.in/Surat/Sarita-Sagar-Sports/Adajan,Directory (HindustanYellowPages)
CK Studio,Media/Video/Photo,Product video & ecommerce photography,Athwa Lines / Varachha / Piplod,"Serving Ring Road, Varachha, Vesu, Surat",https://ckstudio.in/surat/,+91 8700258773,,https://ckstudio.in/gujarat/product-video-maker-in-surat/,Company website
FF Studio,Media/Video/Photo,Wedding photography & cinematography,Katargam,"A 602, RJD Business Hub, Kasanagar Road, Katargam, Surat, Near Naginawadi",,,,https://www.wedmegood.com/profile/FF-Studio-88511,WedMeGood profile
Mahir Films,Media/Video/Photo,Ad film production house,Surat,"Surat, Gujarat",https://www.mahirfilms.com/,,,https://www.mahirfilms.com/,Company website
QMedia Production,Media/Video/Photo,Wedding photography & cinematography,Surat,"Surat, Gujarat",,+91 97236 39636,,https://www.wedmegood.com/profile/QMedia-Production-177168,WedMeGood profile
Snapito Studio,Media/Video/Photo,Wedding/portrait photography studio,Vesu,"B-203 Aagam Shopping World, VIP Road, near Rajhans Cinemas, Vesu, Surat 395007",https://snapitostudio.com/,+91 99253 76601,,https://snapitostudio.com/contact/,Company website
iVIPANAN,Professional Services SME,Digital marketing agency,Sitanagar,"2054 International Fashion Market, Parvat Patiya Rd, Sitanagar, Surat 395010",,6355008989,,https://iide.co/blog/digital-marketing-agencies-in-surat/,Directory/blog listing
Stark Visas (Surat),Professional Services SME,Immigration / visa consultant,Surat,,https://starkvisas.com/surat,8233058233,info@starkvisas.com,https://starkvisas.com/surat,Company website
Pocket Stores,Retail & Supermarket,Departmental store chain (local),"Kamrej, Amroli, Choryasi",Bus Stand JIN Compound Near Kamrej Choryasi Surat,,,,https://www.justdial.com/Surat/Pocket-Stores-Near-Bus-Stand-Jin-Compound-Near-Kamrej-Kamrej/0261PX261-X261-200318141208-K9C4_BZDET,JustDial + Facebook
Wooden Street - Surat,Retail & Supermarket,Furniture & home retail,Surat (multiple studios),Surat (furniture experience studios),https://www.woodenstreet.com,,,https://www.woodenstreet.com/furniture-store-surat,Official store page
Ashoka Dyeing And Printing Mill Pvt Ltd,Textile Manufacturing,Dyeing & Printing (processing house),Pandesara,"Pandesara, Surat 394221",https://www.justdial.com/Surat/Ashoka-Dyeing-And-Printing-Mill-PVTLTD-Surat-Pandesara/0261PX261-X261-110105214150-D2F3_BZDET,,,https://www.justdial.com/Surat/Ashoka-Dyeing-And-Printing-Mill-PVTLTD-Surat-Pandesara/0261PX261-X261-110105214150-D2F3_BZDET,JustDial
Creative Trendz,Textile Manufacturing,Embroidery (Schiffli),Surat,"Surat, Gujarat",https://www.creativetrendz.com/,,,https://www.creativetrendz.com/,Company website
Devika Group,Textile Manufacturing,Yarn / Texturising (PTY),Surat,"Surat, Gujarat (polyester texturized yarn)",https://dir.indiamart.com/surat/polyester-yarn.html,,,https://dir.indiamart.com/surat/polyester-yarn.html,IndiaMART directory
Ganga Fashions Pvt Ltd,Textile Manufacturing,Dyeing & Processing (EPC member),Pandesara,"Plot No. 287, GIDC, Pandesara, Surat 394221",http://www.txcindia.gov.in/html/Consolidated%20list%20of%20EPC%20member%20units%20yet%20to%20submit%20returns%20online.pdf,,,http://www.txcindia.gov.in/html/Consolidated%20list%20of%20EPC%20member%20units%20yet%20to%20submit%20returns%20online.pdf,Govt EPC member list
J.R. Dyeing & Printing Mills Pvt Ltd,Textile Manufacturing,Dyeing & Printing (processing house),Pandesara,"GIDC Main Road, GIDC, Pandesara, Surat 394221",https://www.exportersindia.com/jrdyeing/,,,https://www.exportersindia.com/jrdyeing/,ExportersIndia
Jay Bharat Dyeing & Printing Mills,Textile Manufacturing,Dyeing & Printing (processing house),Palsana (Kadodara Char Rasta),"Plot No. 216, Kadodara Char Rasta, Taluka Palsana, Surat",https://www.mapsofindia.com/whitepages/businesses/index/jaybhadye,,,https://www.mapsofindia.com/whitepages/businesses/index/jaybhadye,Maps of India
Skilled Industries,Textile Manufacturing,Textile machinery (dyeing/processing),Sachin GIDC,"5412, Road No 54, Sachin GIDC, Sachin, Surat",https://www.skilledindustries.com/,,,https://www.skilledindustries.com/,Company website
Ambaji Tex Fab,Textile Trade & Design,Dress material / fabric manufacturer,Saroli,"Saroli, Surat",,,,https://www.indiamart.com/ambaji-tex-fabsurat/profile.html,B2B marketplace
Ekta Fashion Pvt Ltd,Textile Trade & Design,Dress material wholesaler,Ring Road / Shree Mahalaxmi Market,"Shop 518-521, Upper Ground, Shree Mahalaxmi Market, Ring Road, Surat 395002",,,,https://www.justdial.com/Surat/Ekta-Fashion-Pvt-Ltd-Ring-Road/0261PX261-X261-110406194143-S5F1_BZDET,Business directory
Keshav Madhav Fashion,Textile Trade & Design,Designer saree manufacturer,Surat,"Surat, Gujarat",https://www.keshavmadhavfashion.com/,+918047633966,,https://www.keshavmadhavfashion.com/printed-saree.html,Company website
Rudraksh Sarees,Textile Trade & Design,Designer/party-wear saree manufacturer,New Textile Market,"New Textile Market, Surat",,,,https://www.indiamart.com/rudrakshsarees/profile.html,B2B marketplace
Sachin Prints,Textile Trade & Design,Dress material / saree wholesaler,Ring Road / Raghukul Market,"B-3126-29, Lift No. 13-15, B-Wing, 1st Floor, Gate No.3, Raghukul Market, Near Kamela Darwaza, Ring Road, Surat",,,,https://www.indiamart.com/sachin-prints-surat/,B2B marketplace
Shree Binni Prints,Textile Trade & Design,Saree manufacturer,Silk City Textile Market,"Silk City Textile Market, Surat",,,,https://ajmeratrends.com/details/top-10-saree-manufacturer-in-surat,Industry guide
Shree Sarees,Textile Trade & Design,Saree manufacturer,Ring Road,"Ring Road, Surat",,,,https://www.indiamart.com/shree-sarees-surat/profile.html,B2B marketplace
Dermafollix Hair Transplant & Skin Clinic,Wellness & Clinics SME,Skin/hair transplant clinic,Adajan / Parle Point,"304, Rajcorner, Opp Vasupujya Residency, L.P. Savani Road, Adajan, Surat (also Sheron Plaza, Parle Point)",https://drpatki.com/,9601687529,surbhi@drpatki.com,https://drpatki.com/transformative-care-at-dermafollix-hair-transplant-and-skin-clinic-in-surat/,Business website
Gymnation - The Fitness Hub,Wellness & Clinics SME,Gym/fitness center,Athwa/Bhatar,"Shop 1-7, 2nd Floor, Sheetal Shopping Centre, Bhatar Rd, Beside Turning Point, Athwa, Surat 395001",,,,https://www.justdial.com/Surat/Gymnation-The-Fitness-Hub-Near-Turning-Point-Ghoddod-Road/0261PX261-X261-130529112126-Z1E4_BZDET,JustDial
Jan Suvidha Laboratory,Wellness & Clinics SME,Diagnostic/pathology lab,Adajan,"2, Akshardham Soc., Opp Asian Physiotherapy Center, Gangeshwar Mahadev Road, Adajan, Surat",http://jansuvidhalab.com/,9510059690,,http://jansuvidhalab.com/contact.html,Business website
Tanishq Beauty Salon & Spa,Wellness & Clinics SME,Salon/spa,Adajan,"2, Madhubha Park, Adajan Hazira Road, Opp Star Bazar, Near Adajan Fire Station, Adajan, Surat 395009",https://www.facebook.com/p/Tanishq-Beauty-salon-spa-100066942450706/,9913000282,,https://www.hindustanyellowpages.in/Surat/Tanishq-Beauty-Salon-AND-Spa/Adajan-Hazira-Road,Hindustan Yellow Pages
Mahak Logistic,BPO/Logistics/Print,Logistics/Transport,"Hazira, Surat","Hazira, Surat, Gujarat",https://mahaklogistic.com/,9173558998,info@mahaklogistic.com,https://mahaklogistic.com/transport-company-in-surat.html,Company website
Angel One Ltd - Surat Office,Finance & Professional,Stock / commodity broker,Rustampura,"Rustampura, Surat",https://stockbroker.angelone.in/location/gujarat/surat,,,https://stockbroker.angelone.in/angel-one-ltd-surat-office-stock-broker-rustampura-surat-528841/Contact-Us,Company site
Finaccle Advisory Private Limited,Finance & Professional,Tax / GST consultant,Ring Road,"602, Empire State Building, Ring Road, Nr Udhna Darwaja, Surat-395002",https://finaccle.in/,,cajssj.co@gmail.com,https://finaccle.in/,Company site
Employees Provident Fund Organisation (EPFO) - Regional Office Surat,Government & PSU,Central Govt / Statutory Body,"Ghod Dod Road, Surat","Bhavishya Nidhi Bhawan, Ghod Dod Road, Ram Chowk, Surat-395001",https://www.epfindia.gov.in/,+91-261-2652760,ro.Surat@epfindia.gov.in,https://www.epfindia.gov.in/site_en/Location_an_office.php,Official .gov.in
ASG Super Speciality Eye Hospital,Healthcare,Super-speciality eye hospital,Surat,Surat (ASG eye-care chain unit),https://asgeyehospital.com/hospital/city/surat/,,,https://asgeyehospital.com/hospital/city/surat/,Hospital chain website
Eye Q Super Speciality Eye Hospital (Parle Point),Healthcare,Super-speciality eye hospital,Parle Point / Athwalines,"3rd Floor SNS House, Above TBZ Showroom, Near Court Building, Parle Point, Athwalines, Surat 395007",https://www.eyeqindia.com/hospital/parle-point-surat/,8035240555,,https://www.eyeqindia.com/hospital/parle-point-surat/,Hospital chain website
Sanjeevani Multi Speciality Hospital,Healthcare,Multispecialty / trauma hospital,Vesu,"2nd Floor Western Business Park, Opp SD Jain School, Vesu Char Rasta, Udhana-Magdalla Rd, Surat 395007",https://surat.nic.in/public-utility/sanjeevani-multi-speciality-hospital/,+91 2612215777,smshospital@yahoo.com,https://surat.nic.in/public-utility/sanjeevani-multi-speciality-hospital/,Government directory
Atologist Infotech,IT & Software,Custom software / AI engineering / mobile apps,"Ghod Dod Road, Surat","506-507, Poddar Plaza, Opp. Majura Fire Station, Ghoddod Road, Surat 395001",https://atologistinfotech.com/,+91 99091 66110,info@atologistinfotech.com,https://atologistinfotech.com/contact-us.php,Company website (contact page) + JustDial
LogicGo Infotech LLP,IT & Software,Software dev + IT training institute,"Katargam (Singanpore), Surat","301 Silverstone Arcade, Singanpore Causeway Road, Katargam, Surat 395004",https://logicgoinfotech.com/,+91 96389 87317,info@logicgoinfotech.com,https://logicgoinfotech.com/contact/,Company website (contact page) + JustDial
Trezix (Trezix Software Pvt. Ltd.),IT & Software,SaaS (export-import / trade software),"Athwa (SVNIT Campus), Surat","Ashine Building, SVNIT Campus, Athwa, Surat 395007",https://trezix.io/,,,https://trezix.io/contact/,Company website (contact page) + ZaubaCorp
Kunthu Gems,Lab-Grown Diamond,HPHT & CVD diamond manufacturer / exporter,Mahidharpura,Office 405 to 412 4th Floor Diamond Village-A Jadakhadi Mahidharpura Surat 395003,https://www.kunthugems.co.in/,,,https://www.kunthugems.co.in/contact-us.htm,Company website
A To Z Hardware Stores,Local Retail SME,Hardware/Paint,Udhana Darwaja,"Udhana Darwaja, Surat",https://www.hindustanyellowpages.in/Mobile/9374801917,9374500866,,https://www.hindustanyellowpages.in/Mobile/9374801917,Directory (HindustanYellowPages)
Amar Stationery and Gift Articles,Local Retail SME,Stationery,Surat HO,"Surat HO, Surat",https://www.hindustanyellowpages.in/Mobile/9925709595,9925709595,,https://www.hindustanyellowpages.in/Mobile/9925709595,Directory (HindustanYellowPages)
Chandrika Dresses / Chandrika Garments,Local Retail SME,Garment/Boutique,Kotsafil Road,"Kotsafil Road, Surat",https://www.hindustanyellowpages.in/Surat/Chandrika-Dresses--OR--Chandrika-Garments/Kotsafil-Road,9227193714,,https://www.hindustanyellowpages.in/Surat/Chandrika-Dresses--OR--Chandrika-Garments/Kotsafil-Road,Directory (HindustanYellowPages)
Kanaiya Readymades,Local Retail SME,Garment/Boutique,Olpad,"Olpad, Surat",https://www.hindustanyellowpages.in/Surat/Kanaiya-Readymades/Olpad,9824184352,,https://www.hindustanyellowpages.in/Surat/Kanaiya-Readymades/Olpad,Directory (HindustanYellowPages)
Om Plywood and Hardware,Local Retail SME,Hardware/Paint,Bhatar Road,"Bhatar Road, Surat",https://www.hindustanyellowpages.in/Mobile/9724397043,9724397043,,https://www.hindustanyellowpages.in/Mobile/9724397043,Directory (HindustanYellowPages)
Shree Ridhi Sidhi Hardware And Electricals,Local Retail SME,Hardware/Paint,Godadara,"Godadara, Surat",https://www.hindustanyellowpages.in/Mobile/8128389969,9898376936,,https://www.hindustanyellowpages.in/Mobile/8128389969,Directory (HindustanYellowPages)
Tavakkal Hardware & Electricals,Local Retail SME,Hardware/Paint,Limbayat,"Idgah Road, Limbayat Udhana Yard, Limbayat, Surat 395006",https://nipponpaint.co.in/wp-content/uploads/2024/11/Gujarat.pdf,9426875334,,https://nipponpaint.co.in/wp-content/uploads/2024/11/Gujarat.pdf,Manufacturer dealer list (Nippon Paint)
Uncle Shop,Local Retail SME,Garment/Boutique,Surat HO,"Surat HO, Surat",https://www.hindustanyellowpages.in/Surat/Uncle-Shop/Surat-Ho,9327391514,,https://www.hindustanyellowpages.in/Surat/Uncle-Shop/Surat-Ho,Directory (HindustanYellowPages)
Taj Studio,Media/Video/Photo,Photography studio,Bhatar Road,"401, Sakar Complex, Near Rupali Naher, Bhatar Road, Surat 395001",https://www.taj.studio/,+91 95581 94459,info@taj.studio,https://www.taj.studio/contact-us/,Company website
Nakrani Rabadiya & Co,Professional Services SME,CA / tax consultant,Nana Varachha,"Vikas Shoppers, 247-248, Vraj Chowk Rd, Sarthana Jakat Naka, Zeal Park, Nana Varachha, Surat 395013",https://nakranirabadiyanco.in/chartered-accountant-in-surat/,,,https://nakranirabadiyanco.in/chartered-accountant-in-surat/,Company website
Prolific Overseas Education,Professional Services SME,Education / overseas consultant,Ghod Dod Road,"Ghod Dod Road office, Surat (+ Varachha branch)",https://www.prolificoverseaseducation.com/,02612662245,,https://www.prolificoverseaseducation.com/,Company website
City Light Skin & Cosmetic Clinic,Wellness & Clinics SME,Skin/cosmetic clinic,City Light,"UG-22 Agrasen Point, Near Agrasen Bhavan, Citylight, Surat 395007",https://drsharatgupta.in/contact/,9376438238,,https://drsharatgupta.in/contact/,Business website
BplusK Architects,Architecture & CAD/Engineering,Architecture firm,Piplod,"302, 3rd Floor, Union Heights, B/H Lalbhai Contractor Stadium, Rahulraj Mall Lane, Maharana Pratap Rd, Piplod, Surat, Gujarat 395007",http://bplusk.in/,,,https://www.bplusk.in/contact,Company website
Tej Consultant,Architecture & CAD/Engineering,Architecture / Structural / Urban planning,Adajan,"S-7-8-9-10, Meghdhanush Apartment, B/s Kalpana Society, Adajan Patiya, Surat 395005",https://www.indiamart.com/tej-consultants/,,,https://www.indiamart.com/tej-consultants/aboutus.html,IndiaMART profile
Patel Motors (TVS),Automobile Dealership,Two-wheeler dealer (TVS),Udhna Darwaja,"Plot No 867/AF/P6, Near Kotak Mahindra Bank, Udhna Darwaja, Surat",https://dealers.tvsmotor.com/,918153828788,,https://dealers.tvsmotor.com/tvs-motors/tvs-patel-motors-two-wheeler-dealer-udhnaa-darwaja-surat-178162/Home,Brand dealer site
Vinod Honda (Two Wheeler),Automobile Dealership,Two-wheeler dealer (Honda),Jahangirpura,"1-4 Sarita Society, Near Jahangirpura Dabholi Bridge, Near LG Service Centre, Jahangirpura Main Road, Surat 395005",,7387875048,,https://www.zigwheels.com/bikes/dealers/honda/Surat,Aggregator listing
Zealay Automotive (Royal Enfield),Automobile Dealership,Two-wheeler dealer (Royal Enfield),Udhna,"Plot No 30, J B Compound, Opp Laxmi-narayan Temple, Udhna, Surat 394210",https://dealers.royalenfield.com/,9619870419,,https://dealers.royalenfield.com/gujarat/surat/udhna-zealay-automotive-9110142860,Brand dealer site
Pirates BPO Services,BPO/Logistics/Print,BPO/Call Center,Surat,,,,,https://www.justdial.com/Surat/BPO/nct-10055809,JustDial
Tasveer Digital Press,BPO/Logistics/Print,Printing/Digital,"Delhi Gate / Ring Road, Surat","A-2, Shree Kuberji Textile Park, Behind Belgium Tower, Opp Linear Bus Stand, Delhi Gate, Ring Road, Surat - 395003",https://www.tasveercolorlab.com/,0261-4017272,info@tasveercolorlab.com,https://www.indiamart.com/tasveerdigitalpress/profile.html,IndiaMART / Company website
The Boo Boo Club,BPO/Logistics/Print,E-commerce/D2C,Surat,,https://www.firstcry.com/the-boo-boo-club/6/0/1006953,,,https://www.firstcry.com/the-boo-boo-club/6/0/1006953,FirstCry / retailer listing
Kesariya Textile,Diamond/Jewellery/Textile Micro-SME,Saree wholesaler/trader (proprietorship),Ring Road,"B 3031-3032, 1st Floor, Millennium Textile Market, Ring Road, Surat",kesariatextile.com,9081995544,,https://kesariatextile.com/contact-us/,Company website
Navjivan Nagrik Co-operative Credit & Supply Society Ltd,Finance & Professional,Credit co-op society,Surat,,https://www.navjivannagrikcoopsociety.com/,,,https://www.navjivannagrikcoopsociety.com/Home/Contact,Company site
Punjabi Roots - Cloud Kitchen,Food & Hospitality SME,Cloud Kitchen (North Indian),Surat,"Surat, Gujarat (cloud kitchen)",punjabirootssrt (FB),+917818921212,Punjabirootssrt@gmail.com,https://www.facebook.com/punjabirootssrt/,Facebook
Gautam Industrial Corporation Pvt Ltd,GIDC Manufacturing,Engineering / Pipe Fittings & Valves,GIDC Sachin,"Plot No. 5420, Road No. 54, Sachin GIDC, Surat 394520, Gujarat",https://gautamindustrial.com/,,,https://gautamindustrial.com/,Company website
Mahavir Synthesis Pvt Ltd,GIDC Manufacturing,Dyes & Dye Intermediates,GIDC Sachin,"Block No. 304B & 305, Sachin Magdalla Road GIDC, Sachin, Surat 394230, Gujarat",https://www.mahavirsynthesis.com/,,,https://www.mahavirsynthesis.com/,Company website
Sahajanand Valves Pvt Ltd (Swastik),GIDC Manufacturing,Engineering / Industrial Valves,GIDC Sachin,"Plot No 5616, Road No 56, GIDC Sachin, Surat 394520, Gujarat",https://www.swastikvalves.in/,+91 261 2397367,sales@swastikvalves.in,https://www.indiamart.com/svpl/profile.html,IndiaMART / company
"Income Tax Department, Surat (Aaykar Bhavan)",Government & PSU,Central Govt / Revenue,"Majura Gate, Surat","Aaykar Bhavan, Opp. Civil Hospital, Majura Gate, Surat-395002",https://www.incometax.gov.in/,,,https://www.incometaxindia.gov.in/documents/d/gujarat/directory-officers,Official income tax directory
PP Savani Hospital (Kapodra),Healthcare,Multispecialty hospital,Kapodra / Varachha,"Varachha Main Road, Kapodra area, Surat 395006",https://www.practo.com/surat/hospital/p-p-savani-hospital-kapodra,,,https://www.practo.com/surat/hospital/p-p-savani-hospital-kapodra,Practo listing
Prabhat Pathology Laboratory,Healthcare,Pathology lab / diagnostics,Varachha Road,"Hira Baug, Varachha Road, Surat",https://prabhatlab.in/,,,https://prabhatlab.in/,Lab website
Udhna Dental Multispeciality Clinic & Oral Cancer Rehabilitation Centre,Healthcare,Multispeciality dental hospital,Udhna,Southern Surat (Udhna region) - 50-bed multispecialty dental hospital,https://udhnahospital.com/,,,https://udhnahospital.com/,Hospital website
Sri Sairam Group,Hospitality & Real Estate,Real estate developer / Builder,Surat,Surat,https://srisairamgroup.com/about-us/,,,https://srisairamgroup.com/about-us/,Builder official site
Instance IT Solutions Pvt. Ltd.,IT & Software,IT solutions / software development,"Dabholi/Causeway, Surat","13-17, 1st Floor, Shivan Avenue, Causeway Link Rd, opp. Hyundai Service Center, Surat 395004",https://www.instanceit.com/,+91 82001 82588,,https://www.instanceit.com/reach-us,Company website (contact page) + Sulekha
Upmetrics,IT & Software,SaaS (business-plan / ERP software),"Utran, Surat","3082, Silver Business Point, Utran, Surat 394105",https://upmetrics.co/,,,https://upmetrics.co/,Company website + Tracxn + Glassdoor
Gehna Shop,Jewellery,Jewellery showroom/retailer,Ghod Dod Road,"G-9, Rangeela Park Shopping Center, Ghod Dod Road, Surat 395007",,+91-96383-10354,,https://www.scribd.com/document/879082529/Jewellers-in-Surat-Contact-Details,directory
Premvati Gold,Jewellery,Gold jewellery showroom/manufacturer,Katargam,"Behind Kantareshwar Mahadev Mandir, Lalita Chokdi, Katargam, Surat",https://premvatigold.org/,,,https://premvatigold.org/,company_website
Aom Diamond,Lab-Grown Diamond,CVD & HPHT diamond manufacturer / exporter,Utran (Varachha),604 Victoriya Heritage Opposite Shaligram Status Utran Pow Varachha Surat 394101,,,,https://www.indiamart.com/aomdiamond/about-us.html,IndiaMART listing
Mahant Exports,Lab-Grown Diamond,CVD & HPHT diamond manufacturer / wholesaler,Katargam,Plot No 8 R.S.No 407 Pramukh Gems Building Bambawadi Katargam Surat 395004,,,,https://www.indiamart.com/mahant-exports/profile.html,IndiaMART listing
Divya Shopee,Local Retail SME,Footwear,Adajan,"Adajan, Surat",https://www.hindustanyellowpages.in/Surat/Divya-Shopee/Adajan,7359728031,,https://www.hindustanyellowpages.in/Surat/Divya-Shopee/Adajan,Directory (HindustanYellowPages)
Gokul Stationery Mart,Local Retail SME,Stationery,Surat HO,"Surat HO, Surat",https://www.hindustanyellowpages.in/Mobile/9825487415,9904571542,,https://www.hindustanyellowpages.in/Mobile/9825487415,Directory (HindustanYellowPages)
Kanaiya Hardware and Sanitary,Local Retail SME,Hardware/Paint,Katargam,"Katargam, Surat",https://www.hindustanyellowpages.in/Mobile/9825250917,9825250917,,https://www.hindustanyellowpages.in/Mobile/9825250917,Directory (HindustanYellowPages)
Om Hardware and Sales,Local Retail SME,Hardware/Paint,Surat HO,"Surat HO, Surat",https://www.hindustanyellowpages.in/Mobile/9033411771,9825372176,,https://www.hindustanyellowpages.in/Mobile/9033411771,Directory (HindustanYellowPages)
Shakti Colour & Hardware,Local Retail SME,Hardware/Paint,Varachha Road,"65/8, Variya Marble Compound, M.H. Complex, Varachha Road, Surat 395006",https://nipponpaint.co.in/wp-content/uploads/2024/11/Gujarat.pdf,9925233986,,https://nipponpaint.co.in/wp-content/uploads/2024/11/Gujarat.pdf,Manufacturer dealer list (Nippon Paint)
Shubham Paints,Local Retail SME,Hardware/Paint,Katargam,"Shop No.2, Prabhudarshan Complex, Opp Fire Station, Katargam, Surat 395004",https://nipponpaint.co.in/wp-content/uploads/2024/11/Gujarat.pdf,9374843906,,https://nipponpaint.co.in/wp-content/uploads/2024/11/Gujarat.pdf,Manufacturer dealer list (Nippon Paint)
The Dream Stories,Media/Video/Photo,Wedding photography & videography,Mota Varachha / Piplod,"Sai Ashish Society II, 27/28, near Chandni Chowk Complex, Piplod, Surat 395007",,,,https://www.weddingwire.in/wedding-photographers/the-dream-stories--e76648,WeddingWire profile
Axiom Consulting,Professional Services SME,Recruitment / placement agency,Ghod Dod Road,"1016, Westfield Complex, Ghod Dod Road, Surat",,9558334174,,https://axiom-consulting.co.in/best-job-placement-and-recruiting-services-in-surat-axiom-consulting/,Company website
Metro Shoes - Surat,Retail & Supermarket,Branded footwear retail chain,Bhaga Talav,Bhaga Talao Main Rd Surat,https://stores.metroshoes.com,,,https://stores.metroshoes.com/metro-shoes-bhaga-talao-main-road-surat-gujarat-srt,Official store
Army Looms & Textiles Company,Textile Manufacturing,Textile machinery (weaving looms),Surat,"Surat, Gujarat",https://www.armylooms.in/,,,https://www.armylooms.in/,Company website
Bright Weaves Pvt Ltd,Textile Manufacturing,Weaving (EPC member),Pandesara,"Plot No. 130, Jay Jalaram Industrial Society, Pandesara, Surat 394221",http://www.txcindia.gov.in/html/Consolidated%20list%20of%20EPC%20member%20units%20yet%20to%20submit%20returns%20online.pdf,,,http://www.txcindia.gov.in/html/Consolidated%20list%20of%20EPC%20member%20units%20yet%20to%20submit%20returns%20online.pdf,Govt EPC member list
Tulsi Syntex Pvt Ltd,Textile Manufacturing,Synthetic fabric / Processing (EPC member),Pandesara,"Plot No. 123-124, GIDC, Pandesara, Surat 394221",http://www.txcindia.gov.in/html/Consolidated%20list%20of%20EPC%20member%20units%20yet%20to%20submit%20returns%20online.pdf,,,http://www.txcindia.gov.in/html/Consolidated%20list%20of%20EPC%20member%20units%20yet%20to%20submit%20returns%20online.pdf,Govt EPC member list
Weavetech Engineers Ltd,Textile Manufacturing,Textile machinery (weaving looms),Surat,"Surat, Gujarat",https://www.weavetech.in/power-loom-machine.html,,,https://www.weavetech.in/power-loom-machine.html,Company website
Ekta International,Textile Trade & Design,Saree wholesaler,Ring Road / Millennium Market,"I-2491-92, Upper Ground, Millennium Textile Market, Ring Road, Surat 395002",,,,https://www.justdial.com/Surat/Ekta-International-Ring-Road/0261PX261-X261-131212152240-N9I5_BZDET,Business directory
Sunrise Fashion,Textile Trade & Design,Designer saree wholesaler,Ring Road / Millennium Market,"D-2177, 2178 Millennium Textile Market, 80 Feet Road, Ring Road, Surat 395002",,,,https://www.justdial.com/Surat/Sunrise-Fashion-Exclusive-Fancy-Printed-Designer-Sarees-Ring-Road/0261PX261-X261-131210214644-S5L8_BZDET,Business directory
Fitness Fiesta Gym,Wellness & Clinics SME,Gym/fitness center,Town/Surat,"M-2 to 6, Hirapana Shopping Center, Surat",,9879008786,,https://contactwala.com/listing/fitness-fiesta-gym-surat/,Contactwala
Sarvoday Enterprise,BPO/Logistics/Print,Printing/Packaging,"Udhana, Surat","Ground Floor, Plot 18,19, Revanagar Industrial Society, South Zone Office Road, Udhana, Surat - 394210",https://www.sarvodayenterprise.com/,,,https://www.sarvodayenterprise.com/,Company website
Prakash Kapooria & Associates,Finance & Professional,CA / Audit firm,Magob,"324 Times Square, Opp Landmark Empire, Near Vakil Wadi, Magob Parvat Patiya, Surat-395010",,,,https://www.thinkingbridge.in/blog/top-ca-firms-in-surat,Directory/Blog
Forefront Infotech,IT & Software,ASP.NET software dev / web / SEO,"Adajan / Railway Station, Surat","Adajan & Railway Station area, Surat",https://in.linkedin.com/company/forefront-infotech,,,https://in.linkedin.com/company/forefront-infotech,LinkedIn company page (hiring posts)
iRoid Solutions,IT & Software,Mobile app / web development (AI-powered),Surat,"318, 3rd Floor, Fortune High Street, Opp. Western Arena, Surat",https://iroidsolutions.com/,+91 90238 68898,business@iroidsolutions.in,https://www.instagram.com/iroid_solutions/,Instagram (Surat) + company site
iVIPANAN Digital Marketing,IT & Software,Digital marketing agency + institute,"Adajan, Surat","401, Shiven Shoppers, Opp. Gangeshwar Mahadev Temple Rd, Adajan, Surat 395009",https://www.ivipanan.co.in/,+91 98794 56211,info@ivipanan.co.in,https://www.ivipanan.co.in/,Company website + Sulekha
Excellent Diamond,Lab-Grown Diamond,IGI-certified CVD diamond manufacturer / exporter,Surat,"Surat, Gujarat (street address not visible on source)",https://www.excellentdiamond.in/,,,https://www.excellentdiamond.in/company-profile.html,Company website
Hirpara Export,Lab-Grown Diamond,CVD diamond manufacturer / exporter,Varachha (Mini Bazar),821 Rajhansh Tower Near Opera House Mini Bazar Surat 395006,https://www.hirparaexport.in/,,,https://www.hirparaexport.in/contact-us.htm,Company website
HRB Exports,Lab-Grown Diamond,CVD rough & polished diamond manufacturer / exporter,Surat,"Surat, Gujarat (street address not visible on source)",https://www.hrb-exports.com/,,,https://www.hrb-exports.com/lab-grown-diamond.htm,Company website
Ambika Stationery,Local Retail SME,Stationery,Surat HO,"Surat HO, Surat",https://www.hindustanyellowpages.in/Mobile/9428635152,9428635152,,https://www.hindustanyellowpages.in/Mobile/9428635152,Directory (HindustanYellowPages)
Sangeeta Steel and Gift Corner,Local Retail SME,Gift/Toys,Surat HO,"Surat HO, Surat",https://www.hindustanyellowpages.in/Mobile/9426773744,9426773744,,https://www.hindustanyellowpages.in/Mobile/9426773744,Directory (HindustanYellowPages)
Shree Jalaram Hardware and General Stores,Local Retail SME,Hardware/Paint,Unn,"Unn, Surat",https://www.hindustanyellowpages.in/Surat/SHREE-JALARAM-HARDWARE-AND-GENERAL-STORES/Unn,9825588924,,https://www.hindustanyellowpages.in/Surat/SHREE-JALARAM-HARDWARE-AND-GENERAL-STORES/Unn,Directory (HindustanYellowPages)
Meet My Media,Media/Video/Photo,Video production,Surat,"Surat, Gujarat",https://meetmymedia.com/video-production-surat/,,,https://meetmymedia.com/video-production-surat/,Company website
Advocate Vaishali Patil & Associates,Professional Services SME,Advocate / law firm,Surat,,https://www.advocatevaishalipatil.com/best-criminal-lawyer-in-surat.html,9819533351,,https://www.advocatevaishalipatil.com/best-criminal-lawyer-in-surat.html,Company website
Edworld Education Pvt Ltd,Professional Services SME,Education / overseas consultant,Surat,,https://edworldeducation.com/,7600014403,,https://edworldeducation.com/,Company website
MyDigital Crown,Professional Services SME,Digital marketing agency,Surat,,,8369511877,,https://mydigitalcrown.in/digital-marketing-agency-surat.html,Company website
Dr Smile Dental Clinic,Wellness & Clinics SME,Dental clinic,Parvat Patia,"G-8, Shivam Avenue, Opposite Reshma Row House, Punagam Canal Road, Parvat Patia, Surat 395010",,,,https://www.justdial.com/Surat/Dr-Smile-Dental-Clinic-Opposite-Reshma-Row-House-Parvat-Patia/0261PX261-X261-110415123800-Q9V3_BZDET,JustDial
Mstudio Interior,Architecture & CAD/Engineering,Interior design studio,Adajan,"Business Bay Centre, 110, opp. Adajan, Surat 395005",https://mstudiointerior.com/,,,https://mstudiointerior.com/,Company website
Nirman Design Studio (Nirman Architects),Architecture & CAD/Engineering,Architecture / Interior firm,Surat,"SNS Business Park, Surat (partial)",https://www.nirman-architects.com/,,,https://www.nirman-architects.com/,Company website
Optima Engineers & Developers,Architecture & CAD/Engineering,Structural consultant,Surat,"Surat, Gujarat",https://www.optimadevelopers.com/structural-consultancy/index.html,,,https://www.optimadevelopers.com/structural-consultancy/index.html,Company website
Ambika Motors (TVS),Automobile Dealership,Two-wheeler dealer (TVS),Jahangir Pura,"Plot No 42/3, Olpad Road, Near Shell Petrol Pump, Jahangir Pura, Surat",https://dealers.tvsmotor.com/,917824006952,,https://dealers.tvsmotor.com/tvs-motors/amp/tvs-ambika-motors-two-wheeler-dealer-jahangir-pura-surat-242136/Home,Brand dealer site
KDN Automobiles (Hero MotoCorp),Automobile Dealership,Two-wheeler dealer (Hero),Una Pani Road,"Moti Raghewji Compound, Lal Darwaja, Una Pani Road, Surat 395003",https://dealers.heromotocorp.com/,,,https://dealers.heromotocorp.com/k-d-n-automobiles-hero-motocorp-two-wheeler-dealer-una-pani-road-surat-33702/Home,Brand dealer site
Power Bikes (Yamaha),Automobile Dealership,Two-wheeler dealer (Yamaha),Adajan,"G1 G2 G3 Western Corridor, Near Pramukh Swami Hospital, Adajan Char Rasta, Surat 395009",https://www.bikes4sale.in/,,,https://www.bikes4sale.in/new-bike-showrooms/dealer/yamaha/gujarat/surat/1516/power-bikes-pvt-ltd,Aggregator listing
Padmavati Printing Press,BPO/Logistics/Print,Printing Press,"Ring Road / Udhna, Surat","No.33/1-2, Jairam Kalidas Wadi, Opp Ganesh Dyeing Mill, Behind Subjail, Ring Road, Surat - 395001",,,,https://www.indiamart.com/company/29950827/,IndiaMART
Plactive Group,BPO/Logistics/Print,BPO/Call Center,Surat,,https://www.indiamart.com/plaptive-group/bpo-services.html,,,https://www.indiamart.com/plaptive-group/bpo-services.html,IndiaMART
Dirgh Diamond Pvt Ltd,Diamond & Bourse,Diamond wholesaler/manufacturer,Mahidharpura,"203, 2nd Floor, Shubham Complex, Pipla Street, Mahidharpura, Surat 395003",,+91 9925666966,,https://www.justdial.com/Surat/Dirgh-Diamond-Pvt-Ltd-Mahidharpura/0261PX261-X261-150115122755-A8D4_BZDET,JustDial + search snippet
Smit Diamonds (Greenlab founders),Diamond & Bourse,Lab-grown (CVD) diamond manufacturer,Surat,"Surat, Gujarat",,,,https://nationaljeweler.com/articles/12769-indian-lab-grown-diamond-manufacturers-keep-growing,National Jeweler article
Mirae Asset Sharekhan (K M Jhaveri) - Kanpith,Finance & Professional,Stock / commodity broker (sub-broker),Kanpith,"No 9/1651 & 1794, Opposite Lal Gate, Kanpith, Surat",https://stockbroker-branch.sharekhan.com/,,,https://stockbroker-branch.sharekhan.com/sharekhan-k-m-jhaveri-stock-broker-kanpith-surat-9221/Home,Company site
Motilal Oswal (Dhruvesh Mehta) - Machiwad,Finance & Professional,Stock / commodity broker (sub-broker),Machiwad,"UG-5, Highfield Ascot, VIP Road, Machiwad, Surat",https://stockbroker.motilaloswal.com/,,,https://stockbroker.motilaloswal.com/motilal-oswal-financial-services-limited-dhruvesh-mehta-stock-broker-machiwad-surat-121153/Home,Company site
Pradip Dave & Associates,Finance & Professional,CS / Corporate compliance,Surat,,https://cspradipdave.com/about-us,,,https://cspradipdave.com/about-us,Company site
Navkar Tiffin & Catering Services,Food & Hospitality SME,Catering / Tiffin,Adajan,"38, Pratiksha Row House, Opp. Sarnath Hospital, Honey Park Road, Adajan Dn, Surat 395009",navkartiffinsurat.yolasite.com,08460262557,,https://www.justdial.com/Surat/Navkar-Tiffin-Catering-Services-Oppsarnath-Hospital-Adajan-Dn/0261PX261-X261-200723175503-H6H5_BZDET,JustDial
Aceto Chem Pvt Ltd,GIDC Manufacturing,Dyes & Dye Intermediates,Pandesara,"Plot No. 90/A, GIDC Pandesara, Surat 394221, Gujarat",https://www.acetochemindia.in/,0261-2890998,info@acetochemindia.com,https://www.acetochemindia.in/profile.html,Company website
Eskay Speciality Chemicals (SK Group),GIDC Manufacturing,Specialty Chemicals,GIDC Sachin (SEZ),"Plot no. 207-B/208, Surat Special Economic Zone, Road no. 4, GIDC Sachin, Surat, Gujarat",https://www.sk1932.com/,,,https://www.sk1932.com/eskay-speciality-chemicals,Company website
Bharuch Municipal Corporation (Nagar Seva Sadan),Government & PSU,Municipal Body (South Gujarat),Bharuch,"Javahar Municipal Bhavan, Civil Hospital Road, Bharuch",https://bharuchnagarpalika.com/,02642-220143,,https://bharuchnagarpalika.com/ContactUs.aspx,Official site
"Central GST & Central Excise Commissionerate, Surat",Government & PSU,Central Govt / Revenue,"Chowk Bazar, Surat","Ground Floor, Central Excise Building, Opp. Gandhi Baug, Chowk Bazar, Surat-395003",https://cgstvadodarazone.gov.in/surat/,,,https://cgstvadodarazone.gov.in/surat/,Official .gov.in
Navsari Municipal Corporation (Mahanagarpalika),Government & PSU,Municipal Body (South Gujarat),Navsari,"Near Swami Vivekananda Vegetable Market, Dudhia Talav, Navsari-396445",https://nmc.gujarat.gov.in/,,,https://nmc.gujarat.gov.in/,Official .gov.in
DentiCare Dental Care Centre,Healthcare,Multispeciality dental hospital,Parle Point,"Behind Sargam Shopping Centre, Somnath Mahadev Road, Parle Point, Surat 395007",https://denticareindia.com/,,,https://denticareindia.com/contact-us/,Dental hospital website
Sparsh Multispeciality Hospital,Healthcare,Multispecialty hospital,Mota Varachha,"318, 3rd Floor Apple Square, Satellite Road, Near Lajamani Cross Road, Mota Varachha, Surat 394101",https://www.justdial.com/Surat/Sparsh-Hospital-Near-Lajamani-Cross-Road-Mota-Varachha/0261PX261-X261-140512152623-B1J4_BZDET,,,https://www.drlogy.com/surat/hospital/sparsh-multispeciality-hospital,Directory (JustDial/Drlogy)
Greenland Resort,Hospitality & Real Estate,Resort,Palsana,"Next to Sanskar Vidhya Sankul, Palsana-Baleshwar Rd, Palsana, Surat",https://weddingz.in/surat/greenland-resort-palsana/,,,https://weddingz.in/surat/greenland-resort-palsana/,Wedding venue portal
Imperial Square Mall,Hospitality & Real Estate,Shopping mall,Surat,Surat,https://www.holidify.com/pages/malls-in-surat-1878.html,,,https://www.holidify.com/pages/malls-in-surat-1878.html,Travel guide
Iscon Mall Surat,Hospitality & Real Estate,Shopping mall,Surat,Surat,https://www.holidify.com/pages/malls-in-surat-1878.html,,,https://www.holidify.com/pages/malls-in-surat-1878.html,Travel guide
Synthesis Group,Hospitality & Real Estate,Real estate developer / Builder,Surat,Surat,https://www.99acres.com/builders-in-surat-bffid,,,https://www.99acres.com/builders-in-surat-bffid,Real estate portal
The Country Club Surat,Hospitality & Real Estate,Club / Banquet venue,Adajan,"623-624, Mahadevbhai Desai Road, Next to Pramukh Swami Hospital, Adajan, Surat",https://www.countryclubmail.com/,,,https://www.venuelook.com/surat/resorts,Venue portal
Veneziano Mall,Hospitality & Real Estate,Shopping mall,Vesu,"Vesu, Surat",https://www.holidify.com/pages/malls-in-surat-1878.html,,,https://www.holidify.com/pages/malls-in-surat-1878.html,Travel guide
Differenz System Pvt. Ltd.,IT & Software,Web & mobile app development,"Adajan, Surat","307-308 Shivalik Western, LP Savani Rd, Adajan Gam, Surat 395009",https://www.differenzsystem.com/,+91 261 457 4179,,https://www.differenzsystem.com/contact,Company website (contact page) + Sulekha
RJSquare Infotech,IT & Software,Web / app / UI-UX / offshore dev,"Mota Varachha (Digital Valley), Surat","901-902, IT Park, Mota Varachha - Digital Valley, Surat 394105",https://www.rjsquareinfotech.com/,,info@rjsquareinfotech.com,https://www.rjsquareinfotech.com/,Company website + JustDial
Sassy Infotech Pvt. Ltd.,IT & Software,Web design & development / digital marketing,"Udhana Darwaja (Ring Road), Surat","101, Meridian Tower 2, Udhana Darwaja, Ring Road, Surat 395002",https://www.sassyinfotech.com/,+91 87806 38433,info@sassyinfotech.com,https://sassyinfotech.com/contact-us,Company website (contact page) + ZaubaCorp
White Orange Software,IT & Software,"Software development (MERN, Flutter, UI/UX)","Varachha, Surat","2nd Floor, Manikunj Building, L.H. Road, Varachha, Surat 395006",https://whiteorangesoftware.com/,,,https://whiteorangesoftware.com/,Company website + listicle
Khushalbhai Jewellers,Jewellery,Jewellery retailer/showroom,Surat,"Surat, Gujarat",https://www.khushalbhaijewellers.com/,,,https://www.khushalbhaijewellers.com/,company_website
Nathdhwar Diamonds,Jewellery,Diamond/gold ornament dealer-manufacturer,Mahidharpura,"202, Mahidharpura, Surat",,,,https://www.justdial.com/Surat/Gold-Jewellery-Wholesalers-in-Mahidharpura/nct-10931221,directory
Satva Gold,Jewellery,Gold jewellery retailer (online + Surat),Surat,"Surat, Gujarat",https://www.satvagold.com/,,,https://www.satvagold.com/surat/,company_website
Gemone Diamond (Jewelry brand),Lab-Grown Diamond,LGD jewelry manufacturer / retailer,Surat,"Surat, Gujarat (street address not visible on source)",https://gemonediamond.com/,,gemone.diamonds@gmail.com,https://gemonediamond.com/pages/contact-us,Company website
Lepdo (Lepdo LLC),Lab-Grown Diamond,CVD & HPHT diamond retailer / exporter,Mota Varachha / Mini Bazar,No 1212 Pragati IT Park Building B Opp AR Mall Utran Mota Varachha Surat 394105; also 8th Floor Office 807 Rajhans Heights Near Choksi Bazar Mini Bazar Varachha 395006,https://www.lepdollc.com/,,,https://www.lepdollc.com/profile.html,Company website
Vala Brothers,Lab-Grown Diamond,CVD & HPHT diamond manufacturer / exporter,Mahidharpura,6/1766 2nd Floor Sainath Building G Gundis Sheri Mahidharpura Surat,https://www.valabrothers.in/,,,https://www.valabrothers.in/,Company website
Aradhana Mobile Accessories & Repairing,Local Retail SME,Mobile Accessories,Varachha Road,"Shop 6, Harekrishna Complex, Khodiyal Nagar, Varachha Road, Surat 395006",https://www.justdial.com/Surat/A-To-Z-Mobile-Accessories-Repairing-Opposite-Khand-Bazar-Varachha-Road/0261PX261-X261-180103190849-M1M5_BZDET,,,https://www.justdial.com/Surat/A-To-Z-Mobile-Accessories-Repairing-Opposite-Khand-Bazar-Varachha-Road/0261PX261-X261-180103190849-M1M5_BZDET,Directory (JustDial)
Harshil Second Hand Toys,Local Retail SME,Gift/Toys,Surat,Surat,https://harshil-second-hand-toys.ueniweb.com/,8469888767,,https://harshil-second-hand-toys.ueniweb.com/,Business website (UENI)
Naik Brothers,Local Retail SME,Hardware/Paint,Bardoli,"14, Panchsheel Chambers, Gandhi Road, Bardoli, Surat 394602",https://nipponpaint.co.in/wp-content/uploads/2024/11/Gujarat.pdf,9879405526,,https://nipponpaint.co.in/wp-content/uploads/2024/11/Gujarat.pdf,Manufacturer dealer list (Nippon Paint)
Sanjay Store,Local Retail SME,Stationery,Surat HO,"Surat HO, Surat",https://www.hindustanyellowpages.in/Surat/Sanjay-store/Surat-Ho,9879069222,,https://www.hindustanyellowpages.in/Surat/Sanjay-store/Surat-Ho,Directory (HindustanYellowPages)
Ugam Mobile Accessories,Local Retail SME,Mobile Accessories,Varachha Road,"Shop 59A/60, Avadh Viceroy, Sarthana Jakatnaka, Varachha Road, Surat 395006",https://www.justdial.com/Surat/Ugam-Mobile-Accessories-Near-DMart-Varachha-Road/0261PX261-X261-190716194447-D6M1_BZDET,,,https://www.justdial.com/Surat/Ugam-Mobile-Accessories-Near-DMart-Varachha-Road/0261PX261-X261-190716194447-D6M1_BZDET,Directory (JustDial)
Aj Films,Media/Video/Photo,Wedding photography & cinematography,Surat,"Surat, Gujarat",,,,https://www.wedmegood.com/profile/Aj-Films-Surat-2337754,WedMeGood profile
Fpoint7 Media Production,Media/Video/Photo,Photography & film production,Surat,"Surat, Gujarat",https://www.fpoint7.com/,,,https://www.fpoint7.com/jewellery-photography-surat-india,Company website
Maya Mediaworks,Media/Video/Photo,Video / motion graphics / advertising,Pal Gam,"Shop No.412-A, The Galleria, Opp Pal RTO, Near Sanjivkumar Auditorium, Pal Gam, Surat-395009",https://www.mayamediaworks.com/,,,https://www.mayamediaworks.com/,Company website
Verona Film City,Media/Video/Photo,Film city / shoot location & studio,Lingad,"Lingad, Surat",,,,https://www.justdial.com/Surat/Verona-Film-City-Lingad/0261PX261-X261-230205072544-U3Y5_BZDET,JustDial listing
4S Design Hub,Professional Services SME,Graphic design / branding studio,Surat,"#1 Ambika Nagar Society, Surat",https://4sdesignhub.com/,9157622202,hello@4sdesignhub.com,https://4sdesignhub.com/contact,Company website
Delphic Overseas,Professional Services SME,Immigration / visa & IELTS,Surat,,http://www.delphicoverseas.com/,,,http://www.delphicoverseas.com/,Company website
Mark Studio,Professional Services SME,Branding / design / advertising,Pal,"B312, 3rd floor, Fortune Island, Galaxy Circle, Pal, Surat 395009",https://markstudio.in/,8320063804,info@markstudio.in,https://markstudio.in/contact-us/,Company website
RG International,Professional Services SME,Education / IELTS / study abroad,Piplod,"603, 6th Floor, Swastik House, Opp Lakeview Garden Restaurant, Kargil Chowk, Piplod, Surat 395007",,7575866622,,https://ieltscoachinginsurat.com/our-location/,Company website
Sipani Advisors,Professional Services SME,Accounting & bookkeeping,Surat,,https://sipaniadvisors.com/loan-financial-services-in-surat/accounting-bookkeeping-services-in-surat/,,,https://sipaniadvisors.com/loan-financial-services-in-surat/accounting-bookkeeping-services-in-surat/,Company website
Soni Events,Professional Services SME,Event & wedding planner,Adajan,"116, Sai Square Complex, Honey Park Road, Adajan, Surat 395009",https://sonievents.in/,9081180052,,https://sonievents.in/,Company website
Techeasify,Professional Services SME,Web design / digital studio,Adajan,"M1, Ruchi Complex, Adajan-Hazira Road, Surat 395009",https://techeasify.com/,9313961011,,https://techeasify.com/web-development-company/,Company website
Underscore Media,Professional Services SME,Digital marketing agency,Vesu,"303, Highfield Asccot, Opp Palm Avenue, VIP Main Road, Vesu, Surat",https://www.underscoremedia.in/,9510273527,aditya@underscoremedia.in,https://www.brewmyidea.com/top-20-social-media-marketing-agencies-in-surat,Directory/blog listing
Adinath Furniture Mall,Retail & Supermarket,Furniture & home retail,Surat,"Surat (large furniture store, 30+ yrs)",,,,https://threebestrated.in/furniture-stores-in-surat-gj,threebestrated listing
Pepperfry Studio - Surat,Retail & Supermarket,Furniture & home retail,Udhna-Magdalla Rd,Ambica Industrial Soc 1st Floor 132/A Udhna Magdalla Rd Surat,https://www.pepperfry.com,,,https://www.pepperfry.com/stores/city/furniture-store-in-surat.html,Official store locator
Spice Hotspot - Surat,Retail & Supermarket,Mobile retail chain,Surat (multiple),Surat (Motorola authorized dealer showroom),,,,https://inrdeals.com/dealer/motorola-mobile-phones/gujarat/motorola-showroom-in-surat/spice-hotspot-150223,inrdeals dealer listing
Bhagyarekha Engineers Pvt Ltd,Textile Manufacturing,Textile machinery (dyeing),Sachin GIDC,"A-2, 6/102, GIDC Sachin, Sachin, Surat 394230",https://www.devrekha.com/,,,https://www.devrekha.com/,Company website
Hariom Zarilon Pvt Ltd,Textile Manufacturing,Zari / Synthetic textile (EPC member),Pandesara,"550-551, GIDC, Pandesara, Surat 394221",http://www.txcindia.gov.in/html/Consolidated%20list%20of%20EPC%20member%20units%20yet%20to%20submit%20returns%20online.pdf,,,http://www.txcindia.gov.in/html/Consolidated%20list%20of%20EPC%20member%20units%20yet%20to%20submit%20returns%20online.pdf,Govt EPC member list
Indo Asia Machines Pvt Ltd,Textile Manufacturing,Textile machinery (embroidery/weaving),Surat,"Surat, Gujarat",https://www.textileinfomedia.com/INDO-ASIA-MACHINES-PVT-LTD,,,https://www.textileinfomedia.com/INDO-ASIA-MACHINES-PVT-LTD,TextileInfomedia directory
Luthra Dyeing & Printing Mills,Textile Manufacturing,Dyeing & Printing (processing house),Pandesara,"Pandesara, Surat, Gujarat",https://www.exportersindia.com/luthra-dyeing-3761061/,,,https://www.exportersindia.com/luthra-dyeing-3761061/,ExportersIndia
Om Satya Exim Pvt Ltd,Textile Manufacturing,Textile machinery (embroidery),Surat,"Annpurna Textile Market, Surat, Gujarat",https://www.indiamart.com/omsatyaexim/,,,https://www.indiamart.com/omsatyaexim/,IndiaMART
Rajashwi Fashion Hub,Textile Manufacturing,Embroidery (Schiffli) + Digital print,Surat,"Surat, Gujarat",https://www.rajashwifashionhub.com/,,,https://www.rajashwifashionhub.com/,Company website
Sapru Machines Pvt Ltd,Textile Manufacturing,Textile machinery (uptwisters/yarn),Surat,"Surat, Gujarat",http://www.saprumachines.com/,,,http://www.saprumachines.com/,Company website
Sumeet Industries (Saanika Polytex DTY),Textile Manufacturing,Yarn / Texturising (DTY),Surat,Surat (Polyester Draw Textured Yarn),https://www.saanikapolytex.co.in/polyester-yarn.html,,,https://www.saanikapolytex.co.in/polyester-yarn.html,Company website
Ekta Creation,Textile Trade & Design,Saree wholesaler,Ring Road,"Ring Road, Surat, Gujarat",,,,https://www.indiamart.com/ekta-creation-surat/,B2B marketplace
Sitaram Sarees,Textile Trade & Design,Saree manufacturer,Ring Road,"Ring Road, Surat",,,,https://www.indiamart.com/sitaramsarees/,B2B marketplace
Central Pathology Laboratory,Wellness & Clinics SME,Diagnostic/pathology lab,Mota Varachha,"E/4-5, Besides Gangotri Residency Gate, Sudama Chowk, Mota Varachha, Surat 394101",,9137641360,,https://www.mediyaar.com/surat/labs/surat-pathology-laboratory-godadara.html,Mediyaar
Dental Care Clinic,Wellness & Clinics SME,Dental clinic,Adajan,"204, Piramyd Square, Above Tanishq Show Room, Opp Indian Oil Petrol Pump, L. P. Savani Road, Adajan, Surat 395009",,,,https://www.justdial.com/Surat/Dental-Care-Clinic-Above-Tanisq-Show-Room-Oppo-Indian-Oil-Petrol-Pump-Adajan-Dn/0261PX261-X261-131204172515-D7E5_BZDET,JustDial
Pooja Dent Care,Wellness & Clinics SME,Dental clinic,Adajan,"Adajan Road, Surat 395009",,9725752458,,https://www.lybrate.com/surat/doctors-for-orthodontics/vesu-surat,Lybrate
Surat Pathology Laboratory,Wellness & Clinics SME,Diagnostic/pathology lab,Godadara,"Shop 411-413, Shreeji Arcade, Near Godadara-Dindoli Road, Khodiyar Nagar, Godadara, Surat 394210",,9328661125,,https://www.mediyaar.com/surat/labs/surat-pathology-laboratory-godadara.html,Mediyaar
AFIV Data Outsourcing,BPO/Logistics/Print,Data Entry,Surat,,https://www.indiamart.com/afiv-data-outsourcing/,,,https://www.indiamart.com/afiv-data-outsourcing/,IndiaMART
Banthia Venture Private Limited,Finance & Professional,Financial advisory,Surat,,https://banthiaconsultancy.com/,,,https://www.thecompanycheck.com/company/banthia-venture-private-limited/U74999GJ2019PTC108790,Company registry
Nanty Shah & Associates,Finance & Professional,Cost accountant (CMA),Surat,,http://www.cmansa.com,,,http://www.cmansa.com,Company site
Tax Doctors,Finance & Professional,Tax / GST consultant,Surat,"Costart Solarium Business Centre, 411-412, Surat-395007",https://taxdoctors-surat.com/,,,https://taxdoctors-surat.com/,Company site
Bigscal Technologies,IT & Software,Custom software development,Surat,"Surat, Gujarat",https://www.bigscal.com/,,,https://www.bigscal.com/,Company website + Indeed (Surat jobs)
Social 101,IT & Software,Digital marketing / branding agency,"Althan, Surat","607, Titanium Business Hub, Althan, Surat, Gujarat",https://social101.in/,+91 88795 63616,,https://social101.in/about/,Company website (about page)
C6 Diamonds,Lab-Grown Diamond,LGD jewelry manufacturer / exporter,Surat,"Surat, Gujarat (street address not visible on source)",https://c6diamonds.com/,,,https://c6diamonds.com/contact-us,Company website
JWelDim,Lab-Grown Diamond,CVD & HPHT diamond manufacturer,Surat,"Surat, Gujarat (street address not visible on source)",https://www.jweldim.in/,,,https://www.jweldim.in/cvd-and-hpht-lab-grown-diamond.html,Company website
Nayani Brothers,Lab-Grown Diamond,LGD manufacturer,Surat,"Surat, Gujarat (street address not visible on source)",,+91 71022 11021,,https://www.indiamart.com/company/26103062/,IndiaMART listing
Vraj Diamond,Lab-Grown Diamond,LGD manufacturer / jewelry,Surat,"Surat, Gujarat (street address not visible on source)",https://vrajdiamond.com/,,,https://vrajdiamond.com/,Company website
Kenit Patel Photography,Media/Video/Photo,Product/ecommerce photography studio,Vesu,"Studio in Vesu, Surat",https://kenitpatel.com/product-photography-surat,,,https://kenitpatel.com/,Company website
Ideaslab,Professional Services SME,Digital marketing / design studio,New City Light,"409, The Lenora, besides Naveli Hospital, New City Light Road, Surat",,9033086917,,https://www.kerplunkmedia.com/top-20-digital-marketing-company-in-surat,Directory/blog listing
Monkey Ads & Studios,Professional Services SME,Digital marketing / ad studio,Piplod,"A-607, Swastik Universal, Besides Surat-Dumas Rd, Opp Rahul Raj Mall, Piplod, Surat 395007",,9825242242,,https://www.brewmyidea.com/top-20-social-media-marketing-agencies-in-surat,Directory/blog listing
I-CON Architects & Urban Planners,Architecture & CAD/Engineering,Architecture / Urban planning,Surat,"Surat, Gujarat",https://www.houzz.in/professionals/architects-and-building-designers/i-con-architects-and-urban-planners-pfvwin-pf~311231442,,,https://www.houzz.in/professionals/architects-and-building-designers/i-con-architects-and-urban-planners-pfvwin-pf~311231442,Houzz profile
Karka Architectural & Interior Designers,Architecture & CAD/Engineering,Architecture / Interior firm,Adajan,"Shop No 11 Vaishali Row House, Opposite Nishal Arcade, Nr. Nishal Circle, Adajan Dn, Surat 395009",http://www.karkagroup.in/,,,http://www.karkagroup.in/,Company website
Prakash Design Studio,Architecture & CAD/Engineering,Interior design studio,Nanpura,"303, C-Block, 3rd Floor, President Plaza, beside Mahavir Cardiac Hospital, near Old R.T.O., Nanpura, Surat 395001",https://interiorprakash.in/,,,https://www.houzz.in/professionals/interior-designers-and-decorators/prakash-design-studio-pfvwin-pf~1865379868,Houzz profile
PTH Consultancy Services LLP (Pramukh Test House),Architecture & CAD/Engineering,Structural / Geotechnical consultant,Nana Varachha,"40/1 Mansukh Nagar, Near Vraj, Nana Varachha, Surat 395003",https://www.indiamart.com/pth-consultancy-services/profile.html,,,https://www.indiamart.com/pth-consultancy-services/profile.html,IndiaMART profile
Parikh Bikes (Yamaha),Automobile Dealership,Two-wheeler dealer (Yamaha),Parvat Gam,"Puna Godadra Road, Parvat Gam, Shop No-4, Midas Square, Surat",,,,https://www.bikewale.com/dealer-showrooms/yamaha/surat/,Aggregator listing
Parth Print Point,BPO/Logistics/Print,Printing Press,"Varachha Road, Surat","L.H. Road, Varachha Road, Surat",https://www.parthprintpoint.co.in/,,,https://www.parthprintpoint.co.in/offset-printing-service.htm,Company website
Specturm Outsourcing,BPO/Logistics/Print,Data Entry,"Varachha Road, Surat","Near Pani Ni Taki, Yogi Chowk, Varachha Road, Surat",,,,https://www.justdial.com/Surat/Specturm-Outsourcing-Near-Pani-Ni-Taki-Yogi-Chowk-Varachha-Road/0261PX261-X261-140804160310-X7V5_BZDET,JustDial
Lukhi Diamond Pvt Ltd,Diamond & Bourse,Diamond manufacturer & merchant,Varachha (Mini Bazar),"Office 610, 6th Floor, Diamond World Tower-A, Mangadh Chowk, Mini Bazar, Varachha Road, Surat 395006",,,,https://www.justdial.com/Surat/Lukhi-Diamond-Pvt-Ltd-Mini-Bazar-Mangadh-Chowk-Varachha-Road/0261PX261-X261-150220151639-I3Q9_BZDET,JustDial + search snippet
H V Shah & Company,Finance & Professional,CA / Audit firm,Surat,,,,,https://www.sulekha.com/chartered-accountants/surat,Directory
Naik Vaywala & Associates,Finance & Professional,CA / Audit firm,Surat,,https://www.indiamart.com/naik-vaywala-and-associates/,,,https://www.indiamart.com/naik-vaywala-and-associates/,IndiaMart
U J Shah & Associates,Finance & Professional,CA / Audit firm,Surat,,https://www.indiamart.com/u-j-shah-and-associates/,,,https://www.indiamart.com/u-j-shah-and-associates/,IndiaMart
Zawar & Co,Finance & Professional,CA / Audit firm,Nanpura,"Near Kailash Sweets, Nanpura, Surat",,,,https://www.justdial.com/Surat/Zawar-Co-Near-Kailash-Sweets-Nanpura/0261P2629-2629-121118183305-F5H1_BZDET,JustDial
Charbhuja Caterers,Food & Hospitality SME,Catering (Wedding/Events),Adajan,"9, Sparsh Bungalow, Near Sent Mark School, B/h Gangeshwar Temple, Adajan, Surat 395009",,,,https://www.wedmegood.com/profile/Charbhuja-Caterers-446242,WedMeGood
Tea Post (Pal - Franchise outlet),Food & Hospitality SME,Tea Cafe,Pal,"Near Baghban Circle, Pal-Gaurav Path Road, Surat",tea_post_surat_pal (IG),9913011146,,https://www.instagram.com/tea_post_surat_pal/,Instagram
Devchand Engineers Pvt Ltd,GIDC Manufacturing,Engineering / Pressure Vessels & Industrial Supplies,GIDC Sachin,"Plot No A4/5, Dandi Road, Road No 11, Sachin, Surat 394230, Gujarat",,,,https://www.indiamart.com/devchand-engineers/profile.html,IndiaMART
Manish Packaging Pvt Ltd,GIDC Manufacturing,Packaging / PVC & Laminate Films,GIDC Sachin,"Plot No. 539, Road No. 5, GIDC Sachin, Surat 394230, Gujarat",https://www.manishpackaging.net/,,,https://www.manishpackaging.net/contact-us.htm,Company website
Nova Dyestuff Industries Pvt Ltd,GIDC Manufacturing,Dyes & Dye Intermediates,Pandesara,"250/1/2, GIDC Estate, Nr Rachana Dyeing, Pandesara, Surat 394221, Gujarat",,,,https://www.indiamart.com/nova-dyestuff-industries-ltd/,IndiaMART
"ESIC Sub-Regional Office, Surat",Government & PSU,Central Govt / Statutory Body,"Adajan-Pal, Surat","2nd Floor, Samarth House, Opp. Pal Lake, Adajan-Pal, Surat-394510",https://srosurat.esic.gov.in/,,,https://srosurat.esic.gov.in/ro-sro-contact-us,Official .esic.gov.in
Summirow Dental Care,Healthcare,Multispeciality dental clinic/hospital,Vesu,"6th Floor, Western Vesu Point, Vesu, Surat",https://www.summirow.com/,,,https://www.summirow.com/,Dental clinic website
Vision Eye Hospital,Healthcare,Eye hospital,Surat,Surat (cataract/glaucoma/retina/LASIK),https://visioneyehospital.net/,,,https://visioneyehospital.net/,Hospital website
Bhagwati Group / Shree Bhagwati,Hospitality & Real Estate,Real estate developer / Builder,Surat,Surat,https://www.justdial.com/Surat/Builders-Developers/nct-10059258,,,https://www.justdial.com/Surat/Builders-Developers/nct-10059258,JustDial listing
Chaitanya Vatika,Hospitality & Real Estate,Banquet venue / Party plot,Surat,Surat,https://www.venuelook.com/surat/banquet-halls,,,https://www.venuelook.com/surat/banquet-halls,Venue portal
Dhartii River View Resort,Hospitality & Real Estate,Resort,Near Surat,Near Surat,https://www.holidify.com/hotel-collections/resorts-near-surat,,,https://www.holidify.com/hotel-collections/resorts-near-surat,Travel guide
Regent Arcade Mall,Hospitality & Real Estate,Shopping mall,Surat (market area),Surat,https://www.holidify.com/pages/malls-in-surat-1878.html,,,https://www.holidify.com/pages/malls-in-surat-1878.html,Travel guide
Tirupati Developers,Hospitality & Real Estate,Real estate developer / Builder,Surat,Surat,https://www.justdial.com/Surat/Builders-Developers/nct-10059258,,,https://www.justdial.com/Surat/Builders-Developers/nct-10059258,JustDial listing
Codezee Solutions,IT & Software,Web / mobile / software development,"Katargam, Surat","Katargam, Surat (area per JustDial)",https://codezeesolutions.com/,,,https://www.justdial.com/Surat/Codezee-Solutions-Katargam/0261PX261-X261-240201105804-N3M5_BZDET,JustDial listing + company site
Generation Next (GNHUB),IT & Software,Web design / mobile apps / SEO,"Ghod Dod Road, Surat","2160, Westfield Complex, 4th Floor, Opp. Surya Kiran Complex, Ghod Dod Road, Surat 395007",https://www.gnhub.com/,,,https://www.gnhub.com/about-us.aspx,Company website (about page)
Green Hightech,IT & Software,Website / software / mobile / digital marketing,Surat,"Surat, India",https://www.greenhightech.in/,,,https://www.greenhightech.in/,Company website + listicle
HelixWebi,IT & Software,Web design & development,Surat,"Surat, India",https://www.helixwebi.net/,,,https://www.helixwebi.net/,Company website + listicle
Kyros Solution,IT & Software,Branding / digital marketing agency,"Vesu, Surat","306, Western Business Park, Vesu, Surat 395007",https://kyrossolution.com/,+91 95126 08708,hr@kyrossolution.com,https://kyrossolution.com/,Company website
Techvizor,IT & Software,Website / software / app development,"Vesu, Surat","Sh. No. 1 to 8, 4th Floor, Roongta Shopping Center, VIP Road, Vesu, Surat 395007",https://techvizor.in/,,,https://techvizor.in/contact-us,Company website (contact page) + JustDial
Govindji Jewellers,Jewellery,Jewellery showroom/retailer,Katargam,"Vijay Complex, Katargam, Surat",,,,https://secondbombay.com/jewellery-shops-in-surat-district/,directory
Nathubhai Soni and Sons,Jewellery,Jewellery showroom/retailer,Soni Falia,"Soni Falia Main Road, Surat",,,,https://secondbombay.com/jewellery-shops-in-surat-district/,directory
3 Star Diamond,Lab-Grown Diamond,LGD manufacturer / exporter,Varachha,Varachha Surat Gujarat (street address not visible on source),,,,https://www.exportersindia.com/3-star-diamond/about-us.htm,ExportersIndia listing
Ayra Star (Noor Diamond),Lab-Grown Diamond,CVD diamond manufacturer / jewelry,Surat,"Surat, Gujarat (street address not visible on source)",https://www.noordiamond.in/,,,https://www.noordiamond.in/,Company website
GMSRK Diamond,Lab-Grown Diamond,LGD manufacturer / exporter,Varachha (Mini Bazar),Princes Plaza Mangadh Rd Mini Bazar Varachha Road Surat,,,,https://www.exportersindia.com/gmsrk-diamond/,ExportersIndia listing
Jupiter Exim,Lab-Grown Diamond,LGD manufacturer / exporter,Varachha (Mini Bazar),Mini Bazar Surat Gujarat (street address not visible on source),,,,https://www.exportersindia.com/jupiter-exim-surat/about-us.htm,ExportersIndia listing
New Grown Diamond,Lab-Grown Diamond,LGD CVD & HPHT manufacturer / retailer,Katargam,Katargam Surat Gujarat (street address not visible on source),,,,https://www.exportersindia.com/new-grown-diamond/,ExportersIndia listing
RRP Diamond,Lab-Grown Diamond,LGD / melee diamond manufacturer,Surat,"Surat, Gujarat (street address not visible on source)",https://www.rrpdiamond.in/,,,https://www.rrpdiamond.in/,Company website
Shiv Krishna Diamond,Lab-Grown Diamond,LGD manufacturer / jewelry,Surat,"Surat, Gujarat (street address not visible on source)",,,,https://www.indiamart.com/shiv-krishna-diamond/,IndiaMART listing
Shree Madhusudan Impex,Lab-Grown Diamond,HPHT diamond manufacturer,Varachha,Varachha Road Surat Gujarat (street address not visible on source),,,,https://dir.indiamart.com/surat/lab-grown-diamond.html,IndiaMART listing
Sky Exports,Lab-Grown Diamond,LGD wholesaler / merchant,Varachha (Mini Bazar),Mini Bazar Surat Gujarat (street address not visible on source),,,,https://www.justdial.com/jdmart/Surat/Sky-Exports-Lab-Grown-Diamonds-Mini-Bazar/0261PX261-X261-230601110942-M4Y5_BZDET/catalogue,JustDial listing
Vitrag Gems,Lab-Grown Diamond,LGD manufacturer,Surat,"Surat, Gujarat (street address not visible on source)",,,,https://www.indiamart.com/vitrag-gems/,IndiaMART listing
Vivir Diamonds & Jewelry,Lab-Grown Diamond,LGD manufacturer / jewelry,Varachha,Varachha Road Surat Gujarat (street address not visible on source),,,,https://dir.indiamart.com/surat/lab-grown-diamond.html,IndiaMART listing
Cassidix Media Works,Media/Video/Photo,Photography / videography / branding,Vesu (team in South Gujarat),"Surat (Vesu) / Anand, Gujarat",https://cassidixmediaworks.in/,,,https://www.zoominfo.com/pic/cassidix-media-works/510351633,ZoomInfo company profile
Fortune Photo Studio,Media/Video/Photo,Wedding photography & cinematography,Piplod,"Piplod, Surat",,,,https://www.bookeventz.com/photographer/surat/fortune-photo-studio,Bookeventz profile
Sanskruti,Media/Video/Photo,Video/music-video production,Surat,"Surat, Gujarat",https://sanskruti.ueniweb.com/,,,https://sanskruti.ueniweb.com/,Company website (UENI)
BizBuddy,Professional Services SME,Digital marketing agency,Adajan,"303, Shantinath Apartment, behind Gujarat Gas Company, Adajan, Surat 395009",,,bhavin@bizbuddy.co.in,https://www.brewmyidea.com/top-20-social-media-marketing-agencies-in-surat,Directory/blog listing
City Estate Management,Professional Services SME,Real estate agency,Surat,,,,,https://www.sulekha.com/real-estate-agents/surat,Directory (Sulekha)
Disytax Tax Consultant,Professional Services SME,Tax & GST consultant,Surat,,,,,https://disytax.com/tax-consultant-surat-gujarat/,Company website
Flyerdigi,Professional Services SME,Graphic design / digital studio,Yogi Chowk,"708, Pavitraa Point, Nr Savaliya Circle, Yogi Chowk Rd, Surat",https://www.flyerdigi.com/,9104799049,,https://www.flyerdigi.com/graphic-design-service.php,Company website
Joshi Apte & Associates,Professional Services SME,GST / income tax consultant,Surat,,https://www.joshiapteandassociates.com/,,,https://www.joshiapteandassociates.com/contactus.php,Company website
Oria Homes,Retail & Supermarket,Furniture & home retail,Surat,Surat (premium furniture store),https://www.theoriahomes.com,,,https://www.theoriahomes.com/pages/furniture-store-in-surat,Company website
Apex Engineers,Textile Manufacturing,Textile machinery (dyeing),Sachin GIDC,"Sachin Industrial Park, Flyover Ends Towards Hazira GIDC Sachin, Surat",https://www.justdial.com/Surat/Apex-Engineers-Sachin-Industrial-Park-Flyover-Ends-Towards-Hazira-Gidc-Sachin/0261PX261-X261-191128211453-P4X2_BZDET,,,https://www.justdial.com/Surat/Apex-Engineers-Sachin-Industrial-Park-Flyover-Ends-Towards-Hazira-Gidc-Sachin/0261PX261-X261-191128211453-P4X2_BZDET,JustDial
Soham Creation,Textile Trade & Design,Saree manufacturer/wholesaler,Umarwada / Ring Road,"Umarwada, Surat",,,,https://magicpin.in/Surat/Umarwada/Fashion/Soham-Creations/store/207357/reviews/,Business directory
V.S. Prints,Textile Trade & Design,Saree wholesaler,Ring Road,"Ring Road, Surat",,,,https://www.justdial.com/Surat/VS-Prints-Ring-Road/0261PX261-X261-131215190831-B2G2_BZDET,Business directory
Advance Diagnostic Laboratory,Wellness & Clinics SME,Diagnostic/pathology lab,Varachha,"102, Param Doctor House, Lal Darwaja Station Rd, Lal Darwaja, Varachha, Surat 395003",,,,https://www.mediyaar.com/surat/labs/advance-diagnostic-laboratory-varachha.html,Mediyaar
Fitmantra Diet & Weight Loss Clinic,Wellness & Clinics SME,Dietician/weight-loss clinic,City Light,"303, Unity Corner, Above Pantaloons, City Light Road, Surat 395007",https://www.fitmantra.com/,7069130102,,https://www.fitmantra.com/dietitians-team,Business website
My Dental Clinic & Implant Center,Wellness & Clinics SME,Dental clinic,City Light,"U-10, Shubhlaxmi Complex, Opposite Bank Of Baroda, Citylight Road, Surat 395007",,,,https://www.lybrate.com/surat/clinic/my-dental-clinic-and-implant-center-of-baroda-f879,Lybrate
NxtDent Dental Clinic,Wellness & Clinics SME,Dental clinic (pediatric/ortho),Adajan,"401, White Orchid, Near Shell Petrol Pump, Above People's Dine Restaurant, L P Savani Main Road, Adajan Gam, Surat 395009",https://nxtdent.com/,,,https://nxtdent.com/braces-treatment-surat.php,Business website
Shreeji Eye Hospital,Wellness & Clinics SME,Eye clinic,Majura Gate,"Majura Gate, Surat",,7383561543,,https://www.justdial.com/Surat/Ophthalmologists/nct-10343851,JustDial
Trevira Physiotherapy Clinic,Wellness & Clinics SME,Physiotherapy center,Rander Road / Nanavat,"10, Disney House Apartment, Opp Shetrunjay Tower, Beside Shalby Hospital, Rander Road, Surat 395009",https://trevira-physiotherapy-clinic.ueniweb.com/,9712081125,,https://trevira-physiotherapy-clinic.ueniweb.com/,Business website
Shreeji Printers,BPO/Logistics/Print,Printing Press,"Udhna, Surat","Shop No 6, Devchand Nagar, Opp Navjivan Motors, South Zone Office Road, Udhna, Surat - 394210",,,,https://www.justdial.com/Surat/Shreeji-Printers-Opposite-Navjivan-Motors-Udhna/0261PX261-X261-190206105149-T7J2_BZDET,JustDial
Dreamsdesign,IT & Software,Web design / development / digital marketing,Surat,"Surat, Gujarat",https://dreamsdesign.in/,,krishna@dreamsdesign.in,https://dreamsdesign.in/website-development-company/surat/,Company website (Surat page)
E Launch Solution Pvt. Ltd.,IT & Software,Web design / IT outsourcing / iOS dev,Surat,"Surat, Gujarat",https://elaunchinfotech.com/,,,https://www.indiamart.com/elaunch-infotech/,IndiaMART profile + LinkedIn
Live Shot Filmcity,Media/Video/Photo,Film city / shoot studio,Surat,"Surat, Gujarat",,,,https://surat.wedding.net/other/1593075/,Wedding.net listing
Movie Makers Digital Studio,Media/Video/Photo,Film/video production studio,Katargam Road,"Katargam Road, Surat 395004",,,,https://www.sulekha.com/movie-makers-digital-studio-katargam-road-surat-contact-address,Sulekha listing
The Feelings Photography,Media/Video/Photo,Wedding & pre-wedding photography,Surat,"Surat, Gujarat",https://thefeelingsphoto.com/,,,https://thefeelingsphoto.com/our-services/pre-wedding-photography/,Company website
TK Solanki Photography,Media/Video/Photo,Wedding photography,Adajan Patiya,"Adajan Patiya, Surat",https://tksolanki.com/,,,https://tksolanki.com/trusted-wedding-photographers-near-me-in-adajan-patiya-surat-2026-complete-guide/,Company website
Jayrup,Professional Services SME,Graphic design / branding studio,Salabutpura,"3/1774 Salabutpura, Khanghad Sheri, Hanuman Temple Street, Surat",https://www.jayrup.com/,02612325830,wecare@jayrup.com,https://www.jayrup.com/,Company website
Physio360,Wellness & Clinics SME,Physiotherapy center,Surat,Surat (address not in snippet),https://physio360.ueniweb.com/,8866842520,,https://physio360.ueniweb.com/,Business website
Rudra Eye Clinic,Wellness & Clinics SME,Eye clinic,Adajan,"403-404, Western Corridor, Char Rasta, Near BAPS Hospital, Jalaram Society, Adajan, Surat 395009",,,,https://www.hexahealth.com/surat/hospital/rudra-eye-clinic-adajan,HexaHealth
Akash Architects,Architecture & CAD/Engineering,Architecture firm,Athwa Gate / Nanpura,"B-408, Tirupati Plaza, B/H Collector Office, Athwa Gates, Nanpura, Surat 395001",https://www.indiamart.com/akash-architect/,,,https://www.indiamart.com/akash-architect/,IndiaMART profile
Era Interior Design,Architecture & CAD/Engineering,Interior design / 3D visualisation,Jahangirpura,"S25 Second Floor, Shree Nilkanth Business Hub, Causeway, Jahangirpura, Surat 395005",https://www.erainteriordesign.studio/,,,https://www.erainteriordesign.studio/,Company website
M-Square Planning & Designing,Architecture & CAD/Engineering,Architecture / Planning,Surat,"Surat, Gujarat",https://msquarearchitects.in/,,,https://www.facebook.com/people/M-Square-Planning-Designing/100063774766538/,Facebook page
Manish R. Negandhi (Structural Expert),Architecture & CAD/Engineering,Structural consultant,Vesu,"436, Avadh Arena, Near Syambaba Temple, VIP Road, Vesu, Surat 395007",,9712898001,negandhi_manish@gmail.com,https://www.suratmunicipal.gov.in/Content/Documents/rtiact/Disclosure/Town%20Development/TDO/StructuralExpert.pdf?ver=1943,Surat Municipal Corp. registered list
P.C. Bodiwala (Structural & Industrial Consultant),Architecture & CAD/Engineering,Structural consultant,Surat,"Surat, Gujarat",https://pcbodiwala.in/,,,https://pcbodiwala.in/,Company website
Vrukshagra Consulting Services,Architecture & CAD/Engineering,MEP consultant,Umara,"No. 38, S. K. Park, Umara Gam Road, Surat 395007",,,,https://vipulac.in/blog/best-mep-consultants-in-surat/,Industry blog listing
Atharva Diamond,Diamond & Bourse,Diamond manufacturer & global supplier,Varachha (Mini Bazar),"Central Bazar, Mini Bazar Cross Road, Varachha Road, Surat 395006",,,,https://www.justdial.com/Surat/Atharva-Diamond-Reliance-Digital-Varachha-Road/0261PX261-X261-240206150746-E8S6_BZDET,JustDial + search snippet
LIC Service Center (Ravindra Patil),Finance & Professional,Insurance / financial advisory,Surat,,https://licservicecenter.in/,+91-7016306447,ravipatil@licservicecenter.in,https://licservicecenter.in/,Company site
Cafe Beats Arena,Food & Hospitality SME,Cafe,Piplod,"Piplod, Surat",cafebeats_arena_piplod (IG),,,https://www.instagram.com/cafebeats_arena_piplod/,Instagram
Mummy Meals - Cloud Kitchen,Food & Hospitality SME,Cloud Kitchen (Home Food),Surat,"Surat, Gujarat (home-food cloud kitchen)",mummy.meals (IG),8320420213,,https://www.instagram.com/mummy.meals/,Instagram
Blue Chip Chemicals Pvt Ltd,GIDC Manufacturing,Dyes (Disperse),Pandesara,"Plot No. 251, I-328, GIDC Estate, Pandesara, Surat 394221, Gujarat",,,,https://surat-district.infoisinfo.co.in/search/chemical,Business directory
Keshav Engineering,GIDC Manufacturing,Engineering / Pharma Machinery & Pressure Vessels,GIDC Sachin,"Plot No. 5502, Road No. 5, Sachin GIDC, Surat 394230, Gujarat",https://www.keshavengineering.com/,,,https://www.keshavengineering.com/,Company website
LK Industries,GIDC Manufacturing,Auto Components / Sheet Metal,GIDC Sachin,"4310/4, GIDC, Sachin, Surat, Gujarat",,,,https://machinemanufacturer.in/surat/,Industry directory
Mangalam Intermediates,GIDC Manufacturing,Dyes & Dye Intermediates,GIDC Sachin,"Sachin GIDC, Surat, Gujarat",http://www.mangalamintermediates.co.in/,,,http://www.mangalamintermediates.co.in/,Company website
Orange Engineering,GIDC Manufacturing,Engineering / Textile Machinery,GIDC Sachin,"Sachin GIDC, Surat, Gujarat",https://orangeengineering.in/,,,https://orangeengineering.in/,Company website
Spectrum Dyes & Chemicals Pvt Ltd,GIDC Manufacturing,Dyes & Chemicals,Palsana / Pandesara,"Block No. 484, 502 & 503, NH No. 8, Palsana, Surat 394315, Gujarat",,,,https://www.exportersindia.com/spectrumdyes/,Business directory
Lions Eye Hospital,Healthcare,Charitable eye hospital,Adajan Road,"Lions Community Hall, Adajan Road, Morarji Desai Garden, Lalgi Nagar, Surat 395009",https://www.justdial.com/Surat/Lions-Eye-Hospital-Morarji-Desai-Garden-Lalgi-Nager-Adajan-Road/0261PX261-X261-160912184706-U4Q1_BZDET,,,https://www.medindia.net/directories/hospitals/lions-eye-hospital-surat-gujarat-96357.htm,Directory (JustDial/Medindia)
Love 'N' Care Hospital,Healthcare,Maternity / IVF / urology hospital,Surat,"Surat (maternity, endoscopy, IVF, urology; est 1990)",https://www.healcard.com/surat/hospitals/multi-speciality,,,https://www.healcard.com/surat/hospitals/multi-speciality,Directory (Healcard)
Sandy Resort,Hospitality & Real Estate,Resort,Near Surat,Near Surat,https://www.holidify.com/hotel-collections/resorts-near-surat,,,https://www.holidify.com/hotel-collections/resorts-near-surat,Travel guide
CoderKube Technologies,IT & Software,Mobile app / web / e-commerce,Surat,"Surat, India",https://coderkube.com/,,,https://www.goodfirms.co/directory/city/app-development/surat,GoodFirms directory listing
Lathiya Solutions,IT & Software,Website design & development,"Mota Varachha (Digital Valley), Surat","416, Angel Square, Behind Royal Square, Above Axis Bank, Uttran (Digital Valley), Surat 394105",https://lathiyasolutions.com/,+91 78785 35701,,https://lathiyasolutions.com/contact-us/,Company website (contact page)
Adityendra Solanki Photography,Media/Video/Photo,Wedding/portrait photography,Surat,"Surat, Gujarat",https://adityendrasolanki.com/,,,https://adityendrasolanki.com/contact/,Company website
Atmiya Memories,Media/Video/Photo,Wedding photography & cinematography,Adajan Gam,"Adajan Gam, Surat",,,,https://g3fashion.com/blog/surat/wedding-photographers-in-surat/,Listicle (G3 Fashion)
Bring It Online Media,Media/Video/Photo,Fashion/ecommerce/product photography,Surat (operations; Delhi reg.),Surat operations (reg. New Delhi),https://www.bringitonline.in/surat-product-photography-model-photoshoot.html,,,https://www.bringitonline.in/surat-product-photography-model-photoshoot.html,Company website
Wedding Bell,Media/Video/Photo,Wedding photography & cinematography,Pal / Adajan,"Shiven Square, Pal, Adajan, Surat",,,,https://surat.wedding.net/album/6052349/,Wedding.net profile
Cincos Placement Services,Professional Services SME,Recruitment / placement agency,Adajan,"Office M7/M8, 2nd Floor, Raj Corner, Near L.P. Savani School, Near Sai-heights, Adajan, Surat 395010",,,,https://www.placementindia.com/placement-resources/surat-manpower-services.htm,Directory (PlacementIndia)
Deepak L Shah Advocate,Professional Services SME,Advocate (civil/family),Varachha,"A/309, Yesh Plaza, Varachha Main Rd, Ramdarshan Society, Varachha, Surat 395006",,9898251000,,https://lawrato.com/lawyers/surat,Directory (LawRato)
Vatsalya Holidays Services,Professional Services SME,Travel agency / tour operator,Adajan,"110, Sai Square Complex, Honey Park Road, Adajan Road, Surat 395009",,,,https://www.tourtravelworld.com/travel-agents/vatsalya-holidays-services-in-surat-28525/contact.htm,Directory (TourTravelWorld)
Gujarat Mobile Shop,Retail & Supermarket,Mobile retail chain,Surat,Surat (multi-brand mobile retailer),,,,https://www.indiamart.com/company/51311221/,IndiaMART company page
Jalaram Furniture Mall,Retail & Supermarket,Furniture & home retail,Surat,Surat (large furniture store),,,,https://threebestrated.in/furniture-stores-in-surat-gj,threebestrated listing
Kiran Dyed Yarn,Textile Manufacturing,Yarn (dyed/polyester dyed),Surat,"Surat, Gujarat (polyester dyed yarn)",https://www.kirandyedyarn.com/,,,https://www.kirandyedyarn.com/,Company website
Majisa Fabtex,Textile Manufacturing,Embroidery (Schiffli),Surat,"Surat, Gujarat",https://www.majisafabtex.com/,,,https://www.majisafabtex.com/,Company website
Schiffli.in,Textile Manufacturing,Embroidery (Schiffli),Surat,"Surat, Gujarat (Swiss shuttle embroidery machines)",https://schiffli.in/,,,https://schiffli.in/,Company website
Vishwakarma Engineering Works,Textile Manufacturing,Textile machinery (calendering/embossing),Bhestan,"Plot No. B/1/73-74, Bhagwati Industrial Estate, Near Navin Flourine, Bhestan, Surat 395023",https://www.vishwakarmaengineeringwork.com/,,,https://www.vishwakarmaengineeringwork.com/,Company website
AK Fitness Studio (Ladies),Wellness & Clinics SME,Gym/fitness studio (ladies),Adajan,"2nd Floor, Keshav Arcade, Opposite Prime Arcade, Anand Mahal Road, Adajan, Surat 395009",,,,https://www.justdial.com/Surat/Ak-Fitness-Studio-Only-Ladies-Opposite-Prime-Arcade-Adajan-Dn/0261PX261-X261-130803131924-Q8R1_BZDET,JustDial
Blue Ocean Spa & Beauty,Wellness & Clinics SME,Spa/massage center,Vesu / City Light,"Shop 105-106, Western Business Park, University Road, Vesu, Surat (also UG 14-15 Corner Point, City Light Rd)",,,,https://www.clickedindia.net/c8bcjhqnui/blue-ocean-spa-and-beauty-surat.html,Clickedindia
Choksi Skin & Hair Clinic,Wellness & Clinics SME,Skin/derma clinic,Ghod Dod Road,"F1-2, Laxmi Vilas, Beside Kotak House, Ghod Dod Road, Athwalines, Surat",,,,https://www.lybrate.com/surat/clinic/abhinav-bimal-choksi-s-clinic-surat,Lybrate
Dr. Galani's Skin Hair & Dental Clinic,Wellness & Clinics SME,Dental + skin clinic,Varachha,"Shop No. 212, Dipkamal Shopping And Doctor House, Varachha Road, Surat 395006",,,,https://www.sulekha.com/dr-galani-s-skin-hair-dental-clinic-varachha-road-surat-contact-address,Sulekha
"Grace Skin, Hair Transplant & Laser Clinic",Wellness & Clinics SME,Skin/hair transplant clinic,Vesu,"303-304, 3rd Floor, Rajmandir Plaza, Opp HDFC Bank, Near Dhiraj Sons & Pawan Hospital, Vesu Canal Road, Vesu, Surat",,,,https://www.practo.com/surat/clinics/skin-clinics,Practo
Reshape Slimming Wellness & Diet Center,Wellness & Clinics SME,Dietician/weight-loss center,Bhatar / Ghod Dod,"Shop No-32 Rajhans Olympia, Bhatar Rd, Surat 395007",https://www.reshapeslimming.com/,7284825055,,https://www.lybrate.com/surat/clinic/reshape-slimming-wellness-diet-center-vesu,Lybrate
Royal Pathology Lab,Wellness & Clinics SME,Diagnostic/pathology lab,Adajan Patiya,"313, 3rd Floor, Sangini Magnus, Rushabh Char Rasta, Suryapur Society, Adajan Patiya, Surat 395009",,,,https://www.mediyaar.com/surat/labs/royal-pathology-lab-adajan-patiya.html,Mediyaar
R.R. Dental n Maxillofacial Clinic,Healthcare,Multispeciality dental clinic,Nanpura,"22 Ground Floor, Man-Mandir Apartment, Nanpura, Surat",https://rrmaxfacdentalclinic.com/,,,https://rrmaxfacdentalclinic.com/about/,Dental clinic website
DigiRivera,IT & Software,Digital marketing / SEO agency,"Mota Varachha, Surat","102, Anupam Square, Mahadev Chowk, Near Dharm Nandan Society, Mota Varachha, Surat",https://digirivera.com/,+91 94296 36561,info@digirivera.com,https://digirivera.com/,Company website + Facebook
Design Point,Media/Video/Photo,Videography / wedding films,Varachha Road,"Varachha Road, Surat",,,,https://dir.indiamart.com/surat/videography-services.html,IndiaMART directory
PhotoGigs Studio,Media/Video/Photo,Wedding/event photography studio,Vesu,"Shivalik Heights, Vesu, Surat",,,,https://g3fashion.com/blog/surat/wedding-photographers-in-surat/,Listicle (G3 Fashion)
Pixocity Filmcity,Media/Video/Photo,Film city / shoot studio,Surat,"Surat, Gujarat",https://www.instagram.com/pixocity_official/,,,https://www.instagram.com/pixocity_official/?hl=en,Instagram (official)
Snapito Rental,Media/Video/Photo,Photo/video studio & equipment rental,Vesu,"Vesu, Surat (Snapito group)",https://snapitorental.com/,,,https://snapitorental.com/contact/,Company website
Advocate Amit Shah,Professional Services SME,Advocate (property/civil),Nanpura,"4, Vinayak Ground Floor, Rang Darshan Apartment, Darji Street, Near Nanpura Post Office, Nanpura, Surat 395001",,9898003490,,https://lawrato.com/lawyers/surat,Directory (LawRato)
Dobariya & Co,Professional Services SME,Advocate / tax consultant,Varachha,"Varachha Road, Surat",,,,https://lawrato.com/lawyers/surat,Directory (LawRato)
Royal Services,Professional Services SME,HR / placement agency,Delhi Gate,"126, 1st Floor, Meghani Tower, Delhi Gate, Surat 395003",,,,https://n10.in/placement-agency-in-surat/,Directory/blog listing
Trip Planner Holidays,Professional Services SME,Visa consultant / travel,Ghod Dod Road,"Office 4-5-6 Bhavik Complex, Near Panjrapol, Ghod Dod Road, Surat",,9898455151,,https://www.facebook.com/tripplanner.surat/videos/usa-visa-approved-in-a-single-visitcontact-now-91-98984-55151%EF%B8%8Faddress-office-4-5/2833722693611047/,Facebook (business)
Darpan Physiotherapy & Fitness Center,Wellness & Clinics SME,Physiotherapy center,Adajan,"Adajan Dn, Surat",,,,https://www.practo.com/surat/clinic/darpan-physiotherapy-fitness-center-adajan-dn,Practo
Dr. Jadvani's The Cosmetic & Dental Clinic,Wellness & Clinics SME,Dental clinic,Mota Varachha,"G-7, Pali Hill Residency, Nr. CNG Pump, Sudama Chowk, Mota Varachha, Surat",,,,https://www.practo.com/surat/cosmetic-aesthetic-dentist,Practo
Physio Cure,Wellness & Clinics SME,Physiotherapy center,Vesu,"G-12, Ground Floor, Someshwara Square, Canal Road, Opp Aagam Heritage Bungalows, Vesu, Surat",,,,https://www.practo.com/surat/clinic/physio-cure-vesu-1,Practo
Vani Skin Care,Wellness & Clinics SME,Skin/derma clinic,Sagrampura / Majura Gate,"No. 206-209, Tirupati Chambers, Hanuman Sheri, Sagrampura, Ring Road, Surat",,,,https://www.lybrate.com/surat/clinic/vani-skin-care-majura-gate,Lybrate
AAKAR Architects & Associates,Architecture & CAD/Engineering,Architecture firm,Surat,"Surat, Gujarat",https://www.facebook.com/aakararchitectsandassociates/,,,https://www.facebook.com/aakararchitectsandassociates/,Facebook page
Aura Interior Studio,Architecture & CAD/Engineering,Interior design studio,Vesu,"No. 405, Four Point, VIP Road, Vesu, Surat 395001",,8141424574,aura04studio@gmail.com,https://www.sulekha.com/aura-interior-studio-vesu-surat-contact-address,Sulekha listing
INK inc,Architecture & CAD/Engineering,Interior / Architecture firm,Surat,"Surat, Gujarat",https://www.facebook.com/INKinccorp/,9825134039,,https://www.facebook.com/INKinccorp/,Facebook page
Likha Design Studio,Architecture & CAD/Engineering,Interior / Architecture studio,Adajan,"Adajan Dn, Surat, Gujarat 395009",https://kreatecube.com/profile/likha-design-studio,,,https://kreatecube.com/profile/likha-design-studio,KreateCube profile
Ankit Gems,Diamond & Bourse,Diamond exporter,Katargam (Gotalawadi),"Plot 315, Patel Faliya, Gotalawadi, Katargam, Surat 395004",,,,https://www.justdial.com/Surat/Ankit-Gems-Plot-No-315-Patel-Faliya-Gotalawadi-Katargam/0261PX261-X261-140702144542-E7Y1_BZDET,JustDial + search snippet
AP Gems,Diamond & Bourse,Diamond manufacturer,Mahidharpura,"102 Veer Ashish Building, Thobha Sheri, Mahidharpura, Surat 395003",,,,https://www.justdial.com/Surat/AP-GEMS-Mahidharpura/0261PX261-X261-170121213859-E8R8_BZDET,JustDial + search snippet
Jogigems Diamond Supplier,Diamond & Bourse,Diamond manufacturer & merchant,Varachha (Mini Bazar),"608 Rajhans Heights, Choksi Bazar, Mini Bazar, Varachha Road, Surat 395006",,,,https://www.justdial.com/Surat/Jogigems-Diamond-Supplier-Varachha-Road/0261PX261-X261-180228143600-J5W5_BZDET,JustDial + search snippet
OM Diamond,Diamond & Bourse,Diamond manufacturer (fancy cuts),Varachha (Mini Bazar),"510 Rajhans Heights, Mini Bazar, Behind M.D. Tower, Varachha Road, Surat 395006",,,,https://www.justdial.com/jdmart/Surat/OM-Diamond-Behind-MD-Tower-Varachha-Road/0261P2621-2621-110201150720-W4K4_BZDET/catalogue,JustDial + search snippet
R Rajesh Exports,Diamond & Bourse,Diamond exporter,Katargam,"303 Nandu Doshi Ni Wadi, Opp Bus Stop, Katargam, Surat 395004",,,,https://www.justdial.com/Surat/R-Rajesh-Exports-Opposite-Bstation-Lane-Katargam/0261PX261-X261-140712112547-F9Y8_BZDET,JustDial + search snippet
Shree Krishna Exports,Diamond & Bourse,Diamond exporter,Katargam (Gotalawadi),"Nishal Faliya, Gotalawadi, Katargam, Surat 395004",,,,https://www.justdial.com/Surat/Shree-Krishna-Exports-Katargam/0261PX261-X261-140714122915-H3M2_BZDET,JustDial + search snippet
Surat Khaman House,Food & Hospitality SME,Farsan / Khaman,Gopipura,"Near Subhash Chowk, Gopipura, Surat",suratkhamanhouse (FB),,,https://www.facebook.com/suratkhamanhouse/,Facebook/JustDial
The Cakesmith,Food & Hospitality SME,Cake Shop / Home Bakers,Surat,"Surat (designer cakes, home delivery)",thecakesmithsurat (IG),,,https://www.instagram.com/thecakesmithsurat/,Instagram
Akash (Aakash) Plastopack Pvt Ltd,GIDC Manufacturing,Plastics / Flexible Packaging Film,GIDC Sachin,"Plot No 1 141/142, Road No ID-1, GIDC Sachin, Surat 394230, Gujarat",,,,https://www.indiamart.com/aakash-plastopack-private-limted/,IndiaMART
Krishna Dye Chem,GIDC Manufacturing,Dyes / Textile Auxiliaries,Pandesara,"28/C, Lalakunj Estate, Near Rachana Dyeing Mill, Pandesara GIDC, Surat 394221, Gujarat",https://www.krishnadyechem.in/,,,https://www.krishnadyechem.in/contact.html,Company website
Balaji Infosol,IT & Software,Software development / IT services,Surat,"Surat, Gujarat",http://sbitindia.co.in/,,,https://www.goodfirms.co/directory/city/app-development/surat,GoodFirms directory listing
Dhyanvi Technologies,IT & Software,Website design / SEO,"Lal Darwaja (Railway Station), Surat","1106B, 11th Floor, Excellent Business Hub, Lal Darwaja Road, Near Railway Station, Surat 395003",https://dhyanvi.com/,,,https://dhyanvi.com/contact/,Company website (contact page)
Cheers Events,Media/Video/Photo,Wedding production / event media,Piplod / City Light,"306, Union Heights, Rahulraj Mall Lane, Piplod, City Light, Surat 395007",,,,https://surat.wedding.net/other/1593075/,Wedding.net / directory
Image Photo Studio,Media/Video/Photo,Photography studio,Vesu,"Opposite Aagam Orchid, Near Nandini 2, Vesu, Surat",,,,https://www.justdial.com/Surat/Image-Photo-Studio-Opposite-Aagam-Orchid-Near-Nandini-2-Vesu/0261PX261-X261-220512162730-B5I3_BZDET,JustDial listing
Mitra Production,Media/Video/Photo,Ecommerce/video production,Godadara,"Near Capital Square, Parvat Gam, Godadara, Surat",,,,https://www.justdial.com/Surat/Mitra-Production-Near-Capital-SquareParvat-Gam-Godadara/0261PX261-X261-230309203324-I3M2_BZDET,JustDial listing
Sai Mandir Film Production,Media/Video/Photo,Film/video production,Adajan,"Adajan, Surat 395009",,,,https://www.sulekha.com/sai-mandir-film-production-surat-adajan-surat-contact-address,Sulekha listing
Adroit Immigration Services Pvt Ltd,Professional Services SME,Immigration consultant,Nanpura,"Ground Floor, Ahura Mazda, Nr Jivan Shaili Clinic, Nanpura, Surat 395001",,,,https://dir.indiamart.com/surat/immigration-service.html,Directory (IndiaMART)
Happy Events,Professional Services SME,Event & wedding planner,Surat,,https://happyeventsurat.com/,9714779996,,https://happyeventsurat.com/,Company website
MAK Fabrics,Textile Manufacturing,Embroidery (Schiffli),Surat,"Surat, Gujarat",https://www.makfabrics.in/schiffli-embroidered-fabric.html,,,https://www.makfabrics.in/schiffli-embroidered-fabric.html,Company website
Seeboo Tex Faab,Textile Manufacturing,Embroidery (Schiffli),Surat,"Surat, Gujarat",https://www.seebootexfaab.in/schiffli-work-fabric.html,,,https://www.seebootexfaab.in/schiffli-work-fabric.html,Company website
K.P. Fitness Gym,Wellness & Clinics SME,Gym/fitness center,Adajan,"Adajan Dn, Surat",,,,https://fitmasto.com/en/k-p-fitness-gym-in-adajan-dn-surat/gym556,Fitmasto
Siddharth Hair Transplant Centre,Wellness & Clinics SME,Hair transplant/cosmetic clinic,Surat,Surat (address not in snippet),https://siddharthhairtransplant.com/,,,https://siddharthhairtransplant.com/,Business website
Aurora ENT & Dental Clinic,Healthcare,ENT + dental clinic,Surat,Surat (ENT + dental under one roof),https://www.auoraentdental.com/,,,https://www.auoraentdental.com/,Clinic website
Vatsalya Maternity & Children Hospital,Healthcare,Maternity & children hospital,Bhedvad,"Bhedvad, Surat",https://www.medindia.net/directories/hospitals/vatsalya-maternity-children-hospital-surat-gujarat-28175.htm,,,https://www.medindia.net/directories/hospitals/vatsalya-maternity-children-hospital-surat-gujarat-28175.htm,Directory (Medindia)
AONE SEO Service,IT & Software,Digital marketing / SEO agency,Surat,"Surat, Gujarat",https://www.aoneseoservice.com/,,,https://www.aoneseoservice.com/digital-marketing-agency-in-surat.html,Company website
Trisha Films Surat,Media/Video/Photo,Video production,Surat,"Surat, Gujarat",,,,https://www.justdial.com/Surat/Video-Production-Services/nct-10521425,JustDial listing
Devanshi Property Consultant,Professional Services SME,Real estate consultant,Adajan,"Shop No 20, Samrat Campus, Pal Road, Adajan Dn, Surat 395009 (Near L P Savani School)",,,,https://www.justdial.com/Surat/Devanshi-Estate-Agency-Near-L-P-Sawani-School-Adajan-Road/0261P261STDF000805_BZDET,Directory (JustDial)
Metropolis Event,Professional Services SME,Event management,New City Light,"Om Terrace, New City Light Road, Surat",,,,https://www.justdial.com/Surat/Event-Management-Companies-For-Corporate/nct-10552202,Directory (JustDial)
SR India Communication,Professional Services SME,Event & exhibition management,Surat,"15, Mani Nagar, A.K. Road, Surat",,,,https://www.sulekha.com/corporate-event-management-companies/surat,Directory (Sulekha)
Umesh A Patil Advocate,Professional Services SME,Advocate (civil),Udhana,"C-301, Navagam Dindoli Road, 2nd Floor, Opp Navagam Bus Stop, Ramayan Park, Jamuna Park Society, Udhana, Surat 395001",,9925458897,,https://lawrato.com/lawyers/surat,Directory (LawRato)
7 Unisex Salon,Wellness & Clinics SME,Salon (unisex),Adajan,"4, Surya Darshan Apartment, Opposite Bhulka Bhavan Market, Anand Mahal Road, Adajan Road, Surat 395009",,,,https://www.justdial.com/Surat/7-Unisex-Salon-Opposite-Bhulka-Bhavan-Market-Adajan-Road/0261PX261-X261-131113120443-M6E6_BZDET,JustDial
Alpine Physio & Fitness,Wellness & Clinics SME,Physiotherapy center,Rander/Adajan,"#313, Satyam Shopping Complex, Talwadi, Rander, Adajan Dn, Surat",,,,https://www.practo.com/surat/physiotherapist,Practo
Black Beauty Spa,Wellness & Clinics SME,Spa/massage center,Vesu,"Vesu, Surat",,9662268377,,https://www.helloindia.co/Surat/Black-Beauty-Spa/Vesu,HelloIndia
Gruham Solutions (Gruham Design Studio),Architecture & CAD/Engineering,Architecture / Design studio,Sarthana,"39, Ashirwad Park Society, B/H Subhash Nagar Society, Sarthana, Jakatnaka, Surat 395006",https://www.houzz.in/professionals/architects-and-building-designers/gruham-design-studio-pfvwin-pf~1203033188,,,https://www.houzz.in/professionals/architects-and-building-designers/gruham-design-studio-pfvwin-pf~1203033188,Houzz profile
Naksh Gruham Design Studio,Architecture & CAD/Engineering,Interior design studio,Surat,"Surat, Gujarat",https://nakshgruhamdesignstudio.in/,,,https://nakshgruhamdesignstudio.in/,Company website
Square Studio Designs,Architecture & CAD/Engineering,Design studio,Katargam,"555, Laxmi Enclave 2, Opp Gajera School, Katargam, Surat",,9998803717,,https://www.facebook.com/squarestudio.india/,Facebook page
Govinda Diamond,Diamond & Bourse,Diamond manufacturer (polished + LGD jewellery),Mahidharpura,"Mahidharpura, Surat 395003",,,,https://www.justdial.com/Surat/Govinda-Diamond-Mahidharpura/0261PX261-X261-171212071326-D5U5_BZDET,JustDial + search snippet
Harekrishna Jems,Diamond & Bourse,Diamond exporter,Katargam,"C 3753 Nandu Doshni Wadi, Vasta Devdi Road, Opp Torrent Power Station, Katargam, Surat 395004",,,,https://www.justdial.com/Surat/Harekrishna-Jems-Opposite-Torrent-Power-Station-Katargam/0261PX261-X261-110819124631-B8G7_BZDET,JustDial + search snippet
Jewel Star,Diamond & Bourse,Diamond exporter,Katargam (Old GIDC),"Opp RJD Business Hub, Old GIDC, Katargam, Surat 395004",,,,https://www.justdial.com/Surat/Jewel-Star-Opposite-RJD-Business-Hub-Old-GIDC-Katargam/0261PX261-X261-110819172526-Z6G3_BZDET,JustDial + search snippet
Kiran Exports,Diamond & Bourse,Diamond exporter,Katargam,"Bhavani Circle, Katargam, Surat 395004",,,,https://www.justdial.com/Surat/Kiran-Exports-Bhavani-Circle-Katargam/0261PX261-X261-190923115018-E2V8_BZDET,JustDial + search snippet
P Hitesh & Co,Diamond & Bourse,Diamond manufacturer & exporter,Mahidharpura,"Mahidharpura, Surat 395003",,,,https://www.justdial.com/jdmart/Surat/P-Hitesh-Company-Mahidharpura/0261PX261-X261-110211184859-N5U4_BZDET/catalogue,JustDial + search snippet
Palak Designer Diamond Jewellery,Diamond & Bourse,Diamond jewellery manufacturer,Mahidharpura,"201 Santok Diamond Building, Hat Faliya, Mahidharpura, Surat 395003",,,,https://www.justdial.com/Surat/Palak-Designer-Diamond-Jewellery-Hat-Faliya-Mahidharpura/0261PX261-X261-130606150709-M1C2_BZDET,JustDial + search snippet
Patisserie Cakeshop,Food & Hospitality SME,Cake Shop / Patisserie,Surat,Surat (patisserie),patisserie_cakeshop (IG),,,https://www.instagram.com/patisserie_cakeshop/,Instagram
Metal Fab Engineers,GIDC Manufacturing,Engineering / Heat Exchangers & Pressure Vessels,GIDC Sachin,"GIDC Sachin, Surat, Gujarat",,,,https://www.justdial.com/jdmart/Surat/Metal-Fab-Engineers-GIDC-Sachin/0261PX261-X261-160523105246-Z7Q2_BZDET/catalogue,JustDial
R P Plastic Industries,GIDC Manufacturing,Plastics / Reprocessed Granules,GIDC Sachin,"Plot No. 938, Road No. 6, Sachin GIDC, Surat 394230, Gujarat",https://www.rpplasticind.com/,+91 8140 888110,info@rpplasticind.com,https://www.rpplasticind.com/contact,Company website
Suman Chemical Industries,GIDC Manufacturing,Specialty / Construction & Paper Chemicals,GIDC Sachin,"Plot No. C-1-B-461, Road No. 82/4, GIDC Sachin, Surat 394230, Gujarat",https://sumanchem.in/,,,https://sumanchem.in/about/,Company website
Tirth Sales,GIDC Manufacturing,Engineering / Investment Castings,GIDC Sachin,"Plot No. 7312/1, Road No. 7, GIDC Sachin, Surat 394230, Gujarat",https://www.tirthsales.com/,,,https://www.tirthsales.com/,Company website
Tribhuvan Polymers Pvt Ltd,GIDC Manufacturing,Plastics / PP Bags,Palsana,"Block No. 63, Near NH-8, Village Makhinga, Taluka Palsana, Surat, Gujarat",,,,https://www.indiamart.com/tribhuvan-polymers-private-limited/aboutus.html,IndiaMART
Uni Tech Valves & Pneumatics,GIDC Manufacturing,Engineering / Valves & Flow Meters,GIDC Sachin,"Plot No 6234, Road No 62, Sachin GIDC, Surat, Gujarat",https://www.unitechvalvesindia.com/,,,https://www.indiamart.com/jdfdsales/,IndiaMART / company
Dreamztech / WAMA Technology (Surat),IT & Software,Mobile app development,Surat,"Surat, Gujarat (also Mumbai)",https://www.wamatechnology.com/,,,https://www.wamatechnology.com/contact-page/,Company website (contact page)
Blue Sky Holidays,Professional Services SME,Travel agency,Vesu,"UG-148, Marvella Corridor, V.I.P Road, Vesu, Surat (est 2016)",,,,https://www.justdial.com/Surat/Tour-Operators/nct-10488628,Directory (JustDial)
Capital Real Estate & Land Broker,Professional Services SME,Real estate / land broker,Surat,,,7490856903,,https://www.justdial.com/Surat/Real-Estate-Agents/nct-10192623,Directory (JustDial)
Kshetrapal Tours & Travels,Professional Services SME,Travel agency,Adajan,"F-13, 1st Floor, Heta Complex, Main Road, near LP Savani Circle, Adajan, Surat",,,,https://www.tourtravelworld.com/travel-agents/india/adajan-surat_tour-operator.htm,Directory (TourTravelWorld)
Ravindra Patil LIC Agent,Professional Services SME,Insurance advisor (LIC),Surat,"LIC Branch 2863, Surat",,7016306447,ravipatil@licservicecenter.in,https://licservicecenter.in/,Company website
Mayfab (Maya Fab),Textile Manufacturing,Embroidery (Schiffli),Surat,"Surat, Gujarat",https://www.indiamart.com/mayafab-surat/schiffli-fabric.html,,,https://www.indiamart.com/mayafab-surat/schiffli-fabric.html,IndiaMART
Malay Dance & Zumba Fitness Studio,Wellness & Clinics SME,Fitness/dance studio,Adajan,"U-85, C Wing Shreeji Arcade, Anand Mahal Rd, Adajan, Surat 395009",,,,https://www.yogapositions.co.in/yp/india/gujarat/surat-district/surat/malay-dance-zumba-fitness-studio-dance-school-in-surat-gujarat/,Yogapositions
Riyaz's Unisex Salon,Wellness & Clinics SME,Salon (unisex),Adajan,"Marvella Business Hub, Hazira Road, Adajan, Surat 395009 (Opp New RTO)",,,,https://www.justdial.com/Surat/Riyazs-Unisex-Salon-Near-Sneh-Sankul-Wadi-Anand-Mahal-Road/0261PX261-X261-170928184837-R6V1_BZDET,JustDial
Zahra Unisex Salon,Wellness & Clinics SME,Salon (unisex),Adajan,"Shop No. 12-13, Western Arena, Near Madhuvan Circle, Green City Road, Adajan, Surat 395009",,,,https://www.justdial.com/Surat/Zahra-Unisex-Salon-Near-Madhuvan-Circle-Adajan-Dn/0261PX261-X261-171225022646-D2F1_BZDET,JustDial
Creative Eventwala,Professional Services SME,Event management,Surat,,https://creative-eventwala.ueniweb.com/,9727698505,,https://creative-eventwala.ueniweb.com/,Company website
Cocohead Unisex Salon,Wellness & Clinics SME,Salon (unisex),Adajan Gam (Pal),"Pal Adajan, Adajan Gam, Surat",,,,https://magicpin.in/Surat/Adajan-Gam/Beauty/Cocohead-Unisex-Salon-Pal-Adajan/store/160c669/,magicpin
Newme Unisex Salon,Wellness & Clinics SME,Salon (unisex),Adajan,"Shop UG-45, Raj Corner, L P Savani Road, Adajan Road, Surat 395009 (Near J K Petrol Pump)",,,,https://www.justdial.com/Surat/Newme-Unisex-Salon-Near-J-K-Petrol-Pump-Adajan-Road/0261PX261-X261-201028103610-V2Z1_BZDET,JustDial
DEV Export,Diamond & Bourse,Diamond exporter,Katargam,"Nandu Doshi Ni Wadi, Katargam, Surat 395004",,,,https://www.justdial.com/Surat/DEV-Export-Nandu-Doshi-Ni-Wadi-Katargam/0261PX261-X261-140702172743-H4C3_BZDET,JustDial + search snippet
Vishal Exports,Diamond & Bourse,Diamond manufacturer & exporter,Katargam,"Katargam, Surat 395004",,,,https://www.justdial.com/Surat/Vishal-Exports-Katargam/0261PX261-X261-140726032149-J1Z3_BZDET,JustDial + search snippet
Govardhan Packaging,GIDC Manufacturing,Packaging / Corrugated Boxes,GIDC Sachin,"Plot No 7306/5, Road No 73-A, GIDC Sachin, Surat 394520, Gujarat",,,,https://www.justdial.com/jdmart/Surat/Govardhan-Packaging-Near-Khodiyar-Complex-Sachin-GIDC/0261PX261-X261-171115190011-P1U6_BZDET/catalogue,JustDial
Shree Sidhdhanath Industries,GIDC Manufacturing,Chemicals,GIDC Sachin,"GIDC Sachin area, Surat, Gujarat",https://ssichem.com/,,,https://ssichem.com/,Company website
StepTune Dance Academy,Wellness & Clinics SME,Fitness/dance studio,Adajan,"214, Second Floor, Western Business Hub, Adajan Road, Surat",,,,https://www.urbanpro.com/surat/steptune-dance-academy-adajan-road/8935128,UrbanPro
JAY Sliv Chemicals,GIDC Manufacturing,Chemicals,GIDC Sachin,"GIDC Sachin, Surat, Gujarat",,,,https://www.justdial.com/Surat/JAY-Sliv-Chemicals-Gidc-Sachin-Sachin/0261PX261-X261-110104165508-T6W9_BZDET,JustDial
Khushi Dye Chem Pvt Ltd,GIDC Manufacturing,Dyes / Textile Chemicals,Pandesara,"Opp Dada Associate Dyeing, Pandesara, Surat 394221, Gujarat",,,,https://www.justdial.com/Surat/Khushi-Dye-Chem-Pvt-Ltd-Opp-Dada-Associate-Dyeing-Pandesara/0261PX261-X261-131114111702-H3Y5_BZDET,JustDial
Lily Packers Pvt Ltd,GIDC Manufacturing,Packaging / Corrugated Boxes,GIDC Sachin,"Sachin GIDC, Surat, Gujarat",,,,https://www.justdial.com/Surat/Lily-Packers-Pvt-Ltd-Sachin-Gidc/0261PX261-X261-140419173541-J7Q6_BZDET,JustDial
Sachin Industries (Corrugated),GIDC Manufacturing,Packaging / Corrugated Boxes,GIDC Sachin,"Plot No. 5509, Road No. 55, GIDC Sachin, Surat 394520, Gujarat",,,,https://www.justdial.com/jdmart/Surat/Sachin-Industries-Sachin-GIDC/0261PX261-X261-140418075623-Q1B2_BZDET/catalogue,JustDial
Sambhav Plastics,GIDC Manufacturing,Plastics / Polymers,GIDC Sachin,"Road No. 43/C, 4310/2, GIDC Sachin, Surat 394230, Gujarat",,,,https://dir.indiamart.com/surat/plastic-polymers.html,IndiaMART
Shree Stone Industries,GIDC Manufacturing,Natural Stone Processing,Kim / Kosamba,"Kim, Kosamba, Surat, Gujarat",,,,https://www.indiamart.com/shree-stone-industries/aboutus.html,IndiaMART
Surat LIC Agent (Gopipura),Professional Services SME,Insurance agent (LIC),Gopipura,"Bavasidi Street, Gopipura, Surat",,8401138597,,https://dir.indiamart.com/surat/lic-agent.html,Directory (IndiaMART)
Surat Real Estate Broker (JD listing),Professional Services SME,Real estate broker,Surat,,,9925449744,,https://www.justdial.com/Surat/Real-Estate-Agents/nct-10192623,Directory (JustDial)
Shree Ganpati Dye Chem,GIDC Manufacturing,Dyes / Chemicals,Pandesara,"557, GIDC Pandesara, Surat 394221, Gujarat",,,,https://in.kompass.com/c/shree-ganpati-dye-chem/in772483/,Kompass directory
