lead_id,priority_tier,lead_score,company_name,category,sub_category,area,phone,email,website,hardware_need,buying_trigger,expansion_signal,contact_approach,verification_status,address,source_type,source_url,size_hint,notes
L0001,A,97,Kira Diam,Lab-Grown Diamond,CVD diamond grower / exporter,Khajod (Surat Diamond Bourse) / Magob,+91 261 691 4500,infosurat@kiradiam.com,https://kiradiam.com/,GPU workstations for planning/grading; large reactor-control PC fleet; data-center rack servers + storage; large-scale CCTV + access control; core/distribution switches + Wi-Fi; AMC,World's largest CVD grower; expanded 2600 to 4000 reactors recently; CEO Mehul Vaghani,"Expanded to 4000 reactors (2026), 75MW solar scaling to 150MW, 250k polished carats/month",Owner/Director or IT Manager (CEO Mehul Vaghani),Contact found,A-1201 Surat Diamond Bourse Block 117 Dream City Khajod Surat 395007; also Plot 1 Block 26 FP-39 Opp Ashirwad Textile Market Magob 395010,Company website,https://kiradiam.com/contact-us/,"Very large - 4000+ reactors, 1M sq ft, 250000 carats/month",GJEPC-reported expansion to 4000 reactors; flagship enterprise account
L0002,A,95,"ArcelorMittal Nippon Steel India (AM/NS, ex-Essar Steel) Hazira",GIDC Manufacturing,Steel / Process Plant,Hazira,,,https://www.amns.in/,ERP/SAP servers + storage; large desktop fleet; industrial/rugged PCs; very large-area CCTV; enterprise networking + Wi-Fi; biometric access; AMC,Integrated steel plant; ongoing capacity expansion plans at Hazira,Major steel producer; large brownfield expansion plans,IT Manager / Plant Head / Purchase,Existence-verified (contact pending),"27 km, Surat-Hazira Road, Hazira, Surat 394270, Gujarat",Company website,https://www.amns.in/contact-us,Very Large (integrated steel plant),Flat/long steel; acquired by ArcelorMittal-Nippon 2019
L0003,A,95,Larsen & Toubro (A.M. Naik Heavy Engineering Complex),GIDC Manufacturing,Heavy Engineering / Process Plant Equipment,Hazira,+91 261 2203252,ltshf.sales@larsentoubro.com,https://www.larsentoubro.com/heavy-engineering/,ERP/SAP servers + storage; large engineering workstation fleet; industrial/rugged PCs; very large-area CCTV; enterprise networking + Wi-Fi; biometric access; AMC,Critical large-sized ultra-heavy equipment for process plant & nuclear sectors; ongoing orders,Major manufacturing complex; defence/nuclear/process plant focus,IT Manager / Plant Head / Purchase,Contact found,"Gate No. 10, A M Naik Heavy Engineering Complex, PO Bhata, Surat 394510, Gujarat",Company website,https://www.larsentoubro.com/heavy-engineering/capabilities/manufacturing-facilities/hazira,Very Large (750+ acres; ultra-heavy equipment; nuclear/process plant),1.6 km waterfront; heavy forgings & special steels
L0004,A,95,Reliance Industries Ltd - Hazira Manufacturing Division,GIDC Manufacturing,Petrochemicals / Polymers / Polyester,Hazira,,,https://www.ril.com/,ERP/SAP servers + storage; very large desktop fleet; industrial/rugged PCs; very large-area CCTV; enterprise networking + Wi-Fi; biometric access; AMC,Multi-product integrated complex; ongoing petrochem investments,Major integrated petrochemicals/polyester complex,IT Manager / Plant Head / Purchase,Existence-verified (contact pending),"Hazira Manufacturing Division, Surat, Gujarat",Wikipedia / company,https://en.wikipedia.org/wiki/Hazira_Manufacturing_Division,Very Large (multi-product integrated petrochem complex),"Petrochemicals, polymers, polyesters, intermediates"
L0005,A,95,Kiran Multi Super Speciality Hospital & Research Center,Healthcare,Multispecialty / super-speciality hospital,Katargam,+91 261 716 1111,,https://www.kiranhospital.com/,HIS/EMR servers + storage; PACS imaging workstations (CT/MRI/nuclear med); reception/billing desktops; large LAN + Wi-Fi; CCTV; UPS-backed; AMC,In-house CT/MRI/nuclear medicine and radio-oncology imply ongoing PACS/workstation refresh,One of Gujarat's largest hospitals; cancer research center; continual expansion,Hospital Administrator / IT Manager / Purchase,Contact found,"Vasta Devdi Road, Near Sumul Dairy, Katargam, Surat 395004",Hospital website,https://www.kiranhospital.com/contact_us,~900 beds; 45+ specialties; 300+ doctors,900-bed flagship; massive imaging+HIS footprint; top priority
L0006,A,95,Greenlab Diamonds LLP,Lab-Grown Diamond,CVD diamond grower / exporter,Ichhapore (Hazira Rd),+91 22 4073 0730,info@greenlab.diamonds,https://greenlab.diamonds/,GPU workstations for diamond planning/grading; reactor-control PCs; rack servers + NAS for inventory/ERP; heavy multi-camera CCTV + access control; managed switches + enterprise Wi-Fi; AMC,World's largest LGD cultivator; pivoted natural to lab; revenue Rs 670 Cr FY24; new purpose-built factory,"Rs 670 Cr revenue FY24, 1000 reactors, 25MW solar over 90 acres, new 4-storey factory",Owner/Director (Patel family - Mukesh/Jitesh/Vipul Patel),Contact found,"C-01 to C-04, Gujarat Hira Bourse, Ichchhapore, Surat 394510",Company website,https://greenlab.diamonds/contact-us/,"Very large - 2000 employees, 1000 reactors, 95000 sq ft",One of the largest LGD growers in Surat; massive IT/security spend potential
L0007,A,92,Kiran Gems Pvt Ltd,Diamond & Bourse,World's largest natural polished diamond manufacturer,Varachha,+91 261 250 4444,infosurat@kirangems.com,https://www.kirangems.com/,Massive diamond-planning workstation fleet; multi-floor managed networking; large-scale CCTV + biometric access; servers + NAS/SAN; AMC,First mover to Surat Diamond Bourse; largest hi-tech machine user in industry,Global expansion; SDB office shift history,Owner/Partner (Lakhani family) or IT/Security head,Contact found,"FP 36, A.K. Road, Varachha, Near Umiyadham Temple, Surat 395008",Company site + search snippet,https://www.kirangems.com/,Since 1985; world's largest natural diamond manufacturer; offices in Mumbai/Surat/UAE/USA,Largest user of advanced hi-tech diamond manufacturing systems
L0008,A,92,Sardar Vallabhbhai National Institute of Technology (SVNIT),Education,University (NIT/Engineering),"Ichchhanath, Athwa",0261-2259571,director@svnit.ac.in,svnit.ac.in,computer-lab desktops (bulk); HPC/lab servers & storage; campus networking + Wi-Fi; CCTV; AMC,"Premier NIT, ongoing research lab & infra upgrades; NIRF-ranked",Continuous central-govt funded lab/research expansion,Director / Registrar / IT Head,Contact found,"Ichchhanath, Surat-395007, Gujarat",Govt directory + official site,https://surat.nic.in/public-utility/sardar-vallabhbhai-national-institute-of-technology/,"Very large (NIT, thousands of students)",NIRF rank ~58; institute of national importance; large recurring IT spend
L0009,A,92,NJ India Invest Private Limited,Finance & Professional,NBFC / Wealth distribution,Udhna,,,https://www.njgroup.in/,large multi-seat desktops/workstations; data-centre servers + NAS backup; networking/firewall; CCTV + access control; UPS; AMC,"Diversified into AMC, insurance broking, NBFC, tech",Large HQ; nationwide distributor network,Admin,Existence-verified (contact pending),"Block No.901 & 902, 6th Floor, 'B' Tower, Udhna Udyog Nagar Sangh Commercial Complex, Central Road No.10, Udhna, Surat-394210",Company site,https://www.njgroup.in/contact-us,"Flagship NJ Group co., est. 1994; pan-India; AUM 2.9L cr+","Mutual funds, PMS, insurance, NBFC, tech, training"
L0010,A,92,Aether Industries Ltd,GIDC Manufacturing,Specialty Chemicals,GIDC Sachin,,,https://aether.co.in/,ERP/SAP servers + storage; plant & office desktops; industrial/rugged PCs; large-area CCTV; networking + Wi-Fi; biometric access; AMC,Site 3 commercialized (Rs 190cr); Facility 4 commissioned Mar 2024; new units Gujarat ~Rs 1000cr,Multiple new manufacturing sites; IPO-funded expansion,IT Manager / Plant Head / Purchase,Existence-verified (contact pending),"Plot No. 8202/1, Road No. 8, GIDC Industrial Estate, Sachin, Surat, Gujarat",Company website,https://aether.co.in/about-us/,Large (listed; ~9596 MTPA across Surat sites FY24),Advanced intermediates & active ingredients; ISO/GMP certified
L0011,A,92,Anupam Rasayan India Ltd,GIDC Manufacturing,Specialty Chemicals,GIDC Sachin,+91-261-2398991,offeratthe@anupamrasayan.com,https://www.anupamrasayan.com/,ERP/SAP servers + storage; plant & office desktops; industrial/rugged PCs; large-area CCTV; networking + Wi-Fi; biometric access; AMC,Capacity expansion across Sachin & Jhagadia; Dec 2025 acquisition of Jayhawk Fine Chemicals (US) ~USD 150M,Pharma segment revenue share growing; new capacity; US acquisition,IT Manager / Plant Head / Purchase,Contact found,"8110, Sachin G.I.D.C. Estate, Sachin, Surat 394230, Gujarat",Company website,https://www.anupamrasayan.com/investors/contact-us,Large (listed; ~30000 MT capacity; 6 plants),Listed specialty chemicals custom synthesis; 4 plants at Sachin
L0012,A,92,General Group (General Polytex),Textile Manufacturing,Weaving (waterjet/airjet),Ring Road,,,https://www.generalgroup.in/,ERP/Tally servers; shop-floor & billing PCs; very large-area CCTV across multi-shed facility; networking + Wi-Fi backbone; biometric attendance; AMC,Plans IPO; scale expansion incl BOPET project,"IPO plan, BOPET film project, new capacity",Owner/Director (IT or Admin head),Existence-verified (contact pending),"A Wing, 601/602, International Commerce Center (ICC), Near Kadiwala School, Ring Road, Surat 395002",News/Trade magazine,https://www.indiantextilemagazine.in/surat-fabric-manufacturer-general-group-combines-scale-with-sustainability-plans-ipo/,"Very large: ~800 waterjet + ~200 airjet looms, ~1cr metres/month, 1.5M sq ft",One of India's largest polyester fabric makers; massive multi-shed CCTV/network/server opportunity
L0013,A,90,Hari Krishna Exports Pvt Ltd,Diamond & Bourse,Diamond manufacturer & exporter,Varachha / Ichhapore,,,https://www.hk.co/,Diamond-planning workstation fleet; campus-wide managed networking; large CCTV + biometric access; servers + NAS; solar/energy monitoring; AMC,Large 45-acre-scale campus; renewable energy investment; GJEPC reference,Multi-site (HK Campus + Gujarat Hira Bourse); ongoing capacity,Owner/Partner (Savji Dholakia family) or IT/Security head,Existence-verified (contact pending),"9 Hari Krishna Campus, Near Vraj Chowk, Behind Sarthana Jakatnaka, Varachha Road, Surat; also Plot D-02 Gujarat Hira Bourse, Ichhapore 394510",Company site + search snippet,https://www.hkimpex.com/contact/,One of largest diamond mfg units in world; 100% solar-powered Surat unit since 2018,HK Campus Varachha plus Gujarat Hira Bourse Gem & Jewellery Park unit
L0014,A,90,Shree Ramkrishna Exports (SRK),Diamond & Bourse,Diamond cutting/polishing & jewellery exporter,Katargam,+91 261 4040 555,hitesh.gi@srk.me,https://srk.one/,Diamond-planning workstations at scale; campus-wide managed networking; large CCTV + biometric access; data center servers + NAS; AMC,Multiple facilities (SRK Empire + Sachin SEZ); large workforce,Large multi-site exporter; De Beers sightholder,Owner/Partner or IT/Security head,Contact found,"99 SRK Empire, Vastadevdi Road, Katargam, Surat 395004",Company site + search snippet,https://srk.one/contact.html,Since 1964; 2000+ master artisans; also Sachin SEZ unit,SRK Empire HQ Katargam plus Sachin GIDC SEZ unit
L0015,A,90,Indian Institute of Information Technology Surat (IIIT Surat),Education,University (IIIT/Engineering),"Kholvad, Kamrej (temp: SVNIT Campus, Ichchhanath)",02621-298060,office@iiitsurat.ac.in,iiitsurat.ac.in,computer-lab desktops (bulk); servers/storage; campus networking + Wi-Fi; CCTV; smart-class panels; AMC,New permanent campus under construction at Kholvad/Kamrej,New campus build-out = greenfield IT fit-out,Director / Registrar / IT Head,Contact found,"IIIT Surat, SVNIT Campus, Ichchhanath, Surat-395007",Official site + Wikipedia,https://www.iiitsurat.ac.in/,"Large & growing (IT-focused, est. 2017)",PPP-mode institute of national importance; IT-centric = high per-student hardware
L0016,A,90,Ami Organics Ltd (Acutaas Chemicals Ltd),GIDC Manufacturing,Specialty Chemicals / Pharma Intermediates,GIDC Sachin,,,https://www.amiorganics.com/,ERP/SAP servers + storage; plant & office desktops; industrial/rugged PCs; large-area CCTV; networking + Wi-Fi; biometric access; AMC,Rs 190cr brownfield plant Ankleshwar; ~3x capacity expansion completed FY24-Q4FY25,Renamed Acutaas 2025; new facility commenced ops,IT Manager / R&D Head / Purchase,Existence-verified (contact pending),"Plot No 440/4,5,6,8206-B,478,479 & 494, Road No 82/A & 82/C, GIDC, Sachin, Surat",Company website,https://www.amiorganics.com/,Large (listed; 5 facilities; 130+ R&D team),DSIR-certified R&D at Sachin; advanced pharma intermediates
L0017,A,90,KRIBHCO (Krishak Bharati Cooperative Ltd) Hazira,GIDC Manufacturing,Fertilizer / Process Plant,Hazira,0261-2862766,chandrasekharan@kribhcosurat.com,https://www.kribhco.net/,ERP servers + storage; plant DCS-adjacent desktops; industrial/rugged PCs; large-area CCTV; networking + Wi-Fi; biometric access; AMC,Large process plant operations; possible distillery/diversification,Established cooperative fertilizer major at Hazira,IT Manager / Plant Head / Purchase,Contact found,"Hazira Fertilizer Complex, P.O. KRIBHCO Nagar, Surat 394515, Gujarat",Company website,https://www.kribhco.net/contact.html,Very Large (urea/ammonia fertilizer complex),"Nitrogenous fertilizers, primarily urea"
L0018,A,90,SIDS Multi Super Speciality Hospital & Research Centre,Healthcare,Multi super-speciality hospital,Ring Road / Majura Gate,+91 261 280 0000,sids.adm@gmail.com,https://www.sidshospital.com/,HIS/EMR servers + storage; PACS workstations; new-building structured cabling + networking + Wi-Fi; CCTV; UPS; AMC,Just transformed to multi-super-speciality and RELOCATED to new facility (fresh fit-out),Active relocation + service expansion = greenfield IT buying,Hospital Administrator / IT Manager / Purchase,Contact found,"Off Ring Road, Near Shell Petrol Pump, Sosyo Circle Lane, Surat 395002",News / press release,https://theprint.in/ani-press-releases/sids-hospital-in-surat-transforms-into-a-multi-super-speciality-healthcare-hub-expanding-services-and-relocating-to-a-state-of-the-art-facility/1784475/,Expanded multi super-speciality; new state-of-art facility,Relocation to new facility = hot greenfield trigger
L0019,A,90,Kalamandir Jewellers Limited,Jewellery,Large retailer/showroom chain,Athwa (Ghod Dod Road),+91 261 229 5000,,https://kalamandirjewellers.com/,high-density CCTV + access control (critical); POS/billing PCs; jewellery showroom networking + Wi-Fi; server/NAS; AMC,Multiple showrooms across Gujarat/Maharashtra; corporate house at Vesu,New corporate house + Vesu/Dumas Road showrooms,Owner/Director or Admin manager,Contact found,"Plot No-124, Ghod Dod Rd, near Indoor Stadium Lane, Athwa, Surat, Gujarat 395007",directory,https://www.helloindia.co/Surat/Kalamandir-Jewellers-Ltd/Surat-Ho/ContactUs,"Large (650+ staff, multi-state chain)",Listed jeweller since 1984/1986 Kosamba; HO ph 0261-3310000 also listed
L0020,A,88,Dharmanandan Diamonds Pvt Ltd,Diamond & Bourse,Polished diamond manufacturer,Katargam (Gotalawadi),,,https://www.ddpl.com/,Diamond-planning workstations; multi-floor managed networking; heavy CCTV + biometric access; servers + NAS; AMC,Existing security system + AC infra signals upgrade cycle; De Beers sightholder,Large workforce (6500+); 500k sq ft facility,Owner/Partner or Admin/Security head,Existence-verified (contact pending),"Behind Patel Faliya, Gotalawadi, Katargam, Surat 395004",IndiaMART profile + search snippet,https://www.indiamart.com/dharmanandan-diamond/aboutus.html,"Est. 1985; 500,000 sq ft BSI-certified factory; 6500+ artisans; in-house medical/dining/AC/security","Already runs centrally AC, security system - strong CCTV/AMC fit"
L0021,A,88,Veer Narmad South Gujarat University (VNSGU),Education,University (State),Udhna-Magdalla Road,0261-2227141,info@vnsgu.ac.in,vnsgu.ac.in,computer-lab desktops (bulk); exam/data-center servers & storage; campus networking + Wi-Fi; CCTV; AMC,"Digital exam systems, e-governance, NAAC; affiliating university",Large affiliating university; ongoing digitization,Registrar / IT/Computer Centre Head,Contact found,"Post Box No. 49, Udhna Magdalla Road, Surat-395007",Govt directory + official site,https://surat.nic.in/public-utility/veer-narmad-south-gujarat-university/,Very large (280+ affiliated colleges),Major state university; central exam & admin IT load
L0022,A,88,Jainam Broking Limited,Finance & Professional,Stock / commodity broker,Piplod,0261 6725555,,https://www.jainam.in/,multi-seat desktops/workstations + dealing terminals; data server + NAS backup; networking/firewall; CCTV + access control; UPS; AMC,Multiple Surat offices; trading-tech & data security,"Offices at Athwalines, LP Savani + HQ",Admin,Contact found,"Jainam House, Plot No.42, Near Shardayatan School, Piplod, Surat-395007",Company site,https://www.jainam.in/contact-us/,Large broker; multiple Surat offices; SEBI INZ000091934,customer.care@jainam.in; equity/commodity/derivatives
L0023,A,88,Adani Wilmar Ltd (AWL Agri Business) Hazira,GIDC Manufacturing,Food / Edible Oil Processing,Hazira,,,https://www.adaniwilmar.com/,ERP/SAP servers + storage; automated-plant desktops; industrial/rugged PCs; large-area CCTV; networking + Wi-Fi; biometric access; AMC,New automated plant (2019); 14-km pipeline to sea port under construction; capacity scale-up,Fully-automated high-tech plant; logistics expansion,IT Manager / Plant Head / Purchase,Existence-verified (contact pending),"Hazira, Surat (near Hazira sea port), Gujarat",Company website,https://www.adaniwilmar.com/en/factory-locator,Very Large (2500 t/day refining; one of largest),Fortune brand; JV Adani + Wilmar; process engineer hiring 2026
L0024,A,88,Malabar Gold & Diamonds - Ghod Dod Road,Jewellery,Branded retailer/showroom,Ghod Dod Road (Athwa),0261 2992916,,https://www.malabargoldanddiamonds.com/,high-density CCTV + access control (critical); POS/billing PCs; networking + Wi-Fi; server/NAS; AMC,Recent Surat store launch promotions,New showroom launch,Store/Admin manager,Contact found,"Picnic Retail, Opp. Amarakunj Society, Rangila Park Char Rasta, Ghod Dod Road, Surat 395007",directory,https://o2osell.com/shops/malabar-gold-and-surat,Large (national/intl brand showroom),Phones 2994916/2990916 also reported
L0025,A,88,Tanishq (Titan) - Ghod Dod Road,Jewellery,Branded retailer/showroom,Ghod Dod Road,0261-2650069,,https://stores.tanishq.co.in/,high-density CCTV + access control (critical); POS/billing PCs; networking + Wi-Fi; server/NAS; AMC,"Multiple Surat stores (Ghod Dod, Adajan); festive scaling",Adajan store also operating,Store/Admin manager,Contact found,"F.P. No. 42/A & B-Topp, Ghod Dod Rd, opp. St. Xaviers School, Surat 395001",directory,https://www.helloindia.co/Surat/Tanishq-Showroom/Ghod-Dod-Road/ContactUs,Large (national brand showroom),Mobile 9978812578 also listed
L0026,A,88,Bhanderi Lab Grown Diamonds LLP,Lab-Grown Diamond,CVD diamond manufacturer / exporter,Katargam,+91 85003 85003,info@blgdlab.com,https://blgdlab.com/,GPU workstations for planning/grading; reactor-control PCs; rack server + NAS; multi-camera CCTV + access control; managed switches + Wi-Fi; AMC,Type IIA CVD specialist; GIA/IGI/GCAL/HRD certified; uses CVD reactors; multiple facilities,Multiple facilities (Katargam + Khodiyar Nagar); active CVD reactor operations,Owner/Director or IT Manager,Contact found,4th Floor BLGD Corporation Akshar Building Opp Mehta Petrol Pump Katargam Surat 395004,Company website,https://blgdlab.com/contact-bhanderi-diamonds,"Large - leading manufacturer/exporter, global presence",Second Katargam/Khodiyar Nagar address also verified
L0027,A,88,Raghuvir Scarlet Textile Market,Textile Trade & Design,Textile market complex,Ring Road area,,,https://www.raghuvirdevelopers.com/,complex-wide networking + Wi-Fi; dense CCTV; bulk billing/POS desktops; server/NAS; AMC,NEW market launch - greenfield fit-out opportunity,"Newly launched, sets new benchmark (Loktej news)",Raghuvir Developers project/sales office,Existence-verified (contact pending),"Raghuvir Scarlet Textile Market, Surat",News article,https://english.loktej.com/article/19352/raghuvir-scarlet-textile-market-sets-a-new-benchmark-in-surat%E2%80%99s,New large market complex,Hot greenfield lead - new build needs full IT/CCTV/network from scratch
L0028,A,87,Laxmi Diamond Pvt Ltd,Diamond & Bourse,Polished diamond manufacturer,Katargam,,,https://laxmidiamond.com/,Diamond-planning workstations; multi-site managed networking; large CCTV + biometric access; servers + NAS; AMC,Continued innovation & expansion (Surat/Amreli/Botswana),Very large workforce (7000+); multi-country footprint,Owner/Partner or IT/Security head,Existence-verified (contact pending),"Bhagu Bhula Compound, Nr Gajera Circle, Katargam Fulpada Road, Katargam, Surat 395004",JustDial + search snippet,https://www.justdial.com/Surat/Laxmi-Diamond-Pvt-Ltd-Near-Gajera-Circle-CNG-Gas-Station-Katargam/0261PX261-X261-140228143117-M4M9_BZDET,"Est. 1972; 7000+ employees; units in Surat, Amreli, Botswana",Manufacturing head office Katargam; GIA-certified diamonds
L0029,A,86,Lakhi Group (Dilipkumar V. Lakhi),Diamond & Bourse,Diamond cutting & polishing manufacturer,Surat,,,https://www.jewelxy.com/803221970923286,Massive diamond-planning workstation fleet; campus managed networking; large CCTV + biometric access; servers + NAS; AMC,World's largest polishing factory in Surat,Very large workforce; multi-facility,Owner/Partner (Lakhi family) or IT/Security head,Existence-verified (contact pending),"Surat (one of world's largest polishing factories); HQ Bandra East, Mumbai",Jewelxy profile + search snippet,https://www.jewelxy.com/803221970923286,"Since 1944; 3 facilities; 10,000+ skilled cutters; 6000+ in Surat",Among world's largest diamond polishing operations
L0030,A,86,Sunshine Global Hospital,Healthcare,Multispecialty hospital (NABH),Piplod,02614111000,,https://www.sunshineglobalhospitals.com/,HIS/EMR servers + storage; PACS imaging workstations; billing/reception desktops; networking + Wi-Fi; CCTV; UPS; AMC,NABH accreditation drives IT/data compliance upgrades,Multi-city chain; Surat unit near new airport; growth corridor,Hospital Administrator / IT Manager,Contact found,"Beside Smart Bazar, Dumas-Piplod Road, Surat 395007",Hospital website,https://www.sunshineglobalhospitals.com/location/surat,220 beds; NABH accredited,NABH + chain = structured procurement; strong fit
L0031,A,86,Kalyan Jewellers - Adajan,Jewellery,Branded retailer/showroom,Adajan,,,https://store.kalyanjewellers.net/,high-density CCTV + access control (critical); POS/billing PCs; networking + Wi-Fi; server/NAS; AMC,"Multiple Surat showrooms (Adajan, Ghod Dod)",Ghod Dod Road branch also operating,Store/Admin manager,Existence-verified (contact pending),"No-G9, G10, 109, 110, Universal Trade Centre, LP Savani Road, Opp. Indian Oil Pump, Adajan, Surat 395009",company_website,https://store.kalyanjewellers.net/kalyan-jewellers-store-adajan-surat/sur/gold-rate,Large (national brand showroom),Founded 1993; multi-city chain
L0032,A,85,Surat Diamond Bourse (SDB),Diamond & Bourse,Diamond trade centre / multi-tenant bourse,Khajod (DREAM City),+91 261 691 7000,info@sdbbourse.com,https://www.suratdiamondbourse.in/,Campus-wide structured cabling; managed networking backbone; centralized CCTV + access control; data center servers; AMC across 4500 offices,150 offices targeted to open Jan 2026; phased occupancy ramp,Massive multi-tenant fit-out wave as offices open,Admin/Facilities/IT head (SDB management),Contact found,"J-002, Plot 177/P, DREAM City, Nr Khajod Chowkdi NH53, Khajod, Surat 395007",Official site + Wikipedia,https://www.suratdiamondbourse.in/contact-us/,World's largest office complex; 4500+ offices; 67 lakh sq ft,World's largest office building; phased tenant onboarding = recurring fit-out & networking/CCTV demand
L0033,A,85,The Surat District Co-operative Bank Ltd,Finance & Professional,Co-operative bank,Surat,,,https://www.sudico.bank.in/,branch-wide desktops; core-banking servers + NAS backup; networking/firewall; CCTV + access control; UPS; AMC,Large multi-branch network; banking compliance/security,110-branch network,Branch Manager,Existence-verified (contact pending),,Company site,https://www.sudico.bank.in/,~110 branches across Gujarat,Major DCCB; branch locator on site
L0034,A,85,Colourtex Industries Pvt Ltd,GIDC Manufacturing,Dyes & Dye Intermediates,Pandesara,,,https://colourtex.co.in/,ERP servers + storage; plant & office desktops; industrial/rugged PCs; large-area CCTV; networking + Wi-Fi; biometric access; AMC,Backward integration; 6 MW cogen power plant; large landfill site; bluesign/Responsible Care,Largest dyestuff company in subcontinent; 750+ product mix,IT Manager / Plant Head / Purchase,Existence-verified (contact pending),"Plot No 158/3 Survey No 80, G.I.D.C. Pandesara, Surat 394221",Company website,https://colourtex.co.in/about-us/,Large (largest dye producer in Indian subcontinent; ~100000 t/yr),"Founded 1967; dyes, pigments, specialty chemicals"
L0035,A,85,Bharat Cancer Hospital & Research Institute,Healthcare,Cancer multispecialty hospital,Saroli,0261-6677109,bharatcancerhospital@gmail.com,https://bharatcancerhospital.com/,HIS/EMR servers + storage; PACS + radiotherapy planning workstations; billing desktops; networking + Wi-Fi; CCTV; UPS; AMC,"Gamma Knife, CAR-T, radiation centre = heavy imaging/compute",Pioneering advanced therapies; research institute growth,Hospital Administrator / IT Manager / Purchase,Contact found,"Manavdaya Trust Sankul, Surat-Bardoli Road, Saroli, Surat 395010",Hospital website,https://bharatcancerhospital.com/contcat.php,Large cancer + Nirali radiation centre,Radiation oncology = high-spec imaging workstations + storage
L0036,A,85,Rajhans (Desai-Jain) Group / Rajhans Realty,Hospitality & Real Estate,Real estate developer / Builder,Surat,,,https://rajhansrealty.com/,Site CCTV; sales-gallery & office PCs; networking; server/NAS; AMC,"Premium housing to industrial zones (Synfonia, Apple)",30M+ sq ft; diversified pipeline,Director / Purchase,Existence-verified (contact pending),Surat,Builder official site,https://rajhansrealty.com/blog/2025s-best-builders-in-surat-whos-leading-the-real-estate-game/,Very large; 30M+ sq ft developed,Also operates malls/multiplexes; large multi-site IT/CCTV footprint
L0037,A,85,Reliance Jewels - Adajan,Jewellery,Branded retailer/showroom,Adajan,,,https://stores.reliancejewels.com/,high-density CCTV + access control (critical); POS/billing PCs; networking + Wi-Fi; server/NAS; AMC,Reliance Retail expansion in Surat,New Adajan store,Store/Admin manager,Existence-verified (contact pending),"Unit No 3, GF, Universal Trade Center, LP Savani Road, Adajan, Surat, Gujarat",company_website,https://stores.reliancejewels.com/reliance-jewels-jewelry-store-adajan-surat-343351/Home,Large (Reliance Retail brand),Partial phone listed (+9196190196xx) not captured cleanly
L0038,A,85,ABD Diamonds Pvt Ltd,Lab-Grown Diamond,CVD & HPHT diamond manufacturer / exporter,Surat (+ Ahmedabad),+91 70165 80812,info@abddiamonds.com,https://abddiamonds.com/,GPU workstations for planning/grading; reactor-control PCs; rack server + NAS; multi-camera CCTV + access control; managed switches + Wi-Fi; AMC,At forefront of CVD/HPHT since 2017; exports US/UK/Canada/UAE/HK/Europe; in-house growing,"Growth, cutting and grading facilities across Surat + Ahmedabad; export expansion",Owner/Director or IT Manager,Contact found,"Manufacturing hubs in Surat and Ahmedabad, Gujarat",Company website,https://abddiamonds.com/contact/,"Large - since 2017, growth+cutting+grading facilities, global exports",Surat-specific street address not visible; two-city operation
L0039,A,85,Kira Jewels Inc (Kira group jewelry arm),Lab-Grown Diamond,LGD jewelry manufacturer,Khajod (Surat Diamond Bourse),+91 261 691 4500,infosurat@kiradiam.com,https://kiradiam.com/,GPU workstations for jewelry CAD/planning; rack server + NAS; CCTV + access control; managed switches + Wi-Fi; AMC,Jewelry arm of world's largest CVD grower; CEO Mehul Vaghani,Part of Kira group rapid expansion (4000 reactors),Owner/Director (Mehul Vaghani),Contact found,Surat Diamond Bourse Khajod Surat 395007 (shared with Kira Diam),Company website,https://kiradiam.com/about-us/,Large - jewelry arm of Kira Diam group,Same group as Kira Diam; included as distinct jewelry entity
L0040,A,85,Millennium Textile Market,Textile Trade & Design,Textile market complex,Ring Road / Sahara Darwaja,,,,complex-wide networking + Wi-Fi; dense CCTV; bulk billing/POS desktops; server/NAS; AMC,Digital catalogues/video-call selling; FOSTTA HQ located here,Premier saree/lehenga market; FOSTTA federation based here,Market management / FOSTTA office on premises,Existence-verified (contact pending),"Mithi Khadi Road, Near Ring Road, New Textile Market, Surat, Gujarat 395002",Market directory,https://surattextilemarkets.com/millennium-textile-market/,Large complex; thousands of shops,FOSTTA HQ at FP-143/144 ground floor here; strong association access point
L0041,A,84,Mahim Architect,Architecture & CAD/Engineering,AEC / Architecture-Engineering-Construction,Ghod Dod Road,,,https://mahimarchitect.com/,GPU workstations for AEC + MEP 3D/CAD/BIM modelling; dual monitors; NAS/server for multi-office files; backup; structured networking; AMC,"Full AEC + valuation + MEP services; offices in Surat, Baroda, Ahmedabad, Rajkot",Multi-branch expansion across Gujarat,Partner / Principal,Existence-verified (contact pending),"A 1002, 1st Floor, Turning Point Complex, Ghod Dod Road, near Jamna Nagar BRTS, near Fire Station, Surat 395007",IndiaMART profile,https://www.indiamart.com/mahim-architect/aboutus.html,Mid-large (multi-branch),Architecture+Engineering+Construction+MEP; high compute/multi-seat need
L0042,A,84,Sanghavi Exports International / Sanghavi Diamond Mfg Pvt Ltd,Diamond & Bourse,Diamond manufacturer & exporter,Ved Road (Turki),,,https://sanghvisons.com/,Diamond-planning workstations at scale; campus networking; large CCTV + access; servers + NAS; AMC,One of largest diamond mfg units in Asia,Large legacy group; major Surat plant,Owner/Partner or IT/Security head,Existence-verified (contact pending),"Survey No 14, Village Turki, Opp Darpan Nagar, Ved Road, Surat",ZaubaCorp + search snippet,https://www.zaubacorp.com/company/SANGHVI-DIAMONDS-MANUFACTURING-PRIVATELIMITED/U36911GJ1995PTC027680,Est. 1973; Surat factory among largest in Asia,Sanghavi Diamond Mfg Pvt Ltd; very large Surat facility
L0043,A,84,Venus Jewel,Diamond & Bourse,Polished natural diamond manufacturer,Sumul Dairy Road,+91 261 253 1444,vj.surat@venusjewel.com,https://www.venusjewel.com/,Diamond-planning workstations; integrated-facility managed networking; CCTV + biometric access; servers + NAS; AMC,Integrated manufacturing facility; premium high-value diamonds,Established large manufacturer with Surat + Mumbai ops,Owner/Partner (Hitesh R. Shah) or Admin/IT head,Contact found,"The Venus Estate, Near Shantiniketan Society, Sumul Dairy Road, Surat 395003",Company site + search snippet,https://www.venusjewel.com/stpg/Best-Diamond-Manufacturing-Unit.html,Since 1969; integrated Surat manufacturing facility,Premium polished diamonds; partner contact captured
L0044,A,84,Uka Tarsadia University (UTU),Education,University (Private),Bardoli/Mahuva (South Gujarat),02625-290020,ceo@utu.ac.in,utu.ac.in,computer-lab desktops (bulk); lab servers/storage; campus networking + Wi-Fi; CCTV; smart-class; AMC,"Multi-faculty campus, NAAC; engineering/pharmacy/IT labs",Steady program & infra growth,Registrar / IT Head,Contact found,"Maliba Campus, Gopal Vidyanagar, Bardoli-Mahuva Road, Tarsadi-394350, Surat",Govt directory + official site,https://surat.nic.in/public-utility/uka-tarsadia-university/,Very large multi-faculty private university,Large Maliba/UTU campus; multiple professional colleges = high hardware spend
L0045,A,84,R Wadiwala Securities Private Limited,Finance & Professional,Stock / commodity broker,Limda Chowk,08401974767,,https://www.rwsec.com/,multi-seat desktops + dealing terminals; data server + NAS backup; networking/firewall; CCTV + access control; UPS; AMC,Branch network; portfolio mgmt & NRI services,"Branches at Parle Point, Rander Road, Limda Chowk",Admin,Contact found,"9/2003-4, Vishnu Priya, Main Road, Limda Chowk, Surat-395003",Company site,https://www.rwsec.com/,75+ yrs in business; multiple Surat branches,"Stock broking, PMS, NRI investment advisory"
L0046,A,84,SuperScan Diagnostic Centre,Healthcare,Diagnostic / imaging centre (radiology),Surat,,,https://www.superscan.in/,PACS server + storage; high-end imaging workstations (CT/MRI reading); reporting desktops; networking; CCTV; UPS; AMC,Introduced Gujarat's first 160-slice dual-energy CT (new high-end modality),New advanced CT install = workstation/storage demand,Centre Director / IT/PACS Manager,Existence-verified (contact pending),Surat (advanced CT/MRI imaging centre),Diagnostic centre website,https://www.superscan.in/,Large radiology team; Gujarat-first 160-slice dual-energy CT,Pure imaging center = heavy PACS/workstation buyer; high fit
L0047,A,84,Park Inn by Radisson Surat,Hospitality & Real Estate,Hotel (4-star),City Centre / near Tapi River,,,https://www.radissonhotels.com/en-us/hotels/park-inn-surat,PMS server; front-desk/back-office PCs; guest Wi-Fi + networking; CCTV; event AV; AMC,Newly opened property,New hotel launch (Radisson) - fresh IT fit-out window,GM / IT Manager,Existence-verified (contact pending),Surat (within 7 km of Surat International Airport),Press release,https://www.radissonhotels.com/en-us/corporate/media/press-releases/opening-park-inn-by-radisson-surat,"New mid-large hotel, 185 sqm event space",Recently opened; new-build = strong greenfield IT/CCTV/Wi-Fi opportunity
L0048,A,84,Sangini Group,Hospitality & Real Estate,Real estate developer / Builder,Surat,,,https://www.sanginigroup.com/,Site CCTV; sales-gallery & office PCs; networking; server/NAS; AMC,"Active residential + commercial pipeline (Skyteria, Lakeville)",71 completed projects; ongoing high-rises,Director / Purchase,Existence-verified (contact pending),Surat,Builder official site,https://www.sanginigroup.com/,"Major developer; 71 projects, 10M sq ft",One of Surat's largest developers; multiple active sites = recurring CCTV/IT
L0049,A,84,Charu Jewels,Jewellery,Manufacturer/wholesaler + retail,Ichchhapor (Gem & Jewellery Park),+91 82386 90000,mail@charujewels.com,https://charujewels.com/,high-density CCTV + access control (critical); jewellery CAD workstations; POS/billing PCs; networking + Wi-Fi; server/NAS; AMC,Customized diamond jewellery manufacturing; B2B + retail,Showroom near Jade Blue Ghod Dod also listed,Owner/Director,Contact found,"U15C, GHB Gem & Jewellery Park, Ichchhapor, Surat 394510",company_website,https://charujewels.in/contact-us/,"Medium-large (family business HQ, manufacturer + showroom)",
L0050,A,84,Diyam Impex,Lab-Grown Diamond,CVD & HPHT diamond manufacturer / distributor,Gitanjali,+91 98251 07116,diyamimpex@gmail.com,https://www.diyamimpex.com/,GPU workstations for planning/grading software; reactor/process PCs; rack server + NAS; multi-camera CCTV + access control; managed switches + Wi-Fi; AMC,Among largest LGD manufacturers in Surat supplying globally; CVD + HPHT,Positioned as one of Surat's largest LGD manufacturers; global distribution,Owner/Director,Contact found,102 Maitri Buildings nr Jeevandhara Hotel Gitanjali Surat Gujarat,Company website,https://www.diyamimpex.com/,Large - one of the largest LGD manufacturers in Surat,Multiple phone numbers listed on site; alt source: https://www.justdial.com/jdmart/Surat/Diyam-Impex-Varachha-Varachha-Road/0261PX261-X261-190205191232-Y5M2_BZDET/catalogue
L0051,A,84,Loyal Textiles,Textile Manufacturing,Weaving (airjet),Surat,,,https://loyaltextiles.com/weaving/,ERP servers; shop-floor & billing PCs; large-area multi-shed CCTV; networking + Wi-Fi; biometric attendance; AMC,High-volume modern airjet fleet (modernization),Modern airjet loom fleet expansion,Owner/Director or Factory manager,Existence-verified (contact pending),"Weaving unit, Surat (Toyota/Picanol/Somet airjet looms)",Company website,https://loyaltextiles.com/weaving/,"Large: 460 airjet/dobby looms, ~2,25,000 m grey fabric/day",Large grey fabric weaver; high spend on shop-floor IT and surveillance
L0052,A,84,Kohinoor Textile Market,Textile Trade & Design,Textile market complex,Ring Road / New Textile Market,,,,complex-wide networking + Wi-Fi; dense CCTV; bulk billing/POS desktops; server/NAS; AMC,High-traffic budget hub; bulk billing demand,Approx 2500 shops - massive footfall,Market management / association office,Existence-verified (contact pending),"Kohinoor Textile Market, New Textile Market, Ring Road, Surat 395003",Market directory,https://surattextilemarkets.com/kohinoor-textile-market/,Very large; ~2500 shops,Huge shop count = large-scale CCTV + network deal
L0053,A,83,XYXX Apparels,BPO/Logistics/Print,E-commerce/D2C,"Dumas Road / Kadodara Road, Surat",,,https://xyxxcrew.com/,bulk office/design PCs; e-comm/ERP servers; networking + firewall; warehouse CCTV; barcode/handhelds; AMC,D2C innerwear scale-up; retail store rollout (incl Vesu Surat),Funded apparel brand; expanding retail + online,IT Head / Purchase,Existence-verified (contact pending),"510 Rajhans Montessa, Dumas Road, beside Le Meridien, Surat; 402-413 Sangini B Textile Hub, Surat-Kadodara Road, Surat - 395010",Dun & Bradstreet,https://www.dnb.com/business-directory/company-profiles.xyxx_apparels_private_limited.3e83b4da92e5d849417f6bf6ee435b3b.html,"Mid-large (funded, multi-store)",XYXX Apparels Pvt Ltd; registered office Surat; funded D2C menswear/innerwear
L0054,A,83,Bhagwan Mahavir University (BMU),Education,University (Private),Vesu,0261-6770102,info@bmusurat.ac.in,bmusurat.ac.in,computer-lab desktops (bulk); lab servers/storage; campus networking + Wi-Fi; CCTV; smart-class panels; AMC,Rapidly growing university adding engineering/IT/management seats,New buildings & programs in Vesu,Director / Registrar / IT Head,Contact found,"Sr. No. 149, VIP Road, Bharthana Road, Vesu, Surat-395007",CollegeBatch + official site,https://surat.nic.in/public-utility/uka-tarsadia-university/,Large private university (100+ courses),"Engineering, polytechnic, management colleges = bulk lab desktops"
L0055,A,83,The Varachha Co-operative Bank Ltd,Finance & Professional,Co-operative bank,L H Road,0261-4008000,,https://www.varachhabank.com/,branch-wide desktops; core-banking servers + NAS backup; networking/firewall; CCTV + access control; UPS; AMC,Branch network growth; banking-security compliance,Mota Varachha + multiple branches,Branch Manager,Contact found,"AFFIL TOWER, L.H. Road, Surat-395006",Company site,https://varachhabank.com/branch/,Multi-branch UCB; HO + Sahkar Bhavan,"Alt office Sahkar Bhavan, Vrajchowk 0261-6918000"
L0056,A,83,Synergy Imaging,Healthcare,Diagnostic / imaging centre (radiology),Ring Road,,,https://synergyimaging.co.in/,PACS server + storage; MRI/CT reading workstations; reporting desktops; networking; CCTV; UPS; AMC,Latest 1.5T MRI + 128-slice CT = imaging compute + storage,Premier imaging center; modern modality suite,Centre Director / PACS/IT Manager,Existence-verified (contact pending),"UG 1-2 Jeevandeep Complex, Opp J.K. Tower, Near Nirmal Hospital, Ring Road, Surat 395002",Diagnostic centre website,https://synergyimaging.co.in/,1.5T MRI + dual-energy 128-slice CT + USG + digital X-ray,Strong imaging-workstation/PACS prospect; capture contact
L0057,A,83,DhiWise (DhiWise Private Limited / Rocket),IT & Software,SaaS product (design-to-code / AI dev tools),"Lal Darwaja (Station Road), Surat",,help@dhiwise.com,https://www.dhiwise.com/,High-spec dev workstations; rack servers + NAS; enterprise firewall + managed switches + Wi-Fi; CCTV/access control; AMC,"Founded 2021; raised ~$25.2M (Accel, India Quotient); rebranded to Rocket; $15M seed reported",VC-funded scale-up; occupies multiple floors of Infinity Tower; hiring,Founder/Director (Vishal Virani) or IT/Eng Head,Contact found,"9th Floor, Office 901-906 & 919-924, Infinity Tower, Lal Darwaja Station Road, Surat 395003",Company website (contact page) + Tracxn,https://www.dhiwise.com/contact-us,"Medium (funded SaaS, large floor)",Top funding signal in Surat; large floor = significant infra/CCTV/AMC spend
L0058,A,83,Anjali Diamonds Pvt Ltd,Lab-Grown Diamond,CVD diamond grower / manufacturer,Surat,+91 261 255 4151,sales2@anjalidiamonds.com,,GPU workstations for planning/grading; reactor-control PCs; rack server + NAS; multi-camera CCTV + access control; managed switches + Wi-Fi; AMC,Grower of Type IIA CVD diamonds; GJEPC IIJS exhibitor; in-house growing,In-house CVD growing; GJEPC trade-show presence (IIJS Premiere),Owner/Director,Contact found,3rd Floor Plot No 211-211 Paiky Surat 395006,ExportersIndia listing,https://www.exportersindia.com/anjali-diamonds-surat/,"Medium-large - grower of Type IIA CVD, GJEPC exhibitor",GJEPC exhibitor profile EXH209
L0059,A,82,ADDA Architects & Urban Designers,Architecture & CAD/Engineering,Architecture firm,Vesu,91062 38875,studio@addaarchitects.in,https://www.addaarchitects.in/,GPU workstations (RTX) for AutoCAD/Revit/3ds Max rendering; large/dual monitors; NAS for project files; backup; networking; AMC,Operates Surat + Mumbai offices; active urban-design projects,Second office in Mumbai indicates growth,Principal Architect / Partner,Contact found,"1001, Western Vesu Point, Opp. S.N.S Square, University Road, Vesu Cross Road, Surat, Gujarat 395007",Company website,https://www.addaarchitects.in/contacts,Mid (multi-office: Surat + Mumbai),Architecture + interior + urban design; strong rendering/compute need
L0060,A,82,DesignCore Studio,Architecture & CAD/Engineering,Architecture / Interior / Landscape,Piplod,0261 246 2829,info@designcore.co.in,https://www.designcorestudio.co.in/,GPU workstations for architecture/interior/landscape 3D rendering; dual monitors; NAS/server; backup; networking; AMC,Since 1991; 2000+ projects; works Pan-India,"Long-established, large project volume, Pan-India growth",Principal / Partner,Contact found,"310/311 Union Heights, Maharana Pratap Marg, RahulRaj Mall Lane, Piplod, Surat, Gujarat 395007",Company website,https://www.designcorestudio.co.in/contact,Large,Founder Manish Choksi; high seat count likely
L0061,A,82,French Crown,BPO/Logistics/Print,E-commerce/D2C,"Saroli / Mota Varachha, Surat",,,https://frenchcrown.in/,bulk office/design PCs; e-comm/ERP servers; networking + firewall; warehouse CCTV; barcode/handhelds; AMC,"Rapid catalog growth (4000+ designs, 200 new styles/week); export 60%","Revenue grew 12cr (FY21) to 47.5cr (FY22), 4x; ships to 84 countries",IT Head / Operations Manager,Existence-verified (contact pending),"3001 AB/3002 AB, RRTM Phase 2 (Canal Road), Opp Orbit 2, Saroli, Surat - 395010; Corp office 428 Green Plaza, Y Golden Chowk, Mota Varachha, Surat - 394101",Company website,https://frenchcrown.in/pages/about-us,Mid-large (84 countries),"D2C menswear; online + offline; large Surat HQ + warehouse, strong growth"
L0062,A,82,Asian Star Co Ltd,Diamond & Bourse,Diamond manufacturer & exporter,A.K. Road,,,https://www.asianstargroup.com/,Diamond-planning workstations; multi-floor managed networking; CCTV + biometric access; servers + NAS; AMC,100k sq ft modern facility,Listed group with large Surat unit,Owner/Partner or IT/Security head,Existence-verified (contact pending),"F.P. 138/151, Plot 01, Purushottam Ginning Mill Compound, A.K. Road, Surat 395008",Company site + search snippet,https://www.asianstargroup.com/diamond-manufacturing/,"100,000 sq ft state-of-the-art Surat facility",100k sq ft manufacturing facility on A.K. Road
L0063,A,82,B. Virani & Co.,Diamond & Bourse,Diamond cutting & polishing manufacturer,Varachha,,,http://www.bvirani.com/,Diamond-planning workstations (Sarine/DiamCalc); multi-floor managed networking; heavy CCTV + biometric access control; servers + NAS; office desktops; AMC,Large monthly throughput indicates ongoing tech upgrades,Long-established large processor scaling capacity,Owner/Partner or IT/Security head,Existence-verified (contact pending),"B 7 8 9 10 Diamond Estate, Near Baroda Prestige, Varachha Road, Varachha, Surat 395006",Industry article + company site,https://www.naturaldiamonds.com/in/inside-the-world-of-diamonds/surat-the-heart-of-natural-diamnond-cutting-polishing-industry/,"50+ yrs; 22,000+ carats/month rough processed",Major natural-diamond cutting/polishing house; high-security manufacturing facility
L0064,A,82,KP Sanghvi & Sons LLP,Diamond & Bourse,Diamond & jewellery manufacturer,Tadwadi / Ichhapore,,,https://kpsanghvi.com/,Diamond-planning + jewellery CAD workstations; managed networking; CCTV + access control; servers + NAS; AMC,Dedicated women-empowerment cutting unit; multi-country,Third-generation conglomerate; diamonds + jewellery + infra,Owner/Partner or IT/Security head,Existence-verified (contact pending),"Near Unia Mata Mandir, Tadwadi, Surat 395001; also Ichhapore unit",Company site + search snippet,https://kpsanghvi.com/about-us/,Founded 1965; ops India/USA/UAE/Botswana/Belgium/HK; women-focused Surat unit 100+,"Multiple Surat sites (Tadwadi, A.K. Road, Ichhapore)"
L0065,A,82,Sheetal Manufacturing Company Pvt Ltd,Diamond & Bourse,Diamond manufacturer & exporter,A.K. Road,,,https://www.sheetal.co/,Diamond-planning workstations; managed networking; CCTV + access control; servers + NAS; AMC,Technologically advanced Surat setups; De Beers sightholder,Global multi-office expansion,Owner/Partner or IT/Security head,Existence-verified (contact pending),"Office 701, Plot 13, A-Wing, Sheetal Avenue, Nr Bhavani Circle, A.K. Road, Surat 395008",JustDial + search snippet,https://www.justdial.com/Surat/Sheetal-Manufacturing-Company-Near-Bhavani-Circle-A-K-Road/0261PX261-X261-140731163342-G5U6_BZDET,Est. 1985; global presence Antwerp/Dubai/Mumbai/Surat/HK/NY,Sheetal Group; among most tech-advanced setups in Surat
L0066,A,82,Delhi Public School (DPS) Surat,Education,School (CBSE),Dumas Road / Vesu / Tapi (multi-campus),0261-2204500,principal@dpstapi.net,dpssurat.net,computer-lab desktops (bulk); smart-class panels/projectors; campus networking + Wi-Fi; CCTV; AMC,Multiple campuses; digital-classroom rollouts,Multi-campus growth,Principal / Admin / IT Coordinator,Contact found,"Near Airport, Surat-Dumas Road, Post Gavier, Surat-394550",Official site,https://www.dpssurat.net/,Very large CBSE school (multi-campus),Large CBSE; computer labs + smart classes across campuses
L0067,A,82,P. P. Savani University,Education,University (Private),"Kosamba, Dhamdod (South Gujarat)",+91-9909962111,info@ppsuni.ac.in,ppsu.ac.in,computer-lab desktops (bulk); lab servers/storage; campus networking + Wi-Fi; CCTV; smart-class panels; AMC,Growing private university adding programs/seats,Campus & program expansion,Director / Registrar / IT Head,Contact found,"NH48, GETCO, Dhamdod, Kosamba, Surat-394125",Govt directory + official site,https://surat.nic.in/public-utility/p-p-savani-university/,Large private multi-faculty university,Engineering+management+polytechnic under one campus = bulk lab demand
L0068,A,82,Sarvajanik College of Engineering & Technology (SCET),Education,Engineering College,Athwalines,0261-2240146,,scet.ac.in,computer-lab desktops (bulk); lab servers; campus networking + Wi-Fi; CCTV; AMC,Established engineering college; NBA/NAAC lab upgrades,Constituent institute expansion,Principal / IT Head,Existence-verified (contact pending),"Dr. R.K. Desai Marg, Opp. Mission Hospital, Athwalines, Surat-395001",Official site,https://scet.ac.in/,Large engineering college (est. 1995),Multiple engineering branches; large computer labs
L0069,A,82,The Surat Mercantile Co-operative Bank Ltd,Finance & Professional,Co-operative bank,Lal Darwaja,0261 2532933,,https://www.sumcobank.com/,branch-wide desktops; core-banking servers + NAS backup; networking/firewall; CCTV + access control; UPS; AMC,Branch network & ATM/CDM security upgrades,Multiple branches across Surat,Branch Manager,Contact found,"""Utkarsh"" 7/359-360, Modi Compound, Lal Darwaja Main Road, Surat-395003",Company site,https://www.sumcobank.com/branch/,Multi-branch UCB with ATM network,"Branches incl Katargam, Khatodra, Bamroli"
L0070,A,82,The Surat People's Co-operative Bank Ltd,Finance & Professional,Co-operative bank,Nanpura,0261-2464623,customercare@spcbl.in,https://www.spcbl.in/,branch-wide desktops; core-banking servers + NAS backup; networking/firewall; CCTV + access control; UPS; AMC,Branch network; data-security & ATM upgrades,Branch network expansion,Branch Manager,Contact found,"Vasudhara Bhavan, Timaliawad, Nanpura, Surat-395001",Company site,https://www.spcbl.in/branch/,"Multi-branch UCB, ATM/CDM/safe-deposit",Toll-free 1800 233 7722; IFSC SPCB0251008
L0071,A,82,Gujarat State Energy Generation Ltd (GSEG) Hazira,GIDC Manufacturing,Power / Process Plant,Hazira,,,https://gseg.in/,ERP servers + storage; plant desktops; industrial/rugged PCs; large-area CCTV; networking + Wi-Fi; biometric access; AMC,"Power generation; JV of GSPC, GAIL, KRIBHCO",Combined cycle power plant; multi-PSU JV,IT Manager / Plant Head / Purchase,Existence-verified (contact pending),"Hazira, Surat, Gujarat",Wikipedia,"https://en.wikipedia.org/wiki/GSEG_Combined_Cycle_Power_plant,_Hazira",Large (gas-based combined cycle power plant),Gas-based combined cycle power; GSPC/GAIL/KRIBHCO JV
L0072,A,82,Shalby Multi-Speciality Hospital,Healthcare,Multispecialty hospital,Adajan,,,https://www.shalby.org/hospitals/surat-shalby/,HIS/EMR servers + storage; PACS workstations; billing desktops; networking + Wi-Fi; CCTV; UPS; AMC,National chain standardization; oncology/robotic services need imaging compute,Listed-company chain (Shalby Ltd); ongoing expansion,Hospital Administrator / IT Manager (often central procurement),Existence-verified (contact pending),"Nr Navyug College, Rander Road, Adajan, Surat 395009",Hospital website,https://www.shalby.org/hospitals/surat-shalby/,243 beds; tertiary care; national chain,Large chain; procurement may be centralized; high spend
L0073,A,82,Tristar Hospital,Healthcare,Multispecialty hospital,Nanpura / Athwa Gate,02612200000,,https://tristarhospitals.com/,HIS/EMR servers + storage; PACS workstations; billing/reception desktops; networking + Wi-Fi; CCTV; UPS; AMC,Large bed count + multi-specialty = HIS scale-up and CCTV coverage,250+ bed facility; established multispecialty,Hospital Administrator / IT Manager / Purchase,Contact found,"Nanpura New Rd, opp T & TV High School, Athwa Gate, Surat 395001",Hospital website,https://tristarhospitals.com/,250+ beds,Large bed base; strong networking/CCTV recurring need
L0074,A,82,Surat Marriott Hotel,Hospitality & Real Estate,Hotel (5-star),Athwa / City Light,,,https://www.marriott.com/en-us/hotels/stvmc-surat-marriott-hotel/overview/,PMS server; front-desk/back-office PCs; guest Wi-Fi + networking; CCTV; IPTV; AMC,Established premium chain property; ongoing refresh cycles,Marriott expanding in Tier-2 Surat,GM / IT Manager,Existence-verified (contact pending),"City Light Road, Surat",Hotel official site,https://www.marriott.com/en-us/hotels/stvmc-surat-marriott-hotel/overview/,"Large 5-star, full-service",Branded 5-star; high IT standardization and recurring AMC potential
L0075,A,82,VR Surat (Mall),Hospitality & Real Estate,Shopping mall / Multiplex,New Magdalla / Dumas Road,,,https://www.virtuous.in/,Mall management PCs/servers; visitor Wi-Fi + networking; large-scale CCTV/access control; AMC,Largest mall in Surat with arcade/bowling,High footfall surveillance,Admin / Mall IT Manager,Existence-verified (contact pending),"Dumas Road, New Magdalla, Surat 395007",Map directory,https://www.mappls.com/place-vr+mall+dumas+road-new+magdalla-surat-gujarat-395007+surat-4FAC3B,"Very large mall (615,000 sq ft), 100+ brands, multiplex","615k sq ft, multiplex + arcade; major CCTV/networking estate"
L0076,A,82,Narola Infotech Solutions LLP,IT & Software,Software development / IT outsourcing,"Adajan, Surat",+91 261 291 5551,ashishnarola@gmail.com,https://www.narolainfotech.com/,Developer workstations at scale; rack server + NAS for builds/source; firewall + managed switches + Wi-Fi for large floor; office CCTV/access control; AMC,"Established 2005, serves Fortune 500 and 50+ countries; sustained large delivery team",Long-standing scale-up; multi-floor Adajan office implies periodic hardware refresh,Founder/Director (Ashish Narola) or IT/Admin Head,Contact found,"Office No. 105, 1st Floor, Regent Square, B/S Sarvoday Complex, Nr. Karan Park, Adajan, Surat 395009",JustDial listing + company site,https://www.justdial.com/Surat/Narola-Infotech-Pvt-Ltd-Above-D-Mart-Near-Karan-Park-Adajan-Dn/0261PX261-X261-120522163813-J8Y5_BZDET,"Large (200+ est.; 3000+ projects, 50+ countries)",One of Surat's largest IT firms; strong fit for bulk workstations + infra + AMC
L0077,A,82,BlueStone - Ghod Dhod Road,Jewellery,Branded retailer/showroom,Ghod Dod Road,8655352036,,https://www.bluestone.com/,high-density CCTV + access control (critical); POS/billing PCs; networking + Wi-Fi; AMC,"Multiple Surat stores (Ghod Dod, LP Savani)",Multi-store Surat expansion,Store/Admin manager,Contact found,"1st & 2nd Floor, Cygnus House, Amarkunj corner, Nr Jade Blue, Ghod Dhod Road, Surat",company_website,https://www.bluestone.com/stores/ghod-dhod-road-surat-reslnk-TWpRMA==/catalog.html,Large (omnichannel brand showroom),
L0078,A,82,D Khushalbhai Jewellers,Jewellery,Large retailer/showroom,Athwa (Parle Point),,,https://dkhushalbhai.com/,high-density CCTV + access control (critical); POS/billing PCs; networking + Wi-Fi; server/NAS; AMC,Established Surat showroom; buyback/exchange programs,Established multi-decade retailer,Owner/Director (Deepak Chokshi),Existence-verified (contact pending),"Bus Stop Near Ambika Niketan Road, Parle Point, Meghdoot Society, Athwalines, Athwa, Surat 395007",directory,https://www.sulekha.com/d-khushalbhai-jewellers-athwa-surat-contact-address,"Large (10,000+ designs, established retailer)",Contact person Deepak Chokshi
L0079,A,82,Tribhovandas Bhimji Zaveri (TBZ) - Athwalines,Jewellery,Branded retailer/showroom,Athwalines,,,https://www.tbztheoriginal.com/,high-density CCTV + access control (critical); POS/billing PCs; networking + Wi-Fi; server/NAS; AMC,37 showrooms in 23 cities; national expansion,Established multi-state chain,Store/Admin manager,Existence-verified (contact pending),"SNS House, Athwalines, Surat 395001 (Near Lal Bunglow, Opp. Cable Bridge)",company_website,https://www.tbztheoriginal.com/locations,Large (national heritage brand),Heritage brand since 1864
L0080,A,82,Zaveri & Co. (Rajkotwala),Jewellery,Large retailer/showroom chain,Surat,,,https://zaveriandco.com/,high-density CCTV + access control (critical); POS/billing PCs; networking + Wi-Fi; server/NAS; AMC,Fast-growing chain across Gujarat; Surat + Ahmedabad,Expanding retail chain,Owner/Director or Admin manager,Existence-verified (contact pending),"Surat, Gujarat (also Ahmedabad)",company_website,https://zaveriandco.com/about-us/,"Large (established, fast-growing Gujarat retail chain)",Heritage 50+ years
L0081,A,82,Leranath Diamond,Lab-Grown Diamond,CVD & HPHT diamond manufacturer / exporter,Katargam,+91 90167 68648,Leranath.diamonds@gmail.com,https://leranathdiamonds.com/,GPU workstations for planning/grading; reactor-control PCs; rack server + NAS; multi-camera CCTV + access control; managed switches + Wi-Fi; AMC,"ISO 9001 certified, solar-powered factory, exports globally; CVD + HPHT",Solar-powered ISO-certified factory; separate manufacturing unit at Jagdish Estate,Owner/Director or Factory Manager,Contact found,Office 102 INSPIRE The Jewel House Beside KAPU Gems Near Kiran Hospital Vasta Devdi Rd Katargam Surat 395004,Company website,https://leranathdiamonds.com/contact-us/,"Medium-large - est 2014, ISO 9001, solar-powered factory",Factory address Jagdish Estate Lal Building near SMC Community Hall 395004
L0082,A,82,The Production House,Media/Video/Photo,Video production / ad films,Athwalines,+91 98201 40207,modishaivi@gmail.com,https://theproductionhouse.in/,GPU editing workstations; high-speed NAS & render storage; 10G networking; color-grading monitor; backup; AMC,Web series & YouTube shows scaling 4K content,Multi-city (Mumbai/Dubai/Surat); founded 2020; 11-50 staff,Owner/Founder,Contact found,"82, Narmad Nagar, Tennis Club, Athwalines, Surat",LinkedIn/company site,https://in.linkedin.com/company/the-production-house-surat,11-50 employees; Mumbai/Dubai/Surat,"Full-service: ads, product shoots, corporate films, web series, YouTube; strong growth signal"
L0083,A,82,Surbhi Textile Mills Pvt Ltd,Textile Manufacturing,"Weaving/Embroidery (grey cloth, Schiffli)",Sachin GIDC,,,https://www.surbhi.com/surbhi-textile-mills,ERP/Tally servers; design & billing PCs; multi-shed CCTV; networking + Wi-Fi; biometric attendance; AMC,Vertically integrated multi-unit group; ongoing modernization,Multi-facility group (Sachin + Karanj),Owner/Director or Admin manager,Existence-verified (contact pending),"Surbhi Estate, A2/6/106, GIDC Sachin, Surat 394230",Company website,https://www.surbhi.com/surbhi-textile-mills,"Large group since 1976; yarn, woven, Schiffli + multihead embroidery, knits, RMG",Swiss Schiffli + Korean/Chinese multihead machines; broad IT footprint
L0084,A,82,Surat Textile Market (Ring Road),Textile Trade & Design,Textile market complex,Ring Road,,,,complex-wide networking + Wi-Fi; dense CCTV; bulk billing/POS desktops across shops; server/NAS; AMC,Ongoing digitization of wholesale trade; e-commerce/WhatsApp ordering push,Major established hub feeding all Ring Road textile trade,Market management / shop-owners association office,Existence-verified (contact pending),"Surat Textile Market, Ring Road, New Textile Market Area, Surat, Gujarat 395002",Market directory,https://surattextilemarkets.com/surat-textile-market/,Very large complex; hundreds of shops,Anchor wholesale hub; engage association for complex-wide infra deal
L0085,A,81,Surat National Co-operative Bank Ltd,Finance & Professional,Co-operative bank,Ghod-dod Road,,,https://suratnational.bank.in/,branch-wide desktops; core-banking servers + NAS backup; networking/firewall; CCTV + access control; UPS; AMC,Branch network across Surat; security upgrades,"Branches in Navapura, Udhna, Pandesara, Bhagal",Branch Manager,Existence-verified (contact pending),"310-A/310-B Canopus, 3rd Floor, Near Axis Bank, Ghod-dod Road, Surat-395007",Company site,https://suratnational.bank.in/branch/,Multi-branch UCB; corporate + head office,"HO at Navnidhi, Navapura"
L0086,A,81,Nirmal Hospital Pvt Ltd,Healthcare,Multispecialty / tertiary care hospital,Ring Road / Sagrampura,02612333999,corporate@nirmalhospitals.com,https://nirmalhospitals.in/,HIS/EMR servers + storage; PACS workstations (oncology imaging); billing desktops; networking + Wi-Fi; CCTV; UPS; AMC,Oncology/neuro/critical-care lines drive imaging + data infra,Established tertiary center; multi-line growth,Hospital Administrator / IT Manager / Purchase,Contact found,"No 2/1423-8-6, Near Centre Point, Ring Road, Sagrampura, Surat 395002",Hospital website,https://nirmalhospitals.in/contact/,120 beds; oncology+multi-specialty tertiary,Corporate email present; 30-line phone bank = sizable ops
L0087,A,81,The Grand Bhagwati (TGB) Surat,Hospitality & Real Estate,Hotel (5-star),Dumas Road / Magdalla,0261-3980111,,https://thegrandbhagwati.com/,PMS server; front-desk/back-office PCs; guest Wi-Fi + networking; CCTV; banquet AV; AMC,Established banquet + hotel complex,Strong MICE/banquet business,GM / Owner,Contact found,"Magdalla Circle, Near City Pulse Cinema, Dumas Road, Surat 395007",Govt tourism registry,https://gujarattourism.com/accommodation/registered-hotels/the-grand-bhagwati--surat.html,Large 5-star with banquets,Phone from Gujarat Tourism registry; banquet venue adds AV/networking needs
L0088,A,81,Limelight Diamonds (Bhathwari Group),Lab-Grown Diamond,CVD diamond grower / brand,Surat,,,https://limelightdiamonds.com/,GPU workstations for planning/grading; reactor-control PCs; rack server + NAS; multi-camera CCTV + access control; managed switches + Wi-Fi; AMC,Founded 2019; CVD diamonds produced at scale by Bhathwari Group in Surat; large retail brand,Large-scale CVD production backing a national retail brand; growth-stage,Owner/Director or IT Manager,Existence-verified (contact pending),"Surat, Gujarat (Bhathwari Group manufacturing)",Company website,https://limelightdiamonds.com/about-limelight-diamonds/,"Large - large-scale CVD producer, India retail brand since 2019",Backed by Bhathwari Group Surat large-scale producer; contacts not visible on source
L0089,A,80,Sarjan Architects & Project Consultants,Architecture & CAD/Engineering,Architecture / Project consultancy,Nanpura,9879604444,admin@sarjanarchitects.com,https://sarjanarchitects.com/,GPU workstations for govt/corporate/high-rise CAD & rendering; dual monitors; NAS/server; backup; structured networking; AMC,"60+ yrs; government buildings, corporate offices, tall commercial/residential",Long-established firm; large-project pipeline,Principal Architect / Partner,Contact found,"51, 5th Floor, River Palace A Wing, Opp. Old Civil Court, Nanpura, Surat 395001",Company website,https://sarjanarchitects.com/,Mid-large,Project-consultancy scale; large drawing volumes
L0090,A,80,Sopan Infotech Pvt. Ltd.,Architecture & CAD/Engineering,CAD/CAM mechanical design & SOLIDWORKS,Athwa Gate,9725554395,info@sopaninfotech.com,https://www.sopaninfotech.com/,High-end GPU workstations for SOLIDWORKS 3D CAD + ESPRIT CAM + mechanical 3D modelling; dual monitors; NAS/server; backup; networking; AMC,SOLIDWORKS Authorized Reseller & Training Centre since 2012; mechanical 2D/3D drafting services,Authorised reseller + training centre; growing CAD/CAM services,Director / Owner,Contact found,"2D, 2nd Floor, Dr. Mansukh Lal Tower, Opp. Dhiraj Sons, B/s Vanita Vishram College, Athwagate, Surat 395002",Company website,https://www.sopaninfotech.com/reach-us,Mid,Runs design-services + training labs (many CAD seats)
L0091,A,80,KGK Diamonds (I) Pvt Ltd,Diamond & Bourse,Diamond manufacturer & exporter,Varachha / Katargam,,,https://www.kgkgroup.com/,Diamond-planning workstations; multi-site managed networking; CCTV + biometric access; servers + NAS; AMC,Multi-site global group presence,Large international group,Owner/Partner or IT/Security head,Existence-verified (contact pending),"2nd Floor, Millennium Diamond Complex, Near Harinandan Society, Varachha Road, Surat 395006; also Katargam units",JustDial + search snippet,https://www.justdial.com/jdmart/SURAT/K-G-K-Diamonds-Pvt-Ltd-Harinandan-Society-Varachha-Road/0261PX261-X261-110819174611-F3G7_BZDET/catalogue,KGK Group; multiple Surat units (Varachha + Katargam),KGK Group; several Surat addresses across Varachha & Katargam
L0092,A,80,Rosy Blue India Pvt Ltd,Diamond & Bourse,Diamond manufacturer & merchant,Bhagatalao,,compliance@rosyblue.com,https://www.rosyblue.in/,Diamond-planning workstations; managed networking; CCTV + access control; servers + NAS; AMC,Part of global Rosy Blue group; rough + finished mfg,Global multinational presence,Owner/Partner or Admin/IT head,Contact found,"101 Vijay Chambers, Near City Post Office, Chauta Pool, Bhagatalao, Surat 395003",JustDial + search snippet,https://www.justdial.com/Surat/Rosy-Blue-INDIA-Pvt-Ltd-Near-City-Post-Office-Chauta-Pool-Bhagatalao/0261P261STDS000206_BZDET,International Rosy Blue Group; large global diamond manufacturer,Surat office of global Rosy Blue group; compliance email captured
L0093,A,80,Star Rays,Diamond & Bourse,Solitaire diamond manufacturer,Surat,,,https://starrays.com/,Diamond-planning workstations; managed networking; CCTV + biometric access; servers + NAS; AMC,Recently consolidated all manufacturing under one new roof,New consolidated factory build,Owner/Partner or IT/Security head,Existence-verified (contact pending),"New 45,000 sq ft factory, Surat (all manufacturing consolidated)",Company site + search snippet,https://starrays.com/Info/AboutUs,"45,000 sq ft consolidated factory; flawless solitaire specialist",High-end FL solitaire maker; recent new factory = fresh fit-out
L0094,A,80,C. K. Pithawala College of Engineering & Technology (CKPCET),Education,Engineering College,"Dumas Road, Magdalla",0261-2766246,,ckpcet.ac.in,computer-lab desktops (bulk); lab servers; campus networking + Wi-Fi; CCTV; AMC,Engineering labs; GTU/AICTE accreditation pushes,Campus growth,Principal / IT Head,Existence-verified (contact pending),"Pithawalla Educational Complex, Via Magdalla Port, Dumas Road, Surat-395007",Official site,https://ckpcet.ac.in/,Large engineering college,CSE/IT branches drive bulk desktop demand
L0095,A,80,Dr. S. & S.S. Ghandhy Government Engineering College,Education,Engineering College (Govt),Majura Gate,0261-2653139,gec_deg_surat@yahoo.com,gecsurat.ac.in,computer-lab desktops (bulk); lab servers; campus networking + Wi-Fi; CCTV; AMC,Govt-funded lab modernization; AICTE/NBA,Govt budget-driven IT upgrades,Principal / IT Head,Contact found,"Opp. RTO Office, Majura Gate, Ring Road, Surat-395001",Govt (CTE Gujarat) site,http://www.gecsu.cteguj.in/contact/,Large govt engineering college,Govt institution; tenders for bulk desktop/lab procurement
L0096,A,80,Fountainhead School,Education,School (IB/IGCSE),"Kunkni, Rander-Dandi Road",0261-3501300,surat@fountainheadschools.org,fountainheadschools.org,computer-lab desktops (bulk); 1:1 device/labs; smart-class panels/projectors; networking + Wi-Fi; CCTV; AMC,Premium international school; high tech integration,Campus expansion,Principal / Admin / IT Head,Contact found,"Village Kunkni, Rander-Dandi Road, Surat-395005",Official site,https://www.fountainheadschools.org/connect-with-us/contact-us/,Large premium IB+IGCSE school,IB/IGCSE = heavy device + lab + AV spend
L0097,A,80,Vanita Vishram Women's University,Education,University (Private/Women),Athwa Gate,0261-2300200,office@vvwusurat.ac.in,vvwusurat.ac.in,computer-lab desktops (bulk); lab servers; campus networking + Wi-Fi; CCTV; smart-class; AMC,New women's university scaling up programs/seats,New university build-out & growth,Registrar / IT Head,Contact found,"C Building, Vanita Vishram Campus, Athwa Gate, Surat-395001",Official site,https://vvwusurat.ac.in/,Large (first women's university in Gujarat),Greenfield university = strong fit-out demand
L0098,A,80,Marwadi Shares & Finance Limited,Finance & Professional,Stock / commodity broker,Ring Road,0261-6644408,,https://www.marwadionline.com/,multi-seat desktops + dealing terminals; data server + NAS backup; networking/firewall; CCTV + access control; UPS; AMC,Multiple Surat branches; trading-tech & security,WTC + Adajan offices,Branch Manager,Contact found,"533/B World Trade Centre, Ring Road, Surat-395001",Company site,https://www.marwadionline.com/contact-us,National broker; multiple Surat offices,"Adajan office: Jay Complex, Anand Mahel Rd 0261-2730655"
L0099,A,80,South Gujarat Shares & Sharebrokers Ltd,Finance & Professional,Stock / commodity broker,Ring Road,0261-2601296,,https://www.sgssl.co.in/,multi-seat desktops + dealing terminals; data server + NAS backup; networking/firewall; CCTV + access control; UPS; AMC,Regional brokerage; trading-tech upgrades,Long-standing South Gujarat broker,Admin,Contact found,"3rd Floor, Belgium Chambers, Opp Linear Bus Stop, Ring Road, Surat-395003",Company site,https://www.sgssl.co.in/Contact-us.aspx,Established regional sharebroking company,Also 2454647; equity broking & advisory
L0100,A,80,The Adinath Co-operative Bank Ltd,Finance & Professional,Co-operative bank,Ring Road,,,https://adinathbank.in/,branch-wide desktops; core-banking servers + NAS backup; networking/firewall; CCTV + access control; UPS; AMC,Branch network; data-security upgrades,Begumpura + Ring Road branches,Branch Manager,Existence-verified (contact pending),"B-1 To 6, Vakharia Market, Opp Abhishek Market, Ring Road, Surat-395002",Company site,https://adinathbank.in/,Non-scheduled UCB; multiple branches,"Branches incl New Textile Market, Begumpura"
L0101,A,80,Courtyard by Marriott Surat,Hospitality & Real Estate,Hotel (5-star),Hazira Road,,,https://www.marriott.com/en-us/hotels/stvcy-courtyard-surat/overview/,PMS server; front-desk/back-office PCs; guest Wi-Fi + networking; CCTV; IPTV; AMC,Business hotel near Hazira industrial belt,Marriott Tier-2 expansion,GM / IT Manager,Existence-verified (contact pending),"Earthspace, Hazira Road, Surat 394510",Hotel listing,https://www.hotelplanner.com/Hotels/319130/Reservations-Courtyard-by-Marriott-Surat-Surat-Earthspace-Hazira-Rd-394510,Large 5-star business hotel,Address from hotelplanner listing
L0102,A,80,Happy Home Group,Hospitality & Real Estate,Real estate developer / Builder,Vesu / Palanpur,,,https://www.happyhomegroup.in/,Site CCTV; sales-gallery & office PCs; networking; server/NAS; AMC,"52+ projects, concentrated in Vesu/Palanpur",Continuous project delivery,Director / Purchase,Existence-verified (contact pending),Surat,Finance directory,https://www.bankbazaar.com/home-loan/builders-in-surat.html,Large; 52+ projects since 2003,52+ projects; active in premium Vesu corridor
L0103,A,80,Raghuvir Developers & Builders,Hospitality & Real Estate,Real estate developer / Builder,Surat,,,https://www.raghuvirdevelopers.com/,Site CCTV; sales-gallery & office PCs; networking; server/NAS; AMC,"Active projects (Spelito, Steffon)",30+ projects; long-standing builder,Director / Purchase,Existence-verified (contact pending),Surat,Builder official site,https://www.raghuvirdevelopers.com/,Large; 30+ projects since 1986,Est. 1986; multiple ongoing sites
L0104,A,80,The Gateway Hotel Athwalines (Taj/IHCL),Hospitality & Real Estate,Hotel (5-star),Athwalines,0261-6697000,,https://www.tajhotels.com/en-in/destination/hotels-in-surat,PMS server; front-desk/back-office PCs; guest Wi-Fi + networking; CCTV; IPTV; AMC,IHCL/Taj-managed property,Premium chain operations,GM / IT Manager,Contact found,"Ambika Niketan, Athwalines, Dumas Road, Surat",Govt tourism registry,https://www.gujarattourism.com/accommodation/registered-hotels/the-gateway-hotel-athwalines.html,Large 5-star (IHCL),Phone from Gujarat Tourism registry
L0105,A,80,BlueStone - LP Savani (Adajan),Jewellery,Branded retailer/showroom,Adajan (LP Savani),8655650958,,https://www.bluestone.com/,high-density CCTV + access control (critical); POS/billing PCs; networking + Wi-Fi; AMC,New LP Savani store,New store,Store/Admin manager,Contact found,"Unit No. 05 GF and 105 First Floor, Building C, Universal Trade Center, LP Savani Road, Adajan, Surat",company_website,https://www.bluestone.com/stores/lp-savani-surat-reslnk-TWpJdw==/catalog.html,Large (omnichannel brand showroom),
L0106,A,80,CaratLane - Adajan,Jewellery,Branded retailer/showroom,Adajan,,,https://www.caratlane.com/,high-density CCTV + access control (critical); POS/billing PCs; networking + Wi-Fi; AMC,"Multiple Surat stores (Adajan, Ghod Dod)",Multi-store Surat presence,Store/Admin manager,Existence-verified (contact pending),"Shop no 1, Mangaldeep Complex, besides Tanishq Showroom, near LP Savani Circle, Adajan, Surat 395009",company_website,https://www.caratlane.com/stores/stores/adajan-surat-308/catalog,Large (Titan brand showroom),Ghod Dod Road store also operating
L0107,A,80,ORRA Fine Jewellery - Westfield Mall,Jewellery,Branded retailer/showroom,Westfield Mall,,,https://www.orra.co.in/,high-density CCTV + access control (critical); POS/billing PCs; networking + Wi-Fi; AMC,Mall-format store; brand expansion,New mall store,Store/Admin manager,Existence-verified (contact pending),"Westfield Mall, Surat (ORRA store)",company_website,https://www.orra.co.in/stores/gujarat/surat/westfield-mall,"Large (national brand, mall store)",Brand heritage since 1888
L0108,A,80,Pachchigar Jewellers (Ashokbhai),Jewellery,Large retailer/showroom,Athwalines,+91-9879010065,pachchigar.jewellers@gmail.com,https://pachchigarjewellers.com/,high-density CCTV + access control (critical); POS/billing PCs; networking + Wi-Fi; server/NAS; AMC,Surat + Ahmedabad presence,Multi-city showrooms,Owner/Director,Contact found,"200, SNS House, Opp. New Court Building, Lal Bunglow, Athwalines, Surat 395007",company_website,https://pachchigarjewellers.com/contact-us/,"Medium-large (gold/diamond/polki showroom, Surat + Ahmedabad)",Second phone +91-9512500744
L0109,A,80,Torra Jewels,Jewellery,Diamond jewellery manufacturer,Mini Bazar (Varachha),+919879792408,,https://torrajewels.com/,high-density CCTV + access control (critical); jewellery CAD workstations; networking + Wi-Fi; server/NAS; AMC,Fully integrated mfg with advanced tech; export-oriented,"Growing manufacturer, advanced technology",Owner/Director,Contact found,"A/602 Diamond World, Mini Bazar, Varachha Rd, Surat 395003",company_website,https://torrajewels.com/Home,"Medium (manufacturer since 2009, job-work + brand)","Makes 9/14/18kt diamond jewellery, job-work"
L0110,A,80,Riddhi Corporation LLP,Lab-Grown Diamond,HPHT rough diamond grower / wholesaler,Ichhapore (Pal-Hazira Rd),,,http://rclgd.com/,GPU workstations for planning/grading; reactor/press-control PCs; rack server + NAS; multi-camera CCTV + access control; managed switches + Wi-Fi; AMC,First introducer of HPHT lab-growing rough in India; GIA/IGI Type IIa & IIb wholesale,Pioneer HPHT grower at Gujarat Hira Bourse; established growing operation,Owner/Director,Existence-verified (contact pending),Plot W-01A & W-01B Gem and Jewellery Park Gujarat Hira Bourse Ichhapore Pal-Hazira Road Surat 394510,Company website,https://rclgd.com/contactus,"Medium-large - 1st introducer of HPHT rough in India, est 2014",Contact email obfuscated on source; phone not visible
L0111,A,80,Garden Silk Mills Pvt Ltd,Textile Manufacturing,"Weaving/Processing (fabric, yarn)",Jolwa (Palsana) / Rampura,,,https://www.indiamart.com/gardensilkmills/aboutus.html,ERP servers; shop-floor & billing PCs; large-area CCTV; networking + Wi-Fi; biometric attendance; AMC,Large integrated facility; ongoing operations under MCPI,Large integrated Jolwa plant,Owner/Director or Plant Admin manager,Existence-verified (contact pending),"Garden House, Rampura Tankina, Surat 395003; manufacturing hub at Jolwa near Surat",IndiaMART,https://www.indiamart.com/gardensilkmills/aboutus.html,Very large legacy textile/yarn manufacturer; Jolwa plant,Major brand; large Jolwa manufacturing hub = high CCTV/network/server needs
L0112,A,80,Laxmipati (Weaving + Dyeing/Printing Units),Textile Manufacturing,Weaving + Dyeing/Printing,Sachin GIDC / Pandesara,,,https://laxmipati.com/pages/contact,"ERP servers; design, billing & shop-floor PCs; multi-site CCTV; networking + Wi-Fi; biometric attendance; AMC",Vertically integrated brand; two manufacturing units,Separate weaving + dyeing units (multi-site),Owner/Director or Admin manager,Existence-verified (contact pending),"Weaving: Plot 1, Block 243-246, Rd No 8, GIDC Sachin, Surat 394230; Dyeing/Printing: A-26 Central Park, GIDC Pandesara, Surat 394221",Company website,https://laxmipati.com/pages/contact,Large saree brand with own weaving + dyeing/printing units,Two manufacturing sites (Sachin + Pandesara) = multi-location network/CCTV opportunity
L0113,A,80,Sumeet Industries Ltd,Textile Manufacturing,Yarn / Texturising (POY/FDY/PTY),Ring Road / GIDC,,,https://www.sumeetindustries.com/,ERP servers; plant & billing PCs; large-area CCTV across yarn plant; networking + Wi-Fi; biometric attendance; AMC,Integrated 5-division yarn manufacturing; capacity scale,Integrated CP-POY-FDY-texturising plant,Owner/Director or Engineering manager (Mr. Vipul Patel),Existence-verified (contact pending),"Office 504, Trividh Chamber, Opp. Fire Station, Ring Road, Surat 395002",Company website,https://www.sumeetindustries.com/,"Large: est. 1989; CP, POY, FDY, Texturising, Carpet Yarn; integrated plant",Large integrated yarn maker; high-value plant CCTV/network/server scope
L0114,A,80,Surbhi (Surbhi Group - Embroidery unit),Textile Manufacturing,Embroidery (Schiffli/multihead),Sachin GIDC / Karanj,,,https://www.surbhi.com/embroidery,ERP servers; design (digitizing) & billing PCs; large-area CCTV; networking + Wi-Fi; biometric attendance; AMC,One of India's largest embroidery units; ongoing expansion,100+ multihead + Swiss Schiffli fleet,Owner/Director or Admin manager,Existence-verified (contact pending),"Sachin GIDC + Karanj, Surat",Company website,https://www.surbhi.com/embroidery,Large: LASSER Swiss Schiffli + 100+ multihead fancy embroidery machines,Very large embroidery operation; high-value design/network/CCTV scope
L0115,A,80,Avadh Textile Market,Textile Trade & Design,Textile market complex,Umarwada / Sahara Darwaja,+919510260827,info@avadhtextilemarket.com,https://avadhtextilemarket.com/,complex-wide networking + Wi-Fi; dense CCTV; bulk billing/POS desktops; AMC,Active digital/online ordering tenants,One of Surat's busiest wholesale textile zones,Avadh Projects / market management office,Contact found,"Opp. New Bombay Market, Sahara Darwaja, Umarwada, Surat, Gujarat 395010",Market directory,https://surattextilemarkets.com/avadh-textile-market/,Large busy wholesale market,Phone from market listing (+919510260827 / +918320365036 / +919978905900); dev site avadhprojects.com
L0116,A,80,FOSTTA (Federation of Surat Textile Traders Association),Textile Trade & Design,Textile traders association,Ring Road / Millennium Market,,,https://fostta.com/,"office IT: desktops, networking, Wi-Fi, CCTV; AMC; gateway to member markets",Industry-wide digitization drives,Apex federation - influence over all Ring Road markets,Federation office bearers / secretariat,Existence-verified (contact pending),"FP-143/144, Ground Floor, Millennium Textile Market, Surat 395002",Corporate registry,https://www.zaubacorp.com/FEDERATION-OF-SURAT-TEXTILES-ASSOCIATION-U85300GJ2022NPL130054,"Apex body for ~60,000+ textile traders",Strategic relationship - door-opener to entire trader base; CIN U85300GJ2022NPL130054
L0117,A,80,Textile Export India Pvt Ltd,Textile Trade & Design,Garment/textile exporter,Ring Road,+919537548851,contact@textileexport.in,,bulk billing/POS desktops; CCTV; networking + Wi-Fi; server/NAS; textile-CAD workstation; AMC,Export to 42+ countries; e-commerce scale,42+ country exports; 200+ catalogs - strong growth,Owner / Partner,Contact found,"E-308, Kuberji Textile Park, Behind Belgium Square, Ring Road, Surat",B2B marketplace,https://www.indiamart.com/textile-export-india-private-limited/aboutus.html,Pvt Ltd; delivered to 42+ countries; 200+ brand catalogs,Phone +919537548851 / +919586784803; email contact@textileexport.in
L0118,A,78,Esscons MEP & Engineering Design Services,Architecture & CAD/Engineering,MEP consultant,Pal / Adajan,8469516900,essconsmep@gmail.com,https://essconsmep.com/,GPU workstations for MEP 3D/BIM modelling & coordination; dual monitors; NAS/server; backup; networking; AMC,Est. 2009; grew from electrical to full MEP; Surat + Ahmedabad offices,Multi-city growth; BIM/MEP coordination workload,Partner / Principal Engineer,Contact found,"The Boulevard, Office 323.2, Near Pratham Circle, Gallaria Street, Green City Road, Pal, Adajan, Surat 395009",Company website,https://essconsmep.com/,Mid (multi-city),MEP/BIM is GPU+server heavy
L0119,A,78,Prashant Parmar Architect (Shayona Consultant),Architecture & CAD/Engineering,Architecture / Interior firm,Surat (multi-city),9825866356,,https://prashantparmar.com/,GPU workstations for luxury architecture/interior rendering; dual monitors; NAS/server; backup; networking; AMC,Founded 2000; luxury residential/commercial; operates in 4 Gujarat cities,Multi-city footprint incl. Surat,Principal Architect / Partner,Contact found,"Surat, Gujarat (also Ahmedabad, Rajkot, Vadodara)",Company website,https://prashantparmar.com/contact/,Mid-large (multi-city),Shayona Consultants; high-end design rendering demand
L0120,A,78,Alpino Health Foods,BPO/Logistics/Print,E-commerce/D2C,"Magdalla / Kosmada, Surat",8347688000,support@alpinohealthfoods.com,https://alpino.store/,office/design PCs; e-comm/ERP servers; networking + firewall; factory/warehouse CCTV; barcode/handhelds; AMC,Internet-first food brand scaling on Amazon + own site; manufacturing+office,"Founded 2016 by 7 founders; funded D2C, own factory",IT Head / Operations Manager,Contact found,"Bungalow 7, Napoleon Estate, Near VR Mall, Dumas Road, Magdalla, Surat - 395007; Mfg AHF-1 Punagam Canal Road, Kosmada, Surat - 395006",JustDial / Company website,https://www.justdial.com/jdmart/Surat/Alpino-Health-Foods-Pvt-Ltd-Near-Hp-Petrol-PumpOpposite-Pujan-Plaza-Brts-Kenal-Road-Near-Bharat-Wood-Heaven-Party-Plot-Parvat-Patiya-Kosmada/0261PX261-X261-190209213122-J4N4_BZDET/catalogue,"Mid (funded, est. 2016)",Phone +91-8347688000; email support@alpinohealthfoods.com; D2C peanut butter / health foods
L0121,A,78,H. K. Designs (India) / H.K. Jewels,Diamond & Bourse,Diamond cutting/polishing & jewellery manufacturer,Surat,,,https://hkdesigns.co/,Diamond-planning + jewellery CAD workstations; managed networking; CCTV + access control; servers + NAS; AMC,Cut/polish + jewellery mfg in Surat,Multi-unit manufacturer,Owner/Partner or IT head,Existence-verified (contact pending),Diamond cutting/polishing units in Surat & Ahmedabad; jewellery unit Surat,Company site + search snippet,https://hkdesigns.co/infrastructure.php,Manufacturing units Surat & Ahmedabad; SEEPZ jewellery,Diamonds cut/polished in multiple shapes; H.K. Jewels Surat
L0122,A,78,Atmiya Vidya Mandir,Education,School (CBSE/Residential),"Kolibharthana, Kamrej",02621-355900,principal@avm.edu.in,avm.edu.in,computer-lab desktops (bulk); smart-class panels/projectors; campus networking + Wi-Fi; CCTV; AMC,Premier residential school; digital classrooms,Campus facilities growth,Principal / Admin / IT Coordinator,Contact found,"At & Po Kolibharthana, Kamrej-Shampura Road, Ta-Kamrej, Surat-394180",Official site,https://www.avm.edu.in/contact/,Large CBSE residential school,Residential campus = boarding IT + labs + surveillance
L0123,A,78,Auro University,Education,University (Private),"Hazira Road, Bhatpore",0261-4088100,,aurouniversity.edu.in,computer-lab desktops; lab servers; campus networking + Wi-Fi; CCTV; smart-class panels; AMC,Modern campus; design/IT/management labs,Program expansion,Director / Registrar / IT Head,Existence-verified (contact pending),"Earthspace, Hazira Road, Surat-394510",Govt directory + official site,https://surat.nic.in/public-utility/auro-university/,Mid-large private university (hospitality/management/law/IT),Premium private university; email not captured on source
L0124,A,78,L. P. Savani International School,Education,School (CBSE),"Pal, Adajan",,shrivastavrajiv@yahoo.com,lpsipal.edu.in,computer-lab desktops (bulk); smart-class panels/projectors; networking + Wi-Fi; CCTV; AMC,Growing CBSE group (Savani trust),Multiple Savani-group campuses,Principal / Admin / IT Coordinator,Contact found,"T.P.-10, L.P.Savani Gauravpath Road, Pal, Adajan, Surat-394510",Official site,https://lpsipal.edu.in/,Large CBSE school (est. 2011),Phone not clearly listed on source; email captured
L0125,A,78,P. P. Savani Chaitanya Vidya Sankul (CBSE),Education,School (CBSE),"Mota Varachha, Abrama Road",,principalppscvs@gmail.com,ppsavanicbse.org,computer-lab desktops (bulk); smart-class panels/projectors; networking + Wi-Fi; CCTV; AMC,Large education sankul; CBSE+Cambridge+CFE on campus,Big multi-stream campus,Principal / Admin / IT Coordinator,Contact found,"Sankul, Mota Varachha-Abrama Road, Surat-394101",Govt directory + PP Savani,https://surat.nic.in/public-utility/p-p-savani-vidhya-bhavan/,Very large school sankul (multi-section),Phone not on source; large sankul = scale demand
L0126,A,78,"Podar International School, Surat",Education,School (CBSE),"Jahangirabad, Adajan (multi-campus)",7227023110,admissions@podar.org,podareducation.org,computer-lab desktops (bulk); smart-class panels/projectors; networking + Wi-Fi; CCTV; AMC,National chain; 3+ Surat campuses; digital push,Multi-campus growth in Surat,Principal / Admin / IT Coordinator,Contact found,"TP 44, Ugat Dandi Road, Opp. DMart, Jahangirabad, Adajan, Surat-395005",Official site,https://www.podareducation.org/school/surat-jahangirabad/gcontactus1543,Large CBSE chain (multi-campus in Surat),Chain school; central + local procurement
L0127,A,78,"Ryan International School, Surat",Education,School (CBSE),Adajan / Dumas (multi-campus),+91-8866057708,ris.adajan@ryangroup.com,ryangroup.org,computer-lab desktops (bulk); smart-class panels/projectors; networking + Wi-Fi; CCTV; AMC,National chain; standardized IT/smart-class rollouts,Multi-campus presence,Principal / Admin / IT Coordinator,Contact found,"Plot 85, Rander Rd, opp. Navyug College, Adajan Patiya, Surat-395009",Official group site,https://www.ryangroup.org/contact/get-in-touch,Large CBSE chain school,Chain school; central procurement + local labs
L0128,A,78,Shree Swami Atmanand Saraswati Institute of Technology (SSASIT),Education,Engineering College,"Kapodra, Varachha Road",0261-2573552,admin@ssasit.ac.in,ssasit.ac.in,computer-lab desktops (bulk); lab servers; campus networking + Wi-Fi; CCTV; AMC,Engineering labs; accreditation-driven upgrades,Vidhya Sankul multi-institution campus,Principal / IT Head,Contact found,"SSAS Vidhya Sankul, Kapodra, Varachha Road, Surat-395006",Official site,https://ssasit.ac.in/,Mid-large engineering college (est. 2009),Part of large education campus; recurring lab refresh
L0129,A,78,Sir P. T. Sarvajanik College of Science,Education,Science College (Autonomous),Athwalines,0261-2240028,contact@ptscience.org,ptscience.ac.in,computer-lab desktops (bulk); lab servers; campus networking + Wi-Fi; CCTV; AMC,"Autonomous status; science/CS lab upgrades, NAAC",Autonomy-driven infra investment,Principal / IT Head,Contact found,"MTB College Campus, J.N. Marg, Opp. Chowpati, Athwalines, Surat-395001",Official site,https://ptscience.ac.in/,Large autonomous science college (est. 1960),Science + CS labs; large student body
L0130,A,78,Vidhyadeep University,Education,University (Private),Kim/Olpad (South Gujarat),8828912891,info@vidhyadeepuni.ac.in,vidhyadeepuni.ac.in,computer-lab desktops (bulk); lab servers/storage; campus networking + Wi-Fi; CCTV; smart-class; AMC,New private university scaling programs/seats,University build-out,Registrar / IT Head,Contact found,"Vidhyadeep Campus, Anita, Kim-Vadoli Road, Ta-Olpad, Surat-394540",Official site,https://vidhyadeepuni.ac.in/contact.php,Growing private university,Parent body of VIET; multi-faculty bulk demand
L0131,A,78,Associate Co-operative Bank Ltd,Finance & Professional,Co-operative bank,Ring Road,,,https://www.associatebank.in/,branch-wide desktops; core-banking servers + NAS backup; networking/firewall; CCTV + access control; UPS; AMC,Recently opened additional branches; growth,New branches recently opened,Branch Manager,Existence-verified (contact pending),"1st Floor, Surat Vankar Sangh Building, Ring Road, Surat",Company site,https://associatebank.in/Contactus,UCB since 2000; youngest UCB in Gujarat,Umarwada + HO branches
L0132,A,78,S S Singhvi & Associates,Finance & Professional,CA / Audit firm,Surat,+91 261 2313030,info@ssinghvi.co.in,https://singhviadvisors.com/,multi-seat desktops/workstations; Tally/data server + NAS backup; networking + firewall; CCTV; UPS; AMC,Multi-city expansion; audit/data-security needs,"Branches in Mumbai, Navsari, Jodhpur indicate growth",Partner,Contact found,,Directory/Blog,https://www.thinkingbridge.in/blog/top-ca-firms-in-surat,"Multi-branch firm (Surat, Mumbai, Navsari, Jodhpur), est. 1995","26+ yrs; audit, direct tax, GST, internal controls"
L0133,A,78,BAPS Pramukh Swami Hospital,Healthcare,Multispecialty charitable hospital,Adajan,,,https://surat.nic.in/public-utility/baps-pramukh-swami-hospital/,HIS/EMR servers + storage; PACS workstations (radiology); billing desktops; networking + Wi-Fi; CCTV; UPS; AMC,Radiology dept + high patient volume; trust-funded capex,Major charitable trust hospital; ongoing service breadth,Hospital Administrator / Trust Purchase Committee,Existence-verified (contact pending),"Shri Pramukh Swami Maharaj Marg, Adajan Char Rasta, Adajan, Surat 395009",Government directory,https://surat.nic.in/public-utility/baps-pramukh-swami-hospital/,"Large charitable multispecialty (radiology, neuro, etc.)",Trust-run; committee buying; reliable existence (govt listing)
L0134,A,78,Shri B.D. Mehta Mahavir Heart Institute,Healthcare,Super-speciality cardiac institute,Nanpura / Ring Road,0261-2471770,,https://www.mahavirhospital.com/,HIS/EMR servers; cath-lab imaging workstations; lab/billing desktops; networking + Wi-Fi; CCTV; UPS; AMC,Two cath labs + automated pathology = imaging + lab IT,Charitable cardiac institute; established cath-lab ops,Hospital Administrator / IT Manager,Contact found,"Shree Mahavir Health Campus, Ring Road, Opp Jivan Bharti School, Nanpura, Surat 395001",Hospital website,https://www.mahavirhospital.com/ContactUs.aspx,110 beds; 2 cath labs; 2 cardiac OTs; 24h pathology,Dual cath labs + lab automation; strong imaging fit
L0135,A,78,Sterling Accuris Diagnostics,Healthcare,Pathology lab / diagnostics chain,Multiple (Lal Darwaja / Athwa / Ring Rd / Palanpur),081281 30000,,https://sterlingaccuris.com/lab/surat,LIS servers + storage; lab analyzer-integrated workstations; reception/billing desktops; multi-site networking + Wi-Fi; CCTV; UPS; AMC,Multi-branch chain = LIS + networked sample tracking,Expanding branch network across Surat,Lab Director / IT Manager / Purchase,Contact found,"404 Ayush Doctor House, Lal Darwaja Station Rd, Surat 395003 (+ Athwa, Ring Road, Palanpur branches)",Lab chain website,https://sterlingaccuris.com/lab/surat,2000+ tests; National Reference Lab; multi-branch,Chain with many branches = recurring networking/AMC
L0136,A,78,Hilton Garden Inn Surat City Centre,Hospitality & Real Estate,Hotel (4-star),City Centre,,,https://www.hilton.com/en/hotels/stvgigi-hilton-garden-inn-surat-city-centre/,PMS server; front-desk/back-office PCs; guest Wi-Fi + networking; CCTV; AMC,"Branded business hotel, central",Hilton brand standards,GM / IT Manager,Existence-verified (contact pending),Surat City Centre,Hotel official site,https://www.hilton.com/en/hotels/stvgigi-hilton-garden-inn-surat-city-centre/,Mid-large business hotel,Branded chain; standardized IT and AMC needs
L0137,A,78,Rahul Raj Mall,Hospitality & Real Estate,Shopping mall / Multiplex,Dumas Road / Athwalines,,,https://gujarat.mallsmarket.com/malls/rahulraj-mall-surat,Mall management PCs; visitor Wi-Fi + networking; CCTV/access control; AMC,Premium mall on Gaurav Path,High-footfall retail hub,Admin / Mall IT Manager,Existence-verified (contact pending),"Opp. Govardhan Haveli, Gaurav Path, Dumas Road, Surat 395007",Business directory,https://www.mapsofindia.com/whitepages/businesses/index/rahul-raj-mall-surat-guj,"Large mall, PVR multiplex, Apple Store",Houses Gujarat's only Apple Store; PVR multiplex
L0138,A,78,The Fern Vishranta Resort Kamrej-Surat (Series by Marriott),Hospitality & Real Estate,Resort,Kamrej,,,https://www.marriott.com/,PMS server; front-desk/back-office PCs; guest Wi-Fi + networking; CCTV; AMC,Newly converted to Series by Marriott,Brand conversion = systems upgrade,GM / IT Manager,Existence-verified (contact pending),"Kamrej, Surat",Trade news,https://www.hotelierindia.com/development/marriott-debuts-series-by-marriott-globally-expanding-its-30-extraordinary-hotel-brands,"Resort, 89 rooms",Converted into Marriott portfolio; conversion often triggers IT/network refresh
L0139,A,78,WeeTech Solution Pvt. Ltd.,IT & Software,"Web, mobile, e-commerce, QA","Varachha/Vesu, Surat",+91 92768 88885,name@weetechsolution.com,https://www.weetechsolution.com/,Developer + QA workstations at scale; rack server + NAS; firewall + managed switches + Wi-Fi; CCTV; AMC,"150+ employees, 2000+ projects; also runs WeeTech Institute",Large headcount + training arm = multi-room networking/CCTV + bulk PCs,Founder/Director or IT/Admin Head,Contact found,"A-401, Astha Square, Near Kapodra-Utran Bridge, Kapodra, Varachha, Surat 394105",Company website (contact page),https://www.weetechsolution.com/contact/,Medium-Large (150+ employees; 2000+ projects),Email is generic format from source; 150+ staff makes this a top infra/AMC target
L0140,A,78,Four Dots Technology,Jewellery,Jewellery CAD/CAM & 3D printing services,Katargam (Ved Road),+917942802124,,https://www.indiamart.com/four-dots-technology/,jewellery CAD workstations (high-spec); CCTV; networking + Wi-Fi; server/NAS for design files; AMC,CAD/CAM services + DLP 3D printer manufacturing,Growing CAD/CAM + 3D printing provider,Owner/Director,Contact found,"G.F, 1st & 2nd Floor, Plot No-36/a, Nilkanth Industrial Co-op Society, Ved Road, Katargam, Surat 395004",indiamart,https://www.indiamart.com/four-dots-technology/jewellery-cad-cam-services.html,"Small-medium (CAD/CAM service + 3D printer mfr, est. 2021)",Strong CAD-workstation buyer profile
L0141,A,78,Harsha Diamond,Lab-Grown Diamond,CVD & HPHT diamond supplier / manufacturer,Surat,+91 78889 72030,,https://harshadiamond.com/,GPU workstations for planning/grading; rack server + NAS; multi-camera CCTV + access control; managed switches + Wi-Fi; AMC,One of largest CVD/HPHT/LGD distributors in India; 15 years trading globally,Large distributor scale; global trade footprint,Owner/Director,Contact found,"Surat, Gujarat (street address not visible on source)",Company website,https://harshadiamond.com/,"Large - one of the largest CVD/HPHT distributors in India, 15 yrs",Phone visible on site; email not visible; full address not visible; alt source: https://www.justdial.com/jdmart/Surat/Harsha-Diamond-Head-Office-Dalagiya-Sheri-Mahidharpura/0261PX261-X261-210601194601-X1A4_BZDET/catalogue
L0142,A,78,Prayagraj Dyeing & Printing Mills Pvt Ltd,Textile Manufacturing,Dyeing & Printing (processing house),Pandesara,+91 72111 22284,sales@dalmiaexports.com,https://www.prayagrajmills.com/,ERP/Tally servers; billing & design PCs; large-area CCTV (process + ETP); networking + Wi-Fi; biometric attendance; AMC,"Expanded into digital printing, flatbed, value-add services","Added flatbed, embroidery, foiling lines",Owner/Director (Mr. Sanjeev Dalmia),Contact found,"Plot No. 76, GIDC, Pandesara, Surat 394221",Maps of India / directory,https://www.mapsofindia.com/whitepages/businesses/index/prayagrajd,"Mid-large: est. 1990; dyeing, printing, digital printing, embroidery, foiling; own ETP + CETP",Family-owned processing house; expanding value-added lines; full IT/CCTV scope
L0143,A,78,Ajmera Fashion Limited,Textile Trade & Design,Saree manufacturer/exporter,Surat (Ring Road textile cluster),+91-8849429440,,https://www.ajmerafashion.com/,bulk billing/POS desktops; dense CCTV; networking + Wi-Fi; textile-CAD workstation; server/NAS; AMC,Worldwide shipping; large catalogue; e-commerce,Public-facing brand; global shipping; large scale,Owner / Management,Existence-verified (contact pending),"Surat, Gujarat",Company website,https://www.ajmerafashion.com/about-us.htm,Limited co.; since 2011; 32+ yr legacy; worldwide shipping,Large branded manufacturer; multiple product sites; strong digital/e-com ops; alt source: https://www.ajmerafashion.com/contact-us.htm
L0144,A,78,JJ AC Textile Market,Textile Trade & Design,Textile market complex,Ring Road,,,,complex-wide networking + Wi-Fi; dense CCTV; bulk billing/POS desktops; AMC,AC premium market; digital selling adoption,Premium designer-saree positioning,Market management / association office,Existence-verified (contact pending),"JJ AC Textile Market, Salasar Gate, JP Road, Ring Road, Surat 395002",Market directory,https://www.textileinfomedia.com/market/JJ-Ac-Textile-Market,Large AC market; designer sarees,AC market = higher-spec tenants; good for premium infra
L0145,A,78,Raghuvir Trade Center,Textile Trade & Design,Textile market complex,Saroli,,,,complex-wide networking + Wi-Fi; dense CCTV; bulk billing/POS desktops; server/NAS; AMC,Modern hub; bulk manufacturing + export shipping,Direct mill outlets; ships across India and abroad,Trade center management office,Existence-verified (contact pending),"Raghuveer Trade Center, Opp. Landmark Empires, Bhavani Industrial Estate, Saroli, Surat 395011",Market directory,https://surattextilemarkets.com/raghuvir-trade-center/,Large modern wholesale hub,Export-oriented; high data/CCTV needs
L0146,A,78,Shyam Texturisers Private Limited,Textile Trade & Design,Textile manufacturer/exporter,Surat,,,,bulk billing/POS desktops; dense CCTV; networking + Wi-Fi; server/NAS; AMC,Established large turnover; manufacturing scale,Rs 25-50 Cr turnover; since 1992,Owner / Management,Existence-verified (contact pending),"Surat, Gujarat",B2B marketplace,https://www.indiamart.com/impcat/readymade-garments.html,Estd 1992; turnover Rs 25-50 Cr,Large established manufacturer-exporter; high IT spend potential
L0147,A,78,Yadu Nandan Fashion,Textile Trade & Design,Saree/ethnic wear manufacturer-exporter,Ring Road,,,https://ynfonline.com/,bulk billing/POS desktops; CCTV; networking + Wi-Fi; textile-CAD workstation; server/NAS; AMC,Global export growth; e-commerce site (ynfonline.com),Diverse range; exporter; own e-commerce platform,Mr. Rinkesh Agarwal (Owner/Partner),Existence-verified (contact pending),"2002-2005, 2015-18, Jai Radhe Textile Market, Beside Anand Market, Near Shreeji Market, Ring Road, Surat 395002",B2B marketplace,https://www.indiamart.com/yadunandan-fashions-surat/profile.html,Estd 1990; global ethnic-wear exporter,"Contact person Rinkesh Agarwal; sarees, lehengas, suits, jewelry; export-focused"
L0148,A,77,Bhagwan Mahavir College of Engineering & Technology (BMCET),Education,Engineering College,"Vesu, Bharthana",0261-3247110,director.eng@bmefcolleges.edu.in,bmefcolleges.edu.in,computer-lab desktops (bulk); lab servers; campus networking + Wi-Fi; CCTV; AMC,Part of growing Bhagwan Mahavir education group,Group campus expansion in Vesu,Principal / IT Head,Contact found,"Sr. No. 149, VIP Road, Bharthana, Vesu, Surat-395017",AllSchoolsColleges + FB,https://www.allschoolscolleges.com/college/bhagwan-mahavir-college-of-engineering-and-technology-surat,Mid-large engineering college,Under BMEF group alongside BMU; bulk lab demand
L0149,A,77,G. D. Goenka International School,Education,School (CBSE),"New City Light, Bharthana",0261-2976000,contact@gdgoenkasurat.com,gdgoenkasurat.com,computer-lab desktops (bulk); smart-class panels/projectors; networking + Wi-Fi; CCTV; AMC,Premium brand; digital-classroom focus,Campus growth,Principal / Admin / IT Coordinator,Contact found,"Wisdom Valley, Canal Road, Bharthana Road, New City Light, Surat-395007",Official site,https://www.gdgoenkasurat.com/,Large premium CBSE school,Premium CBSE; high per-student tech spend
L0150,A,77,Maharaja Agrasen International School (MAIS),Education,School (CBSE/CIPP),"Narthan, Olpad",+91-9638766688,mais.surat@gmail.com,maisedu.in,computer-lab desktops (bulk); smart-class panels/projectors; networking + Wi-Fi; CCTV; AMC,International curriculum; digital classrooms,Campus expansion,Principal / Admin / IT Coordinator,Contact found,"Block 467, Village Narthan, Jahangirpura, Dandi Road, Ta-Olpad, Surat-395005",Official site,https://www.maisedu.in/contact-us.html,Large CBSE+Cambridge school,CBSE+CIPP = strong smart-class & lab demand
L0151,A,77,P. P. Savani Cambridge International School,Education,School (Cambridge/IGCSE),"Abrama, Kamrej",8828912891,,ppscis.org.in,computer-lab desktops (bulk); 1:1 devices; smart-class panels/projectors; networking + Wi-Fi; CCTV; AMC,Cambridge curriculum; high tech integration,PP Savani campus expansion,Principal / Admin / IT Head,Existence-verified (contact pending),"Mota Varachha-Abrama Road, At & Po Abrama, Ta-Kamrej, Surat-394150",Official site,https://ppscis.org.in/contact/,Large Cambridge international school,IGCSE = device + AV heavy; shared PP Savani admissions line
L0152,A,77,Tapti Valley International School,Education,School (CBSE),"Narthan, Olpad",+91-2621-353535,info@tvis.edu.in,tvis.edu.in,computer-lab desktops (bulk); smart-class panels/projectors; networking + Wi-Fi; CCTV; AMC,Large green campus; digital classrooms,Growing enrollment & facilities,Principal / Admin / IT Coordinator,Contact found,"Block 456-457, Village Narthan, Rander-Dandi Road, Ta-Olpad, Surat-395005",Official site,https://tvis.edu.in/reach-us/,Large CBSE campus school,Sprawling campus = networking + CCTV scale
L0153,A,77,PP Savani Heart Institute & Multispeciality Hospital,Healthcare,Multispecialty + cardiac hospital,Varachha / Kapodra,02612577100,,https://ppsavanihospital.org/,HIS/EMR servers + storage; PACS + cardiac imaging workstations; billing desktops; networking + Wi-Fi; CCTV; UPS; AMC,Cardiac + multispecialty mix drives imaging and HIS,Part of PP Savani group; growing footprint,Hospital Administrator / IT Manager / Purchase,Contact found,"Mansi Building, Varachha Main Road, Opp Kapodra Police Station, Surat 395006",Hospital website,https://ppsavanihospital.org/contact-us,Multispecialty + heart institute,Group-backed; cardiac imaging need
L0154,A,77,Casepoint Pvt. Ltd.,IT & Software,Legal-tech SaaS / eDiscovery platform,"Adajan, Surat",,,https://www.casepoint.com/,High-spec dev workstations; rack servers + NAS for SaaS dev/test; enterprise firewall + managed switches + Wi-Fi; CCTV/access control; AMC,US legal-tech SaaS (eDiscovery/compliance) with large Surat engineering center; incorporated 2012,"Global SaaS scale, enterprise security needs, large Adajan dev center",IT/Engineering Head or Admin Manager (Surat site),Existence-verified (contact pending),"Shivalik Western Complex, LP Savani Rd, TGB, Adajan Gam, Adajan, Surat 395009",Joonsquare listing + JustDial + company site,https://www.joonsquare.com/it-service/casepoint-pvt-ltd-surat,"Medium-Large (global SaaS platform, US HQ + Surat dev)",Enterprise SaaS dev center; strong server/security/AMC fit; confirm site contact
L0155,A,77,Madhurang Studio,Media/Video/Photo,Wedding photography & cinematography,Kamrej / Vesu,+91 98984 22612,,https://www.madhurangstudio.com/,GPU editing rigs; cinematic video storage/NAS; drone footage storage; color-grading; backup; AMC,Cinematic videography + drone 4K volume,~4000 weddings; Kamrej + Vesu branches,Owner/Founder (Kamal/Kiran Patel),Contact found,"141 Ratnapuri Society, Near Sankalp Hospital, Kamrej Char Rasta, Surat 394185",Company website,https://www.madhurangstudio.com/bio,Since 2000; ~4000 weddings; 2 branches,"Founders Kamal & Kiran Patel; cinematic videography, drones, albums; high volume"
L0156,A,77,Raghuveer Textile Mall,Textile Trade & Design,Textile market complex,Parvat Patiya / Saroli belt,,,https://www.raghuvirdevelopers.com/project_details/111,complex-wide networking + Wi-Fi; dense CCTV; bulk billing/POS desktops; AMC,New/modern mall development by Raghuvir Developers,Biggest hub in Parvat Patiya-Saroli belt,Raghuvir Developers / mall management office,Existence-verified (contact pending),"Maruti Chamber, Bhagyoday Industrial Estate, Sitaram Society Rd, Parvat Patiya, Surat 395010 (Opp J.T.Nagar)",Market directory,https://surattextilemarkets.com/raghuveer-textile-mall/,Large textile hub,Developer-built mall; approach builder for base-build networking/CCTV
L0157,A,76,AANGAN Architects (Aangan Collaborative LLP),Architecture & CAD/Engineering,Architecture firm,Athwa / Pal-Umra,9712919996,aangan.architect@gmail.com,https://aanganarchitects.org/,GPU workstations for architecture/urban design rendering; large monitors; NAS; backup; networking; AMC,"Residential, cultural and urban projects; featured on ArchDaily",LLP structure; urban-design portfolio expansion,Principal Architect / Partner,Contact found,"Patel Faliyu, Pal-Umra Bridge, opp. Karuna Sagar Temple, near Umrigar School, Surat, Gujarat 395007",Company website,https://aanganarchitects.org/contact-us/,Small-mid,Architecture + interior + urban design
L0158,A,76,Vastranand,BPO/Logistics/Print,E-commerce/D2C,"Sachin GIDC, Surat",,,https://www.vastranand.in/,bulk office/design PCs; e-comm/ERP servers; networking + firewall; warehouse CCTV; barcode/handhelds; AMC,Fast-rising D2C saree brand; online scale-up,Founded 2017; positioned among top rising D2C fashion brands,IT Head / Operations Manager,Existence-verified (contact pending),"Vastranand Smart House, Plot 998, Road No.87, Sachin GIDC, Near Sutexbank, GIDC INA, Sachin, Surat - 394230",Company website,https://www.vastranand.in/,"Mid (D2C, est. 2017)",D2C sarees; dedicated Smart House facility at Sachin GIDC Surat
L0159,A,76,Gold Star Diamond Pvt Ltd,Diamond & Bourse,Diamond manufacturer & exporter,Varachha,,,https://www.goldstarjewellery.com/,Diamond-planning + jewellery workstations; managed networking; CCTV + access control; servers + NAS; AMC,De Beers sightholder; jewellery export growth,Established exporter group,Owner/Partner or IT head,Existence-verified (contact pending),"Vitthal Nagar Society, B/H Roman Point, Varachha Road, Surat 395006",JustDial + search snippet,https://www.justdial.com/jdmart/Surat/Gold-Star-Diamond-Praivet-Limited-Vitthal-Nagar-Society-B-H-Roman-Point-Varachha-Road/0261PX261-X261-140703163941-E9Y6_BZDET/catalogue,11+ yrs listed; De Beers sightholder jewellery exporter,Gold Star group; diamond + jewellery manufacturing
L0160,A,76,Global Indian International School (GIIS) Surat,Education,School (CBSE/IB),"Chalthan, Kadodara",,principal.surat@globalindianschool.org,giissurat.org,computer-lab desktops (bulk); smart-class panels/projectors; networking + Wi-Fi; CCTV; AMC,Global chain; tech-forward digital campuses,International network expansion,Principal / Admin / IT Coordinator,Contact found,"Block 138, Kadodra-Mumbai NH-8, near Choki Dhani, Chalthan, Surat-394305",CBSEschool directory + GIIS,https://www.cbseschool.org/global-indian-international-school-surat-gujarat/,Large international school chain,Phone not on source; chain procurement + labs
L0161,A,76,Lancers Army School,Education,School (CBSE),"Piplod, Dumas Road",+91-9512266600,info@lancersarmyschool.com,lancersarmyschools.com,computer-lab desktops (bulk); smart-class panels/projectors; networking + Wi-Fi; CCTV; AMC,Established school; digital-classroom upgrades,Multiple branches,Principal / Admin / IT Coordinator,Contact found,"London House, Dumas Road, Piplod, Surat-395007",Official site,https://lancersarmyschools.com/,Large CBSE school (est. 1992),Long-established CBSE; labs + smart classes
L0162,A,76,Navyug Science College,Education,Science College,Rander Road,0261-2784103,navyugsciencecollege@yahoo.com,nscsurat.ac.in,computer-lab desktops (bulk); lab servers; networking + Wi-Fi; CCTV; AMC,Science/CS labs; NAAC upgrades,Established large college,Principal / IT Head,Contact found,"Morarji Desai Educational Compound, Rander Road, Surat-395009",Official site,https://nscsurat.ac.in/,Large science college (est. 1966),Science + computer labs; large student body
L0163,A,76,Shrimad Rajchandra Institute of Management & Computer Application (SRIMCA),Education,MCA/MBA College,"Tarsadi, Bardoli (Maliba Campus)",8828912891,,srimca.edu.in,computer-lab desktops (bulk); lab servers; networking + Wi-Fi; CCTV; AMC,IT/MCA labs need frequent refresh; UTU campus,Part of large Maliba/UTU campus,Director / IT Head,Existence-verified (contact pending),"Maliba Campus, Gopal Vidyanagar, Bardoli-Mahuva Road, Tarsadi, Surat-394350",Official site,http://srimca.edu.in/,Mid-large MCA+MBA institute,MCA programs = high desktop density
L0164,A,76,Vidhyadeep Institute of Engineering & Technology (VIET),Education,Engineering College,Kim/Olpad (South Gujarat),8828912891,info@vidhyadeepuni.ac.in,vidhyadeepuni.ac.in,computer-lab desktops (bulk); lab servers; campus networking + Wi-Fi; CCTV; AMC,Constituent of new Vidhyadeep University; 13-acre campus,University-status growth & new programs,Principal / Director / IT Head,Contact found,"Vidhyadeep Campus, Anita, Kim-Vadoli Road, Ta-Olpad, Surat-394540",Official site,https://vidhyadeepuni.ac.in/contact.php,Mid-large (constituent of Vidhyadeep University),Engineering+management labs on large campus
L0165,A,76,Adventist Wockhardt Heart Hospital,Healthcare,Super-speciality cardiac hospital,Athwalines,02616694444,,https://surat.nic.in/public-utility/adventist-wockhardt-heart-hospital/,HIS/EMR servers; cath-lab/cardiac imaging workstations; billing desktops; networking + Wi-Fi; CCTV; UPS; AMC,Cardiac cath-lab imaging needs dedicated workstations + storage,Established branded cardiac center,Hospital Administrator / IT Manager,Contact found,"K Desai Marg, Opposite Chowpatty, Athwalines, Surat",Government directory,https://surat.nic.in/public-utility/adventist-wockhardt-heart-hospital/,Cardiac super-speciality,Cardiac imaging = high-value workstation/storage need
L0166,A,76,Sahyog Imaging Centre,Healthcare,Diagnostic / imaging centre (radiology),Ring Road,261-2655808,,https://www.teleradiologyhub.com/diagnostics/details/36/802-sahyog-imaging-centre-ring-road-surat,PACS server + storage; MRI/CT workstations; reporting desktops; networking; CCTV; UPS; AMC,Multi-branch imaging (Ring Road + Adajan) needs PACS linking,Operates multiple branches incl Adajan,Centre Director / PACS/IT Manager,Contact found,"Ground Floor, Aadi Vatsalya Building, Opp RTO Office, Ring Road, Surat 395001",Teleradiology directory,https://www.teleradiologyhub.com/diagnostics/details/36/802-sahyog-imaging-centre-ring-road-surat,MRI + CT + sonography imaging centre (multi-branch),Multi-branch imaging; PACS networking + workstation need
L0167,A,76,Universal Multispecialty Hospital,Healthcare,Multispecialty hospital,Surat,,,https://www.universalhospitalsurat.com/,HIS/EMR servers + storage; imaging/PACS workstations; billing desktops; networking + Wi-Fi; CCTV; UPS; AMC,200-bed scale with ICU = monitoring + HIS data infra,Positioned as world-class 200-bed multispecialty,Hospital Administrator / IT Manager,Existence-verified (contact pending),"Surat (multispecialty, ~200 beds; advanced ICU)",Hospital website,https://www.universalhospitalsurat.com/,~200 beds; advanced ICU; 24x7 emergency,200-bed; strong HIS/imaging fit; capture contact
L0168,A,76,Pramukh Group,Hospitality & Real Estate,Real estate developer / Builder,Surat,,,https://www.pramukhgroup.com/,Site CCTV; sales-gallery & office PCs; networking; server/NAS; AMC,Residential + commercial ventures,Consistent presence since 1992,Director / Purchase,Existence-verified (contact pending),Surat,Finance directory,https://www.bankbazaar.com/home-loan/builders-in-surat.html,Established; residential + commercial since 1992,"Apartments, villas and commercial spaces"
L0169,A,76,Surat Diamond (Surat Diamond Jewellery),Jewellery,Diamond/silver/pearl jewellery manufacturer-exporter,Surat,,,https://www.suratdiamond.com/,high-density CCTV + access control (critical); jewellery CAD workstations; POS/billing PCs; networking + Wi-Fi; server/NAS; AMC,Exports to USA/UK/India; online retail scaling,Export + e-commerce growth,Owner/Director,Existence-verified (contact pending),"Surat, Gujarat (online manufacturer-exporter)",company_website,https://www.suratdiamond.com/about-us.aspx,"Medium-large (manufacturer + exporter, online retail)","Rings/pendants/necklaces, semi-precious"
L0170,A,76,Tapti Jewels,Jewellery,Diamond jewellery manufacturer,Varachha Road,,,https://taptijewels.com/,high-density CCTV + access control (critical); jewellery CAD workstations; networking + Wi-Fi; server/NAS; AMC,Custom diamond rings/necklaces; certified precision crafting,Custom-design manufacturing growth,Owner/Director,Existence-verified (contact pending),"Tapti House, 2A, 2nd Floor, Kapadiya Compound, B/h Central Bazar, Opp. Varachha Police Station, Varachha Road, Surat 395006",company_website,https://taptijewels.com/,Medium (custom diamond jewellery manufacturer),
L0171,A,76,Mira Gems,Lab-Grown Diamond,CVD diamond manufacturer / exporter,Varachha (Kohinoor),+91 81474 49533,,https://www.miragems.com/,GPU workstations for planning/grading; rack server + NAS; multi-camera CCTV + access control; managed switches + Wi-Fi; AMC,Bulk IGI-certified LGD supplier worldwide; contact Rohan Vanani,Bulk worldwide supply; Mumbai BDB office too; scaling exports,Owner/Director (Rohan Vanani),Contact found,Plot No 1 to 5 Kohinoor Industrial Estate Opp G.K. Chambers Kohinoor Road Varachha Surat 395006,Company website,https://www.miragems.com/,Medium-large - bulk IGI-certified LGD supplier worldwide,Mumbai office at Bharat Diamond Bourse also listed
L0172,A,76,Rahi Impex,Lab-Grown Diamond,CVD diamond manufacturer / wholesaler,Mahidharpura,+91 97124 33366,,https://www.rahiimpex.in/,GPU workstations for planning/grading; rack server + NAS; multi-camera CCTV + access control; managed switches + Wi-Fi; AMC,Among most trusted/largest CVD manufacturers in Surat; Mumbai + Surat presence,Two-city operation (Surat + Mumbai); growing wholesale base,Owner/Director,Contact found,410 to 418 4th Floor Shree Hari Building opp Shryu Building Jadakhadi Mahidharpura Surat 395003,Company website,https://www.rahiimpex.in/contact/,Medium-large - trusted Surat LGD manufacturer/wholesaler,Email on listing looked auto-generated so omitted; phone verified across listings
L0173,A,76,Vibrant Zone,Media/Video/Photo,Animation / VFX / AR-VR studio,Nanpura,,,https://vibrantzone.com/,High-end GPU render workstations for 3D/VFX/AR-VR; render storage/NAS; 10G networking; AMC,3D/VFX/AR-VR project growth,10 yrs; Surat + Pune offices,Founder/Creative Director,Existence-verified (contact pending),"202, Mangalam Appt, Popat Mohallo, opp. Jalaram Dana Chana, Nanpura, Surat 395001",Company website,https://vibrantzone.com/contact-us/,Decade of experience; multi-city,"3D/2D animation, VFX, AR-VR; Surat HQ + Pune office; render-heavy workloads"
L0174,A,76,Madhusudan Dyeing & Printing Mills (Madhusudan Group),Textile Manufacturing,Dyeing & Printing (processing house),Surat,,,https://madhusudangroup.com/dyeing-printing-mills/,ERP/Tally servers; billing & design PCs; large-area CCTV; networking + Wi-Fi; biometric attendance; AMC,Eco-friendly dyeing + digital printing modernization,Digital printing + integrated weaving,Owner/Director or Admin manager,Existence-verified (contact pending),"Madhusudan Group, Surat (dyeing/printing + weaving divisions)",Company website,https://madhusudangroup.com/dyeing-printing-mills/,"Mid-large group; dyeing, digital printing + weaving (Madhusudan Weaves)",Group with both processing and weaving; broad IT/surveillance scope
L0175,A,76,Maruti Education of Design / Maruti Institute of Design,Textile Trade & Design,Textile CAD design institute/studio,Udhna,+919904512600,,https://www.marutieducationofdesign.com/,textile-CAD/Jacquard/embroidery/digital-print design workstations (lab); networking + Wi-Fi; CCTV; server/NAS; AMC,"Multiple branches (Udhna, Yogichowk) - expansion",Computerized design institute; multi-branch growth,Owner / Management,Contact found,"T-28, Silicon Shoppers, 3rd Floor, Udhana Main Rd, opp. Satya Nagar, Udhana, Surat 394210",Company website,https://www.marutieducationofdesign.com/,Estd 2005; institute w/ multiple branches,Phone +919904512600; CAD design lab = bulk workstation + lab networking buyer
L0176,A,76,Raghukul Textile Market,Textile Trade & Design,Textile market complex,Ring Road,,,,complex-wide networking + Wi-Fi; dense CCTV; bulk billing/POS desktops; AMC,Premium designer/bridal positioning,250+ shops over three floors,Market management / association office,Existence-verified (contact pending),"Raghukul Market, Near Kamela Darwaza, Ring Road, Surat 395002",Market directory,https://surattextilemarkets.com/raghukul-textile-market/,3 floors; 250+ shops; designer/bridal,Premium bridal wear; higher-value tenants
L0177,A,76,Raghuvir Textile Business Park,Textile Trade & Design,Textile market complex,Ring Road,,,,complex-wide networking + Wi-Fi; dense CCTV; bulk billing/POS desktops; AMC,Expanding Raghuvir group developments,Part of large Raghuvir developer textile portfolio,Market management / Raghuvir Developers office,Existence-verified (contact pending),"Raghuvir Textile Business Park, Ring Road, Surat",Market directory,https://www.textileinfomedia.com/market/Raghuvir-Textile-Bussiness-Part,Large complex; many suppliers,Ladies wear/fabric; Raghuvir group has multiple new projects
L0178,A,76,Riya Fashions,Textile Trade & Design,Garment exporter (stitched suits/digital print),Ring Road / Radha Krishna Market,+912612478899,export@riyafashions.com,,bulk billing/POS desktops; CCTV; networking + Wi-Fi; textile-CAD workstation; server/NAS; AMC,Digital-print fabrics; export growth,Premium stitched suits + digital-print export,Owner / Partner (Export),Contact found,"Radha Krishna Textile Market, Ring Road, Surat",B2B marketplace,https://www.indiamart.com/riyafashion-surat/aboutus.html,Garment exporter; premium stitched suits,Phone +912612478899; email export@riyafashions.com; digital-print fabrics
L0179,A,76,Sitaram Creation Pvt. Ltd.,Textile Trade & Design,Saree manufacturer/wholesaler,"Millennium / JJ Market, Ring Road",,,,bulk billing/POS desktops; CCTV; networking + Wi-Fi; textile-CAD workstation; server/NAS; AMC,Multiple showrooms (Millennium + JJ + Kalathiya unit),Multi-location expansion; manufacturing + wholesale,Owner / Partner,Existence-verified (contact pending),"81/82, 1st Floor, Sidhhi Vinayak Industrial Estate, Behind Ashoka Hotel, Opp Smimer Hospital, Millennium Textile Market, Surat 395002",B2B marketplace,https://www.indiamart.com/sitaramcreation/,Pvt Ltd; estd 2002; multi-location,"Operates across Millennium, JJ AC Market and Kalathiya Estate unit; 4.5-4.8 rating"
L0180,A,75,"Government Polytechnic, Surat",Education,Polytechnic/Diploma (Govt),Majura Gate,0261-2655799,,gpsurat.cteguj.in,computer-lab desktops (bulk); lab servers; networking + Wi-Fi; CCTV; AMC,Govt-funded lab modernization; multiple diploma branches,Govt budget IT procurement,Principal / IT Head,Existence-verified (contact pending),"Majura Gate, Ring Road, Surat-395001",Shikshan directory,https://shikshan.org/colleges-courses/gujarat-surat_district-colleges-engineering-polytechnic-government/,Large govt polytechnic,Govt diploma college; tender-based bulk procurement
L0181,A,75,"Vidyabharti Trust College of Business, Computer Science & Research (VTCBCSR)",Education,Engineering/Computer College,"Umrakh, Bardoli (South Gujarat)",02622-220581,info@vtcbcsr.edu.in,vtcbcsr.edu.in,computer-lab desktops (bulk); lab servers; networking + Wi-Fi; CCTV; AMC,CS/IT/BCA/MCA labs need refresh; GTU/AICTE,Vidyabharti multi-college campus,Principal / Director / IT Head,Contact found,"Vidyabharti Campus, Umrakh, Ta-Bardoli, Surat-394345",Official site,https://www.vtcbcsr.edu.in/,Mid-large college (computer science + business),Computer-science focus = high desktop density
L0182,A,75,Grown Diamond Corporation,Lab-Grown Diamond,LGD manufacturer / polishing factory,Surat (factory),+91 22 4971 6448,,https://www.growndiamondcorp.com/,GPU workstations for planning/grading; rack server + NAS; multi-camera CCTV + access control; managed switches + Wi-Fi; AMC,World-class technology polishing factory in Surat; manufacturer + distributor of LGDs,Modern equipment-heavy polishing factory; sector growth,Owner/Director or Factory Manager,Contact found,State-of-the-art polishing factory in Surat (HQ in Mumbai BKC),Company website,https://www.growndiamondcorp.com/contact/,Medium-large - world-class polishing factory in Surat,Phone is Mumbai HQ; Surat factory direct line not visible
