lead_id,priority_tier,lead_score,company_name,category,sub_category,area,phone,email,website,hardware_need,buying_trigger,expansion_signal,contact_approach,verification_status,address,source_type,source_url,size_hint,notes
L0001,A,97,Surat Smart City Development Ltd (SSCDL),Government & PSU,Smart City SPV,Surat,+91-261-2423750,info@suratsmartcity.com,https://www.suratsmartcity.com/,city-wide CCTV + command-center; data-center servers + storage; networking + Wi-Fi; AMC (tender/GeM),Suman Eye CCTV network rollout; ICCC command-control center commissioned ~Rs69 cr,Ongoing surveillance + sensor expansion under Smart City Mission,Director & CEO / Project (CCTV) cell / Tender section (RFP route),Contact found,"1st Floor, South Zone Office, SMC, Opp. Satyanagar, Udhna, Surat-394210",Official company site,https://www.suratsmartcity.com/SSCDL/Management,SPV for smart-city projects; ICCC operator,Issued SUMAN Eye CCTV RFP (SSCDL-SumanEye-RFP-01-2018); Delta video walls in command center; CEO listed as Ms. Swati P. Desai per snippet
L0002,A,97,Kira Diam,Lab-Grown Diamond,CVD diamond grower / exporter,Khajod (Surat Diamond Bourse) / Magob,+91 261 691 4500,infosurat@kiradiam.com,https://kiradiam.com/,GPU workstations for planning/grading; large reactor-control PC fleet; data-center rack servers + storage; large-scale CCTV + access control; core/distribution switches + Wi-Fi; AMC,World's largest CVD grower; expanded 2600 to 4000 reactors recently; CEO Mehul Vaghani,"Expanded to 4000 reactors (2026), 75MW solar scaling to 150MW, 250k polished carats/month",Owner/Director or IT Manager (CEO Mehul Vaghani),Contact found,A-1201 Surat Diamond Bourse Block 117 Dream City Khajod Surat 395007; also Plot 1 Block 26 FP-39 Opp Ashirwad Textile Market Magob 395010,Company website,https://kiradiam.com/contact-us/,"Very large - 4000+ reactors, 1M sq ft, 250000 carats/month",GJEPC-reported expansion to 4000 reactors; flagship enterprise account
L0003,A,95,"ArcelorMittal Nippon Steel India (AM/NS, ex-Essar Steel) Hazira",GIDC Manufacturing,Steel / Process Plant,Hazira,,,https://www.amns.in/,ERP/SAP servers + storage; large desktop fleet; industrial/rugged PCs; very large-area CCTV; enterprise networking + Wi-Fi; biometric access; AMC,Integrated steel plant; ongoing capacity expansion plans at Hazira,Major steel producer; large brownfield expansion plans,IT Manager / Plant Head / Purchase,Existence-verified (contact pending),"27 km, Surat-Hazira Road, Hazira, Surat 394270, Gujarat",Company website,https://www.amns.in/contact-us,Very Large (integrated steel plant),Flat/long steel; acquired by ArcelorMittal-Nippon 2019
L0004,A,95,Larsen & Toubro (A.M. Naik Heavy Engineering Complex),GIDC Manufacturing,Heavy Engineering / Process Plant Equipment,Hazira,+91 261 2203252,ltshf.sales@larsentoubro.com,https://www.larsentoubro.com/heavy-engineering/,ERP/SAP servers + storage; large engineering workstation fleet; industrial/rugged PCs; very large-area CCTV; enterprise networking + Wi-Fi; biometric access; AMC,Critical large-sized ultra-heavy equipment for process plant & nuclear sectors; ongoing orders,Major manufacturing complex; defence/nuclear/process plant focus,IT Manager / Plant Head / Purchase,Contact found,"Gate No. 10, A M Naik Heavy Engineering Complex, PO Bhata, Surat 394510, Gujarat",Company website,https://www.larsentoubro.com/heavy-engineering/capabilities/manufacturing-facilities/hazira,Very Large (750+ acres; ultra-heavy equipment; nuclear/process plant),1.6 km waterfront; heavy forgings & special steels
L0005,A,95,Reliance Industries Ltd - Hazira Manufacturing Division,GIDC Manufacturing,Petrochemicals / Polymers / Polyester,Hazira,,,https://www.ril.com/,ERP/SAP servers + storage; very large desktop fleet; industrial/rugged PCs; very large-area CCTV; enterprise networking + Wi-Fi; biometric access; AMC,Multi-product integrated complex; ongoing petrochem investments,Major integrated petrochemicals/polyester complex,IT Manager / Plant Head / Purchase,Existence-verified (contact pending),"Hazira Manufacturing Division, Surat, Gujarat",Wikipedia / company,https://en.wikipedia.org/wiki/Hazira_Manufacturing_Division,Very Large (multi-product integrated petrochem complex),"Petrochemicals, polymers, polyesters, intermediates; alt source: https://www.ril.com/news-media/press-releases/reliance-industries-limited-hazira-manufacturing-division-adjudged-winner"
L0006,A,95,Kiran Multi Super Speciality Hospital & Research Center,Healthcare,Multispecialty / super-speciality hospital,Katargam,+91 261 716 1111,,https://www.kiranhospital.com/,HIS/EMR servers + storage; PACS imaging workstations (CT/MRI/nuclear med); reception/billing desktops; large LAN + Wi-Fi; CCTV; UPS-backed; AMC,In-house CT/MRI/nuclear medicine and radio-oncology imply ongoing PACS/workstation refresh,One of Gujarat's largest hospitals; cancer research center; continual expansion,Hospital Administrator / IT Manager / Purchase,Contact found,"Vasta Devdi Road, Near Sumul Dairy, Katargam, Surat 395004",Hospital website,https://www.kiranhospital.com/contact_us,~900 beds; 45+ specialties; 300+ doctors,900-bed flagship; massive imaging+HIS footprint; top priority
L0007,A,95,Greenlab Diamonds LLP,Lab-Grown Diamond,CVD diamond grower / exporter,Ichhapore (Hazira Rd),+91 22 4073 0730,info@greenlab.diamonds,https://greenlab.diamonds/,GPU workstations for diamond planning/grading; reactor-control PCs; rack servers + NAS for inventory/ERP; heavy multi-camera CCTV + access control; managed switches + enterprise Wi-Fi; AMC,World's largest LGD cultivator; pivoted natural to lab; revenue Rs 670 Cr FY24; new purpose-built factory,"Rs 670 Cr revenue FY24, 1000 reactors, 25MW solar over 90 acres, new 4-storey factory",Owner/Director (Patel family - Mukesh/Jitesh/Vipul Patel),Contact found,"C-01 to C-04, Gujarat Hira Bourse, Ichchhapore, Surat 394510",Company website,https://greenlab.diamonds/contact-us/,"Very large - 2000 employees, 1000 reactors, 95000 sq ft",One of the largest LGD growers in Surat; massive IT/security spend potential
L0008,A,95,Bhatia Mobile (Bhatia Communications & Retail India Ltd),Retail & Supermarket,Mobile retail chain,"HQ Ring Rd; stores across Surat (Piplod, Honey Park, Bamroli, etc.)",+919227610000,support@bhatiamobile.com,https://bhatiamobile.com,bulk POS/billing desktops; loss-prevention CCTV; per-store networking + Wi-Fi; digital signage; back-office server; AMC,Expanding from 81 to 224 stores; entering Maharashtra,Listed company; aggressive multi-store expansion South Gujarat + Maharashtra,IT / Purchase / Owner,Contact found,132 Dr Ambedkar Shopping Centre Ring Rd Surat 395002 (registered office),Company website + Tracxn,https://bhatiamobile.com/about-us/,Largest South Gujarat mobile chain; 220+ stores (9M FY25),"HQ in Surat; listed co (BSE 540956); highest-value lead - repeat per-store fit-outs, central IT team"
L0009,A,94,Surat Municipal Corporation (SMC),Government & PSU,Municipal Corporation,Surat,,,https://www.suratmunicipal.gov.in/,bulk office desktops; data-center servers + storage; city-wide CCTV + command-center; networking + Wi-Fi; AMC (tender/GeM),Smart-city e-governance digitization drive; Information Systems Dept modernization,Suman Eye CCTV expansion across schools/gardens/bus stations,Information Systems Dept head / Central Purchase / Tender cell (GeM + e-tender),Existence-verified (contact pending),"Muglisara, Main Road, Surat-395003",Official .gov.in,https://www.suratmunicipal.gov.in/,Very large ULB; many departments and zones,"Parent body for SMIMER, school board, zones; buys via tender; website returned HTTP 403 this session"
L0010,A,92,Kiran Gems Pvt Ltd,Diamond & Bourse,World's largest natural polished diamond manufacturer,Varachha,+91 261 250 4444,infosurat@kirangems.com,https://www.kirangems.com/,Massive diamond-planning workstation fleet; multi-floor managed networking; large-scale CCTV + biometric access; servers + NAS/SAN; AMC,First mover to Surat Diamond Bourse; largest hi-tech machine user in industry,Global expansion; SDB office shift history,Owner/Partner (Lakhani family) or IT/Security head,Contact found,"FP 36, A.K. Road, Varachha, Near Umiyadham Temple, Surat 395008",Company site + search snippet,https://www.kirangems.com/,Since 1985; world's largest natural diamond manufacturer; offices in Mumbai/Surat/UAE/USA,Largest user of advanced hi-tech diamond manufacturing systems
L0011,A,92,Sardar Vallabhbhai National Institute of Technology (SVNIT),Education,University (NIT/Engineering),"Ichchhanath, Athwa",0261-2259571,director@svnit.ac.in,svnit.ac.in,computer-lab desktops (bulk); HPC/lab servers & storage; campus networking + Wi-Fi; CCTV; AMC,"Premier NIT, ongoing research lab & infra upgrades; NIRF-ranked",Continuous central-govt funded lab/research expansion,Director / Registrar / IT Head,Contact found,"Ichchhanath, Surat-395007, Gujarat",Govt directory + official site,https://surat.nic.in/public-utility/sardar-vallabhbhai-national-institute-of-technology/,"Very large (NIT, thousands of students)",NIRF rank ~58; institute of national importance; large recurring IT spend; alt source: https://www.svnit.ac.in/
L0012,A,92,NJ India Invest Private Limited,Finance & Professional,NBFC / Wealth distribution,Udhna,,,https://www.njgroup.in/,large multi-seat desktops/workstations; data-centre servers + NAS backup; networking/firewall; CCTV + access control; UPS; AMC,"Diversified into AMC, insurance broking, NBFC, tech",Large HQ; nationwide distributor network,Admin,Existence-verified (contact pending),"Block No.901 & 902, 6th Floor, 'B' Tower, Udhna Udyog Nagar Sangh Commercial Complex, Central Road No.10, Udhna, Surat-394210",Company site,https://www.njgroup.in/contact-us,"Flagship NJ Group co., est. 1994; pan-India; AUM 2.9L cr+","Mutual funds, PMS, insurance, NBFC, tech, training"
L0013,A,92,Aether Industries Ltd,GIDC Manufacturing,Specialty Chemicals,GIDC Sachin,,,https://aether.co.in/,ERP/SAP servers + storage; plant & office desktops; industrial/rugged PCs; large-area CCTV; networking + Wi-Fi; biometric access; AMC,Site 3 commercialized (Rs 190cr); Facility 4 commissioned Mar 2024; new units Gujarat ~Rs 1000cr,Multiple new manufacturing sites; IPO-funded expansion,IT Manager / Plant Head / Purchase,Existence-verified (contact pending),"Plot No. 8202/1, Road No. 8, GIDC Industrial Estate, Sachin, Surat, Gujarat",Company website,https://aether.co.in/about-us/,Large (listed; ~9596 MTPA across Surat sites FY24),Advanced intermediates & active ingredients; ISO/GMP certified
L0014,A,92,Anupam Rasayan India Ltd,GIDC Manufacturing,Specialty Chemicals,GIDC Sachin,+91-261-2398991,offeratthe@anupamrasayan.com,https://www.anupamrasayan.com/,ERP/SAP servers + storage; plant & office desktops; industrial/rugged PCs; large-area CCTV; networking + Wi-Fi; biometric access; AMC,Capacity expansion across Sachin & Jhagadia; Dec 2025 acquisition of Jayhawk Fine Chemicals (US) ~USD 150M,Pharma segment revenue share growing; new capacity; US acquisition,IT Manager / Plant Head / Purchase,Contact found,"8110, Sachin G.I.D.C. Estate, Sachin, Surat 394230, Gujarat",Company website,https://www.anupamrasayan.com/investors/contact-us,Large (listed; ~30000 MT capacity; 6 plants),Listed specialty chemicals custom synthesis; 4 plants at Sachin
L0015,A,92,General Group (General Polytex),Textile Manufacturing,Weaving (waterjet/airjet),Ring Road,,,https://www.generalgroup.in/,ERP/Tally servers; shop-floor & billing PCs; very large-area CCTV across multi-shed facility; networking + Wi-Fi backbone; biometric attendance; AMC,Plans IPO; scale expansion incl BOPET project,"IPO plan, BOPET film project, new capacity",Owner/Director (IT or Admin head),Existence-verified (contact pending),"A Wing, 601/602, International Commerce Center (ICC), Near Kadiwala School, Ring Road, Surat 395002",News/Trade magazine,https://www.indiantextilemagazine.in/surat-fabric-manufacturer-general-group-combines-scale-with-sustainability-plans-ipo/,"Very large: ~800 waterjet + ~200 airjet looms, ~1cr metres/month, 1.5M sq ft",One of India's largest polyester fabric makers; massive multi-shed CCTV/network/server opportunity
L0016,A,90,VinFast Surat (Chandan Car),Automobile Dealership,Car dealer (EV - VinFast),Piplod,,,https://vinfastauto.in/,DMS/billing desktops; showroom + workshop + lot CCTV; networking + guest Wi-Fi; digital signage; server/NAS; AMC,Brand-new showroom inaugurated July 2025; EV after-sales setup,First VinFast India outlet; brand expanding to 35 dealers,Dealer Principal / Owner,Existence-verified (contact pending),"Piplod, Surat (3,000 sq.ft. showroom)",News article,https://www.autocarindia.com/industry/first-vinfast-india-showroom-inaugurated-in-surat-436380,New EV dealership (first VinFast showroom in India),Promoted by Chandan Car; greenfield EV outlet = full fresh IT fitout
L0017,A,90,Hari Krishna Exports Pvt Ltd,Diamond & Bourse,Diamond manufacturer & exporter,Varachha / Ichhapore,,,https://www.hk.co/,Diamond-planning workstation fleet; campus-wide managed networking; large CCTV + biometric access; servers + NAS; solar/energy monitoring; AMC,Large 45-acre-scale campus; renewable energy investment; GJEPC reference,Multi-site (HK Campus + Gujarat Hira Bourse); ongoing capacity,Owner/Partner (Savji Dholakia family) or IT/Security head,Existence-verified (contact pending),"9 Hari Krishna Campus, Near Vraj Chowk, Behind Sarthana Jakatnaka, Varachha Road, Surat; also Plot D-02 Gujarat Hira Bourse, Ichhapore 394510",Company site + search snippet,https://www.hkimpex.com/contact/,One of largest diamond mfg units in world; 100% solar-powered Surat unit since 2018,HK Campus Varachha plus Gujarat Hira Bourse Gem & Jewellery Park unit
L0018,A,90,Shree Ramkrishna Exports (SRK),Diamond & Bourse,Diamond cutting/polishing & jewellery exporter,Katargam,+91 261 4040 555,hitesh.gi@srk.me,https://srk.one/,Diamond-planning workstations at scale; campus-wide managed networking; large CCTV + biometric access; data center servers + NAS; AMC,Multiple facilities (SRK Empire + Sachin SEZ); large workforce,Large multi-site exporter; De Beers sightholder,Owner/Partner or IT/Security head,Contact found,"99 SRK Empire, Vastadevdi Road, Katargam, Surat 395004",Company site + search snippet,https://srk.one/contact.html,Since 1964; 2000+ master artisans; also Sachin SEZ unit,SRK Empire HQ Katargam plus Sachin GIDC SEZ unit
L0019,A,90,Indian Institute of Information Technology Surat (IIIT Surat),Education,University (IIIT/Engineering),"Kholvad, Kamrej (temp: SVNIT Campus, Ichchhanath)",02621-298060,office@iiitsurat.ac.in,iiitsurat.ac.in,computer-lab desktops (bulk); servers/storage; campus networking + Wi-Fi; CCTV; smart-class panels; AMC,New permanent campus under construction at Kholvad/Kamrej,New campus build-out = greenfield IT fit-out,Director / Registrar / IT Head,Contact found,"IIIT Surat, SVNIT Campus, Ichchhanath, Surat-395007",Official site + Wikipedia,https://www.iiitsurat.ac.in/,"Large & growing (IT-focused, est. 2017)",PPP-mode institute of national importance; IT-centric = high per-student hardware
L0020,A,90,Ami Organics Ltd (Acutaas Chemicals Ltd),GIDC Manufacturing,Specialty Chemicals / Pharma Intermediates,GIDC Sachin,,,https://www.amiorganics.com/,ERP/SAP servers + storage; plant & office desktops; industrial/rugged PCs; large-area CCTV; networking + Wi-Fi; biometric access; AMC,Rs 190cr brownfield plant Ankleshwar; ~3x capacity expansion completed FY24-Q4FY25,Renamed Acutaas 2025; new facility commenced ops,IT Manager / R&D Head / Purchase,Existence-verified (contact pending),"Plot No 440/4,5,6,8206-B,478,479 & 494, Road No 82/A & 82/C, GIDC, Sachin, Surat",Company website,https://www.amiorganics.com/,Large (listed; 5 facilities; 130+ R&D team),DSIR-certified R&D at Sachin; advanced pharma intermediates
L0021,A,90,KRIBHCO (Krishak Bharati Cooperative Ltd) Hazira,GIDC Manufacturing,Fertilizer / Process Plant,Hazira,0261-2862766,chandrasekharan@kribhcosurat.com,https://www.kribhco.net/,ERP servers + storage; plant DCS-adjacent desktops; industrial/rugged PCs; large-area CCTV; networking + Wi-Fi; biometric access; AMC,Large process plant operations; possible distillery/diversification,Established cooperative fertilizer major at Hazira,IT Manager / Plant Head / Purchase,Contact found,"Hazira Fertilizer Complex, P.O. KRIBHCO Nagar, Surat 394515, Gujarat",Company website,https://www.kribhco.net/contact.html,Very Large (urea/ammonia fertilizer complex),"Nitrogenous fertilizers, primarily urea"
L0022,A,90,SIDS Multi Super Speciality Hospital & Research Centre,Healthcare,Multi super-speciality hospital,Ring Road / Majura Gate,+91 261 280 0000,sids.adm@gmail.com,https://www.sidshospital.com/,HIS/EMR servers + storage; PACS workstations; new-building structured cabling + networking + Wi-Fi; CCTV; UPS; AMC,Just transformed to multi-super-speciality and RELOCATED to new facility (fresh fit-out),Active relocation + service expansion = greenfield IT buying,Hospital Administrator / IT Manager / Purchase,Contact found,"Off Ring Road, Near Shell Petrol Pump, Sosyo Circle Lane, Surat 395002",News / press release,https://theprint.in/ani-press-releases/sids-hospital-in-surat-transforms-into-a-multi-super-speciality-healthcare-hub-expanding-services-and-relocating-to-a-state-of-the-art-facility/1784475/,Expanded multi super-speciality; new state-of-art facility,Relocation to new facility = hot greenfield trigger
L0023,A,90,Kalamandir Jewellers Limited,Jewellery,Large retailer/showroom chain,Athwa (Ghod Dod Road),+91 261 229 5000,,https://kalamandirjewellers.com/,high-density CCTV + access control (critical); POS/billing PCs; jewellery showroom networking + Wi-Fi; server/NAS; AMC,Multiple showrooms across Gujarat/Maharashtra; corporate house at Vesu,New corporate house + Vesu/Dumas Road showrooms,Owner/Director or Admin manager,Contact found,"Plot No-124, Ghod Dod Rd, near Indoor Stadium Lane, Athwa, Surat, Gujarat 395007",directory,https://www.helloindia.co/Surat/Kalamandir-Jewellers-Ltd/Surat-Ho/ContactUs,"Large (650+ staff, multi-state chain)",Listed jeweller since 1984/1986 Kosamba; HO ph 0261-3310000 also listed
L0024,A,90,DMart (Avenue Supermarts) - Surat,Retail & Supermarket,Supermarket/Hypermarket chain,"Multiple (Adajan, Singanpor, Pandesara, Nana Varachha, Rander, Vesu)",,,https://www.avenuesupermarts.com,bulk POS/billing desktops; loss-prevention CCTV; per-store networking + Wi-Fi; back-office server/NAS; AMC,New DMart store opened Vesu Surat Dec 2025,Active expansion - 442nd store opened Vesu Dec 2025; 15+ Surat outlets,Purchase / Regional IT,Existence-verified (contact pending),Multiple stores incl. Kalpana Chawla Marg Adajan Gam 395009; Pandesara Udhna 394221; Vesu,News + JustDial/magicpin listings,https://scanx.trade/stock-market-news/stocks/dmart-expands-retail-network-with-new-store-opening-in-surat-gujarat/27264522,15+ stores in Surat; national chain 442 stores,Largest organized grocery chain; centralized procurement likely at HO Mumbai but local store fit-outs relevant
L0025,A,88,Kataria Automobiles (Maruti Suzuki Arena & Nexa),Automobile Dealership,Car dealer (Maruti Arena/Nexa),Piplod,7572900000,contactus@kataria.co.in,https://maruti.kataria.co.in/,DMS/billing desktops; showroom + workshop + lot CCTV; networking + guest Wi-Fi; digital signage; server/NAS; AMC,Multi-outlet Arena+Nexa+workshop network in Surat,No.1 Maruti dealer; multi-city expansion across 3 states,Dealer Principal / IT Head,Contact found,"Kataria Arcade, Opp. Rajhans Multiplex, Dumas Road 395007, Piplod, Surat",Brand dealer site,https://www.nexaofpiplodroad.com/contact-us,Large multi-state dealer group (Gujarat/Maharashtra/Rajasthan),Operates separate Arena (Piplod) and Nexa (Piplod/Vesu/Sisodra) outlets; high device count
L0026,A,88,Dharmanandan Diamonds Pvt Ltd,Diamond & Bourse,Polished diamond manufacturer,Katargam (Gotalawadi),,,https://www.ddpl.com/,Diamond-planning workstations; multi-floor managed networking; heavy CCTV + biometric access; servers + NAS; AMC,Existing security system + AC infra signals upgrade cycle; De Beers sightholder,Large workforce (6500+); 500k sq ft facility,Owner/Partner or Admin/Security head,Existence-verified (contact pending),"Behind Patel Faliya, Gotalawadi, Katargam, Surat 395004",IndiaMART profile + search snippet,https://www.indiamart.com/dharmanandan-diamond/aboutus.html,"Est. 1985; 500,000 sq ft BSI-certified factory; 6500+ artisans; in-house medical/dining/AC/security","Already runs centrally AC, security system - strong CCTV/AMC fit"
L0027,A,88,Veer Narmad South Gujarat University (VNSGU),Education,University (State),Udhna-Magdalla Road,0261-2227141,info@vnsgu.ac.in,vnsgu.ac.in,computer-lab desktops (bulk); exam/data-center servers & storage; campus networking + Wi-Fi; CCTV; AMC,"Digital exam systems, e-governance, NAAC; affiliating university",Large affiliating university; ongoing digitization,Registrar / IT/Computer Centre Head,Contact found,"Post Box No. 49, Udhna Magdalla Road, Surat-395007",Govt directory + official site,https://surat.nic.in/public-utility/veer-narmad-south-gujarat-university/,Very large (280+ affiliated colleges),Major state university; central exam & admin IT load; alt source: https://vnsgu.ac.in/contact_us.php
L0028,A,88,Jainam Broking Limited,Finance & Professional,Stock / commodity broker,Piplod,0261 6725555,,https://www.jainam.in/,multi-seat desktops/workstations + dealing terminals; data server + NAS backup; networking/firewall; CCTV + access control; UPS; AMC,Multiple Surat offices; trading-tech & data security,"Offices at Athwalines, LP Savani + HQ",Admin,Contact found,"Jainam House, Plot No.42, Near Shardayatan School, Piplod, Surat-395007",Company site,https://www.jainam.in/contact-us/,Large broker; multiple Surat offices; SEBI INZ000091934,customer.care@jainam.in; equity/commodity/derivatives
L0029,A,88,Adani Wilmar Ltd (AWL Agri Business) Hazira,GIDC Manufacturing,Food / Edible Oil Processing,Hazira,,,https://www.adaniwilmar.com/,ERP/SAP servers + storage; automated-plant desktops; industrial/rugged PCs; large-area CCTV; networking + Wi-Fi; biometric access; AMC,New automated plant (2019); 14-km pipeline to sea port under construction; capacity scale-up,Fully-automated high-tech plant; logistics expansion,IT Manager / Plant Head / Purchase,Existence-verified (contact pending),"Hazira, Surat (near Hazira sea port), Gujarat",Company website,https://www.adaniwilmar.com/en/factory-locator,Very Large (2500 t/day refining; one of largest),Fortune brand; JV Adani + Wilmar; process engineer hiring 2026
L0030,A,88,ONGC Hazira Plant,Government & PSU,PSU / Oil & Gas,"Hazira, Surat",0261-2875600,,https://ongcindia.com/,bulk office desktops; plant CCTV + access control; data-center servers/storage; networking + Wi-Fi; AMC (GeM/tender),Plant IT modernization; OT/IT security; surveillance upgrade,Capacity + facility expansion at Hazira,IT/IS Dept (Hazira) / Materials & Contracts (GeM/e-procurement),Existence-verified (contact pending),"Hazira Plant, PO ONGC Nagar, Surat-394518",Official PSU site,https://ongcindia.com/web/eng/about-ongc/contact-us/our-offices/,Very large gas processing complex,Maharatna PSU; buys via GeM/e-procurement; fax 0261-2875575
L0031,A,88,Malabar Gold & Diamonds - Ghod Dod Road,Jewellery,Branded retailer/showroom,Ghod Dod Road (Athwa),0261 2992916,,https://www.malabargoldanddiamonds.com/,high-density CCTV + access control (critical); POS/billing PCs; networking + Wi-Fi; server/NAS; AMC,Recent Surat store launch promotions,New showroom launch,Store/Admin manager,Contact found,"Picnic Retail, Opp. Amarakunj Society, Rangila Park Char Rasta, Ghod Dod Road, Surat 395007",directory,https://o2osell.com/shops/malabar-gold-and-surat,Large (national/intl brand showroom),Phones 2994916/2990916 also reported
L0032,A,88,Tanishq (Titan) - Ghod Dod Road,Jewellery,Branded retailer/showroom,Ghod Dod Road,0261-2650069,,https://stores.tanishq.co.in/,high-density CCTV + access control (critical); POS/billing PCs; networking + Wi-Fi; server/NAS; AMC,"Multiple Surat stores (Ghod Dod, Adajan); festive scaling",Adajan store also operating,Store/Admin manager,Contact found,"F.P. No. 42/A & B-Topp, Ghod Dod Rd, opp. St. Xaviers School, Surat 395001",directory,https://www.helloindia.co/Surat/Tanishq-Showroom/Ghod-Dod-Road/ContactUs,Large (national brand showroom),Mobile 9978812578 also listed
L0033,A,88,Bhanderi Lab Grown Diamonds LLP,Lab-Grown Diamond,CVD diamond manufacturer / exporter,Katargam,+91 85003 85003,info@blgdlab.com,https://blgdlab.com/,GPU workstations for planning/grading; reactor-control PCs; rack server + NAS; multi-camera CCTV + access control; managed switches + Wi-Fi; AMC,Type IIA CVD specialist; GIA/IGI/GCAL/HRD certified; uses CVD reactors; multiple facilities,Multiple facilities (Katargam + Khodiyar Nagar); active CVD reactor operations,Owner/Director or IT Manager,Contact found,4th Floor BLGD Corporation Akshar Building Opp Mehta Petrol Pump Katargam Surat 395004,Company website,https://blgdlab.com/contact-bhanderi-diamonds,"Large - leading manufacturer/exporter, global presence",Second Katargam/Khodiyar Nagar address also verified
L0034,A,88,Reliance SMART / SMART Bazaar - Surat,Retail & Supermarket,Supermarket/Hypermarket chain,"Multiple (Vesu, Piplod, Udhna, Katargam, Magdalla, Anand Mahal Rd, Varachha)",18008910001,,https://stores.reliancesmartbazaar.com,bulk POS/billing desktops; loss-prevention CCTV; per-store networking + Wi-Fi; digital signage; back-office server; AMC,Multiple format stores operating across Surat,Reliance Retail aggressively expanding SMART/SMART Bazaar formats,Purchase / Regional IT,Contact found,Anand Mahal Building Beside Gail Tower Anand Mahal Main Rd; Kamdhenu Mall Dumas Rd Piplod,Official store locator,https://stores.reliancesmartbazaar.com/location/gujarat/surat,8+ hypermarkets in Surat; Reliance Retail,Toll-free line listed; hardware procurement centralized but multi-store presence strong
L0035,A,88,Raghuvir Scarlet Textile Market,Textile Trade & Design,Textile market complex,Ring Road area,,,https://www.raghuvirdevelopers.com/,complex-wide networking + Wi-Fi; dense CCTV; bulk billing/POS desktops; server/NAS; AMC,NEW market launch - greenfield fit-out opportunity,"Newly launched, sets new benchmark (Loktej news)",Raghuvir Developers project/sales office,Existence-verified (contact pending),"Raghuvir Scarlet Textile Market, Surat",News article,https://english.loktej.com/article/19352/raghuvir-scarlet-textile-market-sets-a-new-benchmark-in-surat%E2%80%99s,New large market complex,Hot greenfield lead - new build needs full IT/CCTV/network from scratch
L0036,A,87,Laxmi Diamond Pvt Ltd,Diamond & Bourse,Polished diamond manufacturer,Katargam,,,https://laxmidiamond.com/,Diamond-planning workstations; multi-site managed networking; large CCTV + biometric access; servers + NAS; AMC,Continued innovation & expansion (Surat/Amreli/Botswana),Very large workforce (7000+); multi-country footprint,Owner/Partner or IT/Security head,Existence-verified (contact pending),"Bhagu Bhula Compound, Nr Gajera Circle, Katargam Fulpada Road, Katargam, Surat 395004",JustDial + search snippet,https://www.justdial.com/Surat/Laxmi-Diamond-Pvt-Ltd-Near-Gajera-Circle-CNG-Gas-Station-Katargam/0261PX261-X261-140228143117-M4M9_BZDET,"Est. 1972; 7000+ employees; units in Surat, Amreli, Botswana",Manufacturing head office Katargam; GIA-certified diamonds
L0037,A,86,Nanavati Mahindra (Nanavati Automotive),Automobile Dealership,Car dealer (Mahindra),Adajan,,,https://www.nanavatimahindra.com/,DMS/billing desktops; showroom + workshop + lot CCTV; networking + guest Wi-Fi; digital signage; server/NAS; AMC,Multiple Mahindra outlets + new launches display,Largest Gujarat group for passenger+commercial; multi-branch,Dealer Principal / IT Head,Existence-verified (contact pending),"Survey No. 84/1, 84/2 Paiki, Bhagat Party Plot, Opp Hari Om Petrol Pump, L P Savani Road, Adajan, Surat 395005",Brand dealer site,https://www.nanavatimahindra.com/outlet/mahindra-showroom-in-surat.html,Leading Mahindra dealer group; Adajan/Punakumbhariya/Kim/Bardoli,"Part of Nanavati Group (also Toyota, MG, Tata CV)"
L0038,A,86,Lakhi Group (Dilipkumar V. Lakhi),Diamond & Bourse,Diamond cutting & polishing manufacturer,Surat,,,https://www.jewelxy.com/803221970923286,Massive diamond-planning workstation fleet; campus managed networking; large CCTV + biometric access; servers + NAS; AMC,World's largest polishing factory in Surat,Very large workforce; multi-facility,Owner/Partner (Lakhi family) or IT/Security head,Existence-verified (contact pending),"Surat (one of world's largest polishing factories); HQ Bandra East, Mumbai",Jewelxy profile + search snippet,https://www.jewelxy.com/803221970923286,"Since 1944; 3 facilities; 10,000+ skilled cutters; 6000+ in Surat",Among world's largest diamond polishing operations
L0039,A,86,Sunshine Global Hospital,Healthcare,Multispecialty hospital (NABH),Piplod,02614111000,,https://www.sunshineglobalhospitals.com/,HIS/EMR servers + storage; PACS imaging workstations; billing/reception desktops; networking + Wi-Fi; CCTV; UPS; AMC,NABH accreditation drives IT/data compliance upgrades,Multi-city chain; Surat unit near new airport; growth corridor,Hospital Administrator / IT Manager,Contact found,"Beside Smart Bazar, Dumas-Piplod Road, Surat 395007",Hospital website,https://www.sunshineglobalhospitals.com/location/surat,220 beds; NABH accredited,NABH + chain = structured procurement; strong fit
L0040,A,86,Kalyan Jewellers - Adajan,Jewellery,Branded retailer/showroom,Adajan,,,https://store.kalyanjewellers.net/,high-density CCTV + access control (critical); POS/billing PCs; networking + Wi-Fi; server/NAS; AMC,"Multiple Surat showrooms (Adajan, Ghod Dod)",Ghod Dod Road branch also operating,Store/Admin manager,Existence-verified (contact pending),"No-G9, G10, 109, 110, Universal Trade Centre, LP Savani Road, Opp. Indian Oil Pump, Adajan, Surat 395009",company_website,https://store.kalyanjewellers.net/kalyan-jewellers-store-adajan-surat/sur/gold-rate,Large (national brand showroom),Founded 1993; multi-city chain
L0041,A,85,Surat Diamond Bourse (SDB),Diamond & Bourse,Diamond trade centre / multi-tenant bourse,Khajod (DREAM City),+91 261 691 7000,info@sdbbourse.com,https://www.suratdiamondbourse.in/,Campus-wide structured cabling; managed networking backbone; centralized CCTV + access control; data center servers; AMC across 4500 offices,150 offices targeted to open Jan 2026; phased occupancy ramp,Massive multi-tenant fit-out wave as offices open,Admin/Facilities/IT head (SDB management),Contact found,"J-002, Plot 177/P, DREAM City, Nr Khajod Chowkdi NH53, Khajod, Surat 395007",Official site + Wikipedia,https://www.suratdiamondbourse.in/contact-us/,World's largest office complex; 4500+ offices; 67 lakh sq ft,World's largest office building; phased tenant onboarding = recurring fit-out & networking/CCTV demand
L0042,A,85,The Surat District Co-operative Bank Ltd,Finance & Professional,Co-operative bank,Surat,,,https://www.sudico.bank.in/,branch-wide desktops; core-banking servers + NAS backup; networking/firewall; CCTV + access control; UPS; AMC,Large multi-branch network; banking compliance/security,110-branch network,Branch Manager,Existence-verified (contact pending),,Company site,https://www.sudico.bank.in/,~110 branches across Gujarat,Major DCCB; branch locator on site
L0043,A,85,Colourtex Industries Pvt Ltd,GIDC Manufacturing,Dyes & Dye Intermediates,Pandesara,,,https://colourtex.co.in/,ERP servers + storage; plant & office desktops; industrial/rugged PCs; large-area CCTV; networking + Wi-Fi; biometric access; AMC,Backward integration; 6 MW cogen power plant; large landfill site; bluesign/Responsible Care,Largest dyestuff company in subcontinent; 750+ product mix,IT Manager / Plant Head / Purchase,Existence-verified (contact pending),"Plot No 158/3 Survey No 80, G.I.D.C. Pandesara, Surat 394221",Company website,https://colourtex.co.in/about-us/,Large (largest dye producer in Indian subcontinent; ~100000 t/yr),"Founded 1967; dyes, pigments, specialty chemicals"
L0044,A,85,Surat City Police Commissionerate,Government & PSU,Police / Law Enforcement,Surat,0261-2244440,cp-sur@gujarat.gov.in,https://cpsurat.gujarat.gov.in/,city-wide CCTV + surveillance; bulk desktops; networking + Wi-Fi; servers/storage; AMC,Safe-city / surveillance expansion; control-room modernization,Integration with Smart City CCTV / new control room,IT cell / Control Room / Police HQ purchase (GeM/tender),Contact found,"Commissioner of Police Office, Surat",Official .gov.in,https://cpsurat.gujarat.gov.in/cpsurat/CMS.aspx?content_id=5497,Large city-wide force; many stations,Control room 0261-2461200; telephone directory public; links to Smart City surveillance
L0045,A,85,Bharat Cancer Hospital & Research Institute,Healthcare,Cancer multispecialty hospital,Saroli,0261-6677109,bharatcancerhospital@gmail.com,https://bharatcancerhospital.com/,HIS/EMR servers + storage; PACS + radiotherapy planning workstations; billing desktops; networking + Wi-Fi; CCTV; UPS; AMC,"Gamma Knife, CAR-T, radiation centre = heavy imaging/compute",Pioneering advanced therapies; research institute growth,Hospital Administrator / IT Manager / Purchase,Contact found,"Manavdaya Trust Sankul, Surat-Bardoli Road, Saroli, Surat 395010",Hospital website,https://bharatcancerhospital.com/contcat.php,Large cancer + Nirali radiation centre,Radiation oncology = high-spec imaging workstations + storage
L0046,A,85,Rajhans (Desai-Jain) Group / Rajhans Realty,Hospitality & Real Estate,Real estate developer / Builder,Surat,,,https://rajhansrealty.com/,Site CCTV; sales-gallery & office PCs; networking; server/NAS; AMC,"Premium housing to industrial zones (Synfonia, Apple)",30M+ sq ft; diversified pipeline,Director / Purchase,Existence-verified (contact pending),Surat,Builder official site,https://rajhansrealty.com/blog/2025s-best-builders-in-surat-whos-leading-the-real-estate-game/,Very large; 30M+ sq ft developed,Also operates malls/multiplexes; large multi-site IT/CCTV footprint
L0047,A,85,Reliance Jewels - Adajan,Jewellery,Branded retailer/showroom,Adajan,,,https://stores.reliancejewels.com/,high-density CCTV + access control (critical); POS/billing PCs; networking + Wi-Fi; server/NAS; AMC,Reliance Retail expansion in Surat,New Adajan store,Store/Admin manager,Existence-verified (contact pending),"Unit No 3, GF, Universal Trade Center, LP Savani Road, Adajan, Surat, Gujarat",company_website,https://stores.reliancejewels.com/reliance-jewels-jewelry-store-adajan-surat-343351/Home,Large (Reliance Retail brand),Partial phone listed (+9196190196xx) not captured cleanly
L0048,A,85,ABD Diamonds Pvt Ltd,Lab-Grown Diamond,CVD & HPHT diamond manufacturer / exporter,Surat (+ Ahmedabad),+91 70165 80812,info@abddiamonds.com,https://abddiamonds.com/,GPU workstations for planning/grading; reactor-control PCs; rack server + NAS; multi-camera CCTV + access control; managed switches + Wi-Fi; AMC,At forefront of CVD/HPHT since 2017; exports US/UK/Canada/UAE/HK/Europe; in-house growing,"Growth, cutting and grading facilities across Surat + Ahmedabad; export expansion",Owner/Director or IT Manager,Contact found,"Manufacturing hubs in Surat and Ahmedabad, Gujarat",Company website,https://abddiamonds.com/contact/,"Large - since 2017, growth+cutting+grading facilities, global exports",Surat-specific street address not visible; two-city operation
L0049,A,85,Kira Jewels Inc (Kira group jewelry arm),Lab-Grown Diamond,LGD jewelry manufacturer,Khajod (Surat Diamond Bourse),+91 261 691 4500,infosurat@kiradiam.com,https://kiradiam.com/,GPU workstations for jewelry CAD/planning; rack server + NAS; CCTV + access control; managed switches + Wi-Fi; AMC,Jewelry arm of world's largest CVD grower; CEO Mehul Vaghani,Part of Kira group rapid expansion (4000 reactors),Owner/Director (Mehul Vaghani),Contact found,Surat Diamond Bourse Khajod Surat 395007 (shared with Kira Diam),Company website,https://kiradiam.com/about-us/,Large - jewelry arm of Kira Diam group,Same group as Kira Diam; included as distinct jewelry entity
L0050,A,85,Apollo Pharmacy - Surat,Retail & Supermarket,Pharmacy / medical-store chain,"Multiple (Althan, City Light, Adajan, Green City, Rander Rd, Bhimrad, Palanpur Gam)",,,https://www.apollopharmacy.in,bulk POS/billing desktops; loss-prevention CCTV; per-store networking + Wi-Fi; back-office server; AMC,50+ stores and growing in Surat,National pharmacy chain - dense Surat network expanding,Purchase / Regional IT,Existence-verified (contact pending),Shop 5 VIP Galleria Althan High St Canal Rd; Mann Complex Anand Mahal Rd Adajan; etc.,Official store locator,https://www.apollopharmacy.in/medical-stores/apollo-pharmacy-apollo_pharmacy_althan-surat-11530,50+ pharmacy stores in Surat,Pharmacy POS + cold-chain monitoring + per-store CCTV; 50+ outlets = high recurring need
L0051,A,85,Millennium Textile Market,Textile Trade & Design,Textile market complex,Ring Road / Sahara Darwaja,,,,complex-wide networking + Wi-Fi; dense CCTV; bulk billing/POS desktops; server/NAS; AMC,Digital catalogues/video-call selling; FOSTTA HQ located here,Premier saree/lehenga market; FOSTTA federation based here,Market management / FOSTTA office on premises,Existence-verified (contact pending),"Mithi Khadi Road, Near Ring Road, New Textile Market, Surat, Gujarat 395002",Market directory,https://surattextilemarkets.com/millennium-textile-market/,Large complex; thousands of shops,FOSTTA HQ at FP-143/144 ground floor here; strong association access point
L0052,A,84,Mahim Architect,Architecture & CAD/Engineering,AEC / Architecture-Engineering-Construction,Ghod Dod Road,,,https://mahimarchitect.com/,GPU workstations for AEC + MEP 3D/CAD/BIM modelling; dual monitors; NAS/server for multi-office files; backup; structured networking; AMC,"Full AEC + valuation + MEP services; offices in Surat, Baroda, Ahmedabad, Rajkot",Multi-branch expansion across Gujarat,Partner / Principal,Existence-verified (contact pending),"A 1002, 1st Floor, Turning Point Complex, Ghod Dod Road, near Jamna Nagar BRTS, near Fire Station, Surat 395007",IndiaMART profile,https://www.indiamart.com/mahim-architect/aboutus.html,Mid-large (multi-branch),Architecture+Engineering+Construction+MEP; high compute/multi-seat need
L0053,A,84,Nanavati Toyota,Automobile Dealership,Car dealer (Toyota),Bhatpore (Magdalla-Hazira),,,https://www.nanavatitoyota.com/,DMS/billing desktops; showroom + workshop + lot CCTV; networking + guest Wi-Fi; digital signage; server/NAS; AMC,Multi-city Toyota outlets + Udhna outlet,Nanavati Group multi-brand expansion,Dealer Principal / IT Head,Existence-verified (contact pending),"220+328, GIDC Magdalla Hazira Road, GIDC Bhatpore, Opp ONGC, Surat 394510",Brand dealer site,https://www.nanavatitoyota.com/,Authorized Toyota dealer; Surat/Bharuch/Bardoli,Also Udhna-Sachin Road outlet; part of Nanavati Group
L0054,A,84,"Shreeji Automart (Tata Motors, Piplod)",Automobile Dealership,Car dealer (Tata Motors),Piplod,,,https://dealer-locator.cars.tatamotors.com/,DMS/billing desktops; showroom + workshop + lot CCTV; networking + guest Wi-Fi; digital signage; server/NAS; AMC,Three+ Tata outlets across Surat,Expanding Tata + EV retail footprint,Dealer Principal / IT Head,Existence-verified (contact pending),"No 04A/B, Shreeji House, Dumas Road, Opp Big Bazar, Piplod, Surat",Brand dealer site,https://dealer-locator.cars.tatamotors.com/tata-motors-cars-showroom-shreeji-automart-piplod-car-dealer-piplod-surat-77053/Home,Multi-outlet Tata dealer (Piplod/Katargam/Adajan),Also Katargam and Adajan (Gaurav Path) showrooms
L0055,A,84,Sanghavi Exports International / Sanghavi Diamond Mfg Pvt Ltd,Diamond & Bourse,Diamond manufacturer & exporter,Ved Road (Turki),,,https://sanghvisons.com/,Diamond-planning workstations at scale; campus networking; large CCTV + access; servers + NAS; AMC,One of largest diamond mfg units in Asia,Large legacy group; major Surat plant,Owner/Partner or IT/Security head,Existence-verified (contact pending),"Survey No 14, Village Turki, Opp Darpan Nagar, Ved Road, Surat",ZaubaCorp + search snippet,https://www.zaubacorp.com/company/SANGHVI-DIAMONDS-MANUFACTURING-PRIVATELIMITED/U36911GJ1995PTC027680,Est. 1973; Surat factory among largest in Asia,Sanghavi Diamond Mfg Pvt Ltd; very large Surat facility
L0056,A,84,Venus Jewel,Diamond & Bourse,Polished natural diamond manufacturer,Sumul Dairy Road,+91 261 253 1444,vj.surat@venusjewel.com,https://www.venusjewel.com/,Diamond-planning workstations; integrated-facility managed networking; CCTV + biometric access; servers + NAS; AMC,Integrated manufacturing facility; premium high-value diamonds,Established large manufacturer with Surat + Mumbai ops,Owner/Partner (Hitesh R. Shah) or Admin/IT head,Contact found,"The Venus Estate, Near Shantiniketan Society, Sumul Dairy Road, Surat 395003",Company site + search snippet,https://www.venusjewel.com/stpg/Best-Diamond-Manufacturing-Unit.html,Since 1969; integrated Surat manufacturing facility,Premium polished diamonds; partner contact captured
L0057,A,84,Uka Tarsadia University (UTU),Education,University (Private),Bardoli/Mahuva (South Gujarat),02625-290020,ceo@utu.ac.in,utu.ac.in,computer-lab desktops (bulk); lab servers/storage; campus networking + Wi-Fi; CCTV; smart-class; AMC,"Multi-faculty campus, NAAC; engineering/pharmacy/IT labs",Steady program & infra growth,Registrar / IT Head,Contact found,"Maliba Campus, Gopal Vidyanagar, Bardoli-Mahuva Road, Tarsadi-394350, Surat",Govt directory + official site,https://surat.nic.in/public-utility/uka-tarsadia-university/,Very large multi-faculty private university,Large Maliba/UTU campus; multiple professional colleges = high hardware spend
L0058,A,84,R Wadiwala Securities Private Limited,Finance & Professional,Stock / commodity broker,Limda Chowk,08401974767,,https://www.rwsec.com/,multi-seat desktops + dealing terminals; data server + NAS backup; networking/firewall; CCTV + access control; UPS; AMC,Branch network; portfolio mgmt & NRI services,"Branches at Parle Point, Rander Road, Limda Chowk",Admin,Contact found,"9/2003-4, Vishnu Priya, Main Road, Limda Chowk, Surat-395003",Company site,https://www.rwsec.com/,75+ yrs in business; multiple Surat branches,"Stock broking, PMS, NRI investment advisory"
L0059,A,84,SuperScan Diagnostic Centre,Healthcare,Diagnostic / imaging centre (radiology),Surat,,,https://www.superscan.in/,PACS server + storage; high-end imaging workstations (CT/MRI reading); reporting desktops; networking; CCTV; UPS; AMC,Introduced Gujarat's first 160-slice dual-energy CT (new high-end modality),New advanced CT install = workstation/storage demand,Centre Director / IT/PACS Manager,Existence-verified (contact pending),Surat (advanced CT/MRI imaging centre),Diagnostic centre website,https://www.superscan.in/,Large radiology team; Gujarat-first 160-slice dual-energy CT,Pure imaging center = heavy PACS/workstation buyer; high fit
L0060,A,84,Park Inn by Radisson Surat,Hospitality & Real Estate,Hotel (4-star),City Centre / near Tapi River,,,https://www.radissonhotels.com/en-us/hotels/park-inn-surat,PMS server; front-desk/back-office PCs; guest Wi-Fi + networking; CCTV; event AV; AMC,Newly opened property,New hotel launch (Radisson) - fresh IT fit-out window,GM / IT Manager,Existence-verified (contact pending),Surat (within 7 km of Surat International Airport),Press release,https://www.radissonhotels.com/en-us/corporate/media/press-releases/opening-park-inn-by-radisson-surat,"New mid-large hotel, 185 sqm event space",Recently opened; new-build = strong greenfield IT/CCTV/Wi-Fi opportunity
L0061,A,84,Sangini Group,Hospitality & Real Estate,Real estate developer / Builder,Surat,,,https://www.sanginigroup.com/,Site CCTV; sales-gallery & office PCs; networking; server/NAS; AMC,"Active residential + commercial pipeline (Skyteria, Lakeville)",71 completed projects; ongoing high-rises,Director / Purchase,Existence-verified (contact pending),Surat,Builder official site,https://www.sanginigroup.com/,"Major developer; 71 projects, 10M sq ft",One of Surat's largest developers; multiple active sites = recurring CCTV/IT
L0062,A,84,Charu Jewels,Jewellery,Manufacturer/wholesaler + retail,Ichchhapor (Gem & Jewellery Park),+91 82386 90000,mail@charujewels.com,https://charujewels.com/,high-density CCTV + access control (critical); jewellery CAD workstations; POS/billing PCs; networking + Wi-Fi; server/NAS; AMC,Customized diamond jewellery manufacturing; B2B + retail,Showroom near Jade Blue Ghod Dod also listed,Owner/Director,Contact found,"U15C, GHB Gem & Jewellery Park, Ichchhapor, Surat 394510",company_website,https://charujewels.in/contact-us/,"Medium-large (family business HQ, manufacturer + showroom)",
L0063,A,84,Diyam Impex,Lab-Grown Diamond,CVD & HPHT diamond manufacturer / distributor,Gitanjali,+91 98251 07116,diyamimpex@gmail.com,https://www.diyamimpex.com/,GPU workstations for planning/grading software; reactor/process PCs; rack server + NAS; multi-camera CCTV + access control; managed switches + Wi-Fi; AMC,Among largest LGD manufacturers in Surat supplying globally; CVD + HPHT,Positioned as one of Surat's largest LGD manufacturers; global distribution,Owner/Director,Contact found,102 Maitri Buildings nr Jeevandhara Hotel Gitanjali Surat Gujarat,Company website,https://www.diyamimpex.com/,Large - one of the largest LGD manufacturers in Surat,Multiple phone numbers listed on site; alt source: https://www.justdial.com/jdmart/Surat/Diyam-Impex-Varachha-Varachha-Road/0261PX261-X261-190205191232-Y5M2_BZDET/catalogue
L0064,A,84,Dhiraj Sons The Mega Store,Retail & Supermarket,Departmental store / Supermarket chain (local),"Multiple (Athwalines, Althan, Surat Ho/Canal Rd, Vadod Gam, Sachin, Nanpura)",,,https://dhirajsons.com,bulk POS/billing desktops; loss-prevention CCTV; per-store networking + Wi-Fi; digital signage; back-office server/NAS; AMC,Multi-store local chain across Surat,Established local mega-store chain expanding store count,Owner / Purchase,Existence-verified (contact pending),Near Chowpati Athwa Gate Athwalines 395001; Sai Vittorio opp Atlanta Shopping Centre Althan 395007,Company website + JustDial,https://dhirajsons.com/,6+ mega stores in Surat; local chain,"Strong local Surat chain - groceries, garments, consumer durables; decisions likely local (high relevance)"
L0065,A,84,Tanishq (Titan) - Surat,Retail & Supermarket,Jewellery retail chain,"Adajan, Ghoddod Rd, Varachha Rd",,,https://stores.tanishq.co.in,loss-prevention CCTV (critical); bulk POS/billing desktops; per-store networking + Wi-Fi; back-office server; AMC,Multiple Tanishq showrooms in Surat,Titan expanding jewellery retail; high-security stores,Purchase / IT / Store Manager,Existence-verified (contact pending),Pyramid Square Near LP Savani Circle 120 Feet Rd Adajan 395009; Opp St Xaviers School Ghoddod Rd 395007,Official store locator,https://stores.tanishq.co.in/store-locator/jewellery-stores/city/Surat,Titan jewellery chain; multiple Surat showrooms,Jewellery = highest-grade CCTV/access-control + POS; Surat is diamond city - jewellery retail dense
L0066,A,84,Loyal Textiles,Textile Manufacturing,Weaving (airjet),Surat,,,https://loyaltextiles.com/weaving/,ERP servers; shop-floor & billing PCs; large-area multi-shed CCTV; networking + Wi-Fi; biometric attendance; AMC,High-volume modern airjet fleet (modernization),Modern airjet loom fleet expansion,Owner/Director or Factory manager,Existence-verified (contact pending),"Weaving unit, Surat (Toyota/Picanol/Somet airjet looms)",Company website,https://loyaltextiles.com/weaving/,"Large: 460 airjet/dobby looms, ~2,25,000 m grey fabric/day",Large grey fabric weaver; high spend on shop-floor IT and surveillance
L0067,A,84,Kohinoor Textile Market,Textile Trade & Design,Textile market complex,Ring Road / New Textile Market,,,,complex-wide networking + Wi-Fi; dense CCTV; bulk billing/POS desktops; server/NAS; AMC,High-traffic budget hub; bulk billing demand,Approx 2500 shops - massive footfall,Market management / association office,Existence-verified (contact pending),"Kohinoor Textile Market, New Textile Market, Ring Road, Surat 395003",Market directory,https://surattextilemarkets.com/kohinoor-textile-market/,Very large; ~2500 shops,Huge shop count = large-scale CCTV + network deal
L0068,A,83,XYXX Apparels,BPO/Logistics/Print,E-commerce/D2C,"Dumas Road / Kadodara Road, Surat",,,https://xyxxcrew.com/,bulk office/design PCs; e-comm/ERP servers; networking + firewall; warehouse CCTV; barcode/handhelds; AMC,D2C innerwear scale-up; retail store rollout (incl Vesu Surat),Funded apparel brand; expanding retail + online,IT Head / Purchase,Existence-verified (contact pending),"510 Rajhans Montessa, Dumas Road, beside Le Meridien, Surat; 402-413 Sangini B Textile Hub, Surat-Kadodara Road, Surat - 395010",Dun & Bradstreet,https://www.dnb.com/business-directory/company-profiles.xyxx_apparels_private_limited.3e83b4da92e5d849417f6bf6ee435b3b.html,"Mid-large (funded, multi-store)",XYXX Apparels Pvt Ltd; registered office Surat; funded D2C menswear/innerwear
L0069,A,83,Bhagwan Mahavir University (BMU),Education,University (Private),Vesu,0261-6770102,info@bmusurat.ac.in,bmusurat.ac.in,computer-lab desktops (bulk); lab servers/storage; campus networking + Wi-Fi; CCTV; smart-class panels; AMC,Rapidly growing university adding engineering/IT/management seats,New buildings & programs in Vesu,Director / Registrar / IT Head,Contact found,"Sr. No. 149, VIP Road, Bharthana Road, Vesu, Surat-395007",CollegeBatch + official site,https://surat.nic.in/public-utility/uka-tarsadia-university/,Large private university (100+ courses),"Engineering, polytechnic, management colleges = bulk lab desktops"
L0070,A,83,The Varachha Co-operative Bank Ltd,Finance & Professional,Co-operative bank,L H Road,0261-4008000,,https://www.varachhabank.com/,branch-wide desktops; core-banking servers + NAS backup; networking/firewall; CCTV + access control; UPS; AMC,Branch network growth; banking-security compliance,Mota Varachha + multiple branches,Branch Manager,Contact found,"AFFIL TOWER, L.H. Road, Surat-395006",Company site,https://varachhabank.com/branch/,Multi-branch UCB; HO + Sahkar Bhavan,"Alt office Sahkar Bhavan, Vrajchowk 0261-6918000"
L0071,A,83,Synergy Imaging,Healthcare,Diagnostic / imaging centre (radiology),Ring Road,,,https://synergyimaging.co.in/,PACS server + storage; MRI/CT reading workstations; reporting desktops; networking; CCTV; UPS; AMC,Latest 1.5T MRI + 128-slice CT = imaging compute + storage,Premier imaging center; modern modality suite,Centre Director / PACS/IT Manager,Existence-verified (contact pending),"UG 1-2 Jeevandeep Complex, Opp J.K. Tower, Near Nirmal Hospital, Ring Road, Surat 395002",Diagnostic centre website,https://synergyimaging.co.in/,1.5T MRI + dual-energy 128-slice CT + USG + digital X-ray,Strong imaging-workstation/PACS prospect; capture contact
L0072,A,83,DhiWise (DhiWise Private Limited / Rocket),IT & Software,SaaS product (design-to-code / AI dev tools),"Lal Darwaja (Station Road), Surat",,help@dhiwise.com,https://www.dhiwise.com/,High-spec dev workstations; rack servers + NAS; enterprise firewall + managed switches + Wi-Fi; CCTV/access control; AMC,"Founded 2021; raised ~$25.2M (Accel, India Quotient); rebranded to Rocket; $15M seed reported",VC-funded scale-up; occupies multiple floors of Infinity Tower; hiring,Founder/Director (Vishal Virani) or IT/Eng Head,Contact found,"9th Floor, Office 901-906 & 919-924, Infinity Tower, Lal Darwaja Station Road, Surat 395003",Company website (contact page) + Tracxn,https://www.dhiwise.com/contact-us,"Medium (funded SaaS, large floor)",Top funding signal in Surat; large floor = significant infra/CCTV/AMC spend
L0073,A,83,Anjali Diamonds Pvt Ltd,Lab-Grown Diamond,CVD diamond grower / manufacturer,Surat,+91 261 255 4151,sales2@anjalidiamonds.com,,GPU workstations for planning/grading; reactor-control PCs; rack server + NAS; multi-camera CCTV + access control; managed switches + Wi-Fi; AMC,Grower of Type IIA CVD diamonds; GJEPC IIJS exhibitor; in-house growing,In-house CVD growing; GJEPC trade-show presence (IIJS Premiere),Owner/Director,Contact found,3rd Floor Plot No 211-211 Paiky Surat 395006,ExportersIndia listing,https://www.exportersindia.com/anjali-diamonds-surat/,"Medium-large - grower of Type IIA CVD, GJEPC exhibitor",GJEPC exhibitor profile EXH209
L0074,A,82,ADDA Architects & Urban Designers,Architecture & CAD/Engineering,Architecture firm,Vesu,91062 38875,studio@addaarchitects.in,https://www.addaarchitects.in/,GPU workstations (RTX) for AutoCAD/Revit/3ds Max rendering; large/dual monitors; NAS for project files; backup; networking; AMC,Operates Surat + Mumbai offices; active urban-design projects,Second office in Mumbai indicates growth,Principal Architect / Partner,Contact found,"1001, Western Vesu Point, Opp. S.N.S Square, University Road, Vesu Cross Road, Surat, Gujarat 395007",Company website,https://www.addaarchitects.in/contacts,Mid (multi-office: Surat + Mumbai),Architecture + interior + urban design; strong rendering/compute need
L0075,A,82,DesignCore Studio,Architecture & CAD/Engineering,Architecture / Interior / Landscape,Piplod,0261 246 2829,info@designcore.co.in,https://www.designcorestudio.co.in/,GPU workstations for architecture/interior/landscape 3D rendering; dual monitors; NAS/server; backup; networking; AMC,Since 1991; 2000+ projects; works Pan-India,"Long-established, large project volume, Pan-India growth",Principal / Partner,Contact found,"310/311 Union Heights, Maharana Pratap Marg, RahulRaj Mall Lane, Piplod, Surat, Gujarat 395007",Company website,https://www.designcorestudio.co.in/contact,Large,Founder Manish Choksi; high seat count likely
L0076,A,82,Amar Cars (Maruti Suzuki Arena/Nexa),Automobile Dealership,Car dealer (Maruti Arena/Nexa),Kapodra,9925246251,,https://amarcars.com/,DMS/billing desktops; showroom + workshop + lot CCTV; networking + guest Wi-Fi; digital signage; server/NAS; AMC,Arena Kapodara + Nexa Adajan + Varachha workshop,Multiple Surat outlets plus other Gujarat cities,Dealer Principal / IT Head,Contact found,"Amar Cars Arena Kapodara, Navjeevan Compound, Opp Jalaram Furniture, Kapodra, Surat",Brand dealer site,https://www.arenaofkapodara.com/,Multi-city Maruti dealer across Gujarat,Sales 9925246251; service 9081711990; Nexa Adajan at Marvella Business Hub
L0077,A,82,Shreenath Kia,Automobile Dealership,Car dealer (Kia),Adajan/Pal Gam,9081924777,,https://shreenath-kia.in/,DMS/billing desktops; showroom + workshop + lot CCTV; networking + guest Wi-Fi; digital signage; server/NAS; AMC,4+ Kia outlets across Surat & Bardoli,Multi-branch Kia dealer group,Dealer Principal / IT Head,Contact found,"Plot No 2, Sanskruti Township, Hazira Road, Adajan, Near RTO, Pal Gam, Surat",Brand dealer site,https://kiaindia-dealers.com/kia-car-showroom-shreenath-kia-adajan-car-dealer-pal-gam-surat-334946/Home,Multi-outlet Kia dealer (Adajan/Piplod/Bharthana/Bardoli),"Outlets: Adajan, Piplod, Bharthana (VIP Rd), Sahara Darwaja, Bardoli"
L0078,A,82,French Crown,BPO/Logistics/Print,E-commerce/D2C,"Saroli / Mota Varachha, Surat",,,https://frenchcrown.in/,bulk office/design PCs; e-comm/ERP servers; networking + firewall; warehouse CCTV; barcode/handhelds; AMC,"Rapid catalog growth (4000+ designs, 200 new styles/week); export 60%","Revenue grew 12cr (FY21) to 47.5cr (FY22), 4x; ships to 84 countries",IT Head / Operations Manager,Existence-verified (contact pending),"3001 AB/3002 AB, RRTM Phase 2 (Canal Road), Opp Orbit 2, Saroli, Surat - 395010; Corp office 428 Green Plaza, Y Golden Chowk, Mota Varachha, Surat - 394101",Company website,https://frenchcrown.in/pages/about-us,Mid-large (84 countries),"D2C menswear; online + offline; large Surat HQ + warehouse, strong growth"
L0079,A,82,Asian Star Co Ltd,Diamond & Bourse,Diamond manufacturer & exporter,A.K. Road,,,https://www.asianstargroup.com/,Diamond-planning workstations; multi-floor managed networking; CCTV + biometric access; servers + NAS; AMC,100k sq ft modern facility,Listed group with large Surat unit,Owner/Partner or IT/Security head,Existence-verified (contact pending),"F.P. 138/151, Plot 01, Purushottam Ginning Mill Compound, A.K. Road, Surat 395008",Company site + search snippet,https://www.asianstargroup.com/diamond-manufacturing/,"100,000 sq ft state-of-the-art Surat facility",100k sq ft manufacturing facility on A.K. Road
L0080,A,82,B. Virani & Co.,Diamond & Bourse,Diamond cutting & polishing manufacturer,Varachha,,,http://www.bvirani.com/,Diamond-planning workstations (Sarine/DiamCalc); multi-floor managed networking; heavy CCTV + biometric access control; servers + NAS; office desktops; AMC,Large monthly throughput indicates ongoing tech upgrades,Long-established large processor scaling capacity,Owner/Partner or IT/Security head,Existence-verified (contact pending),"B 7 8 9 10 Diamond Estate, Near Baroda Prestige, Varachha Road, Varachha, Surat 395006",Industry article + company site,https://www.naturaldiamonds.com/in/inside-the-world-of-diamonds/surat-the-heart-of-natural-diamnond-cutting-polishing-industry/,"50+ yrs; 22,000+ carats/month rough processed",Major natural-diamond cutting/polishing house; high-security manufacturing facility
L0081,A,82,KP Sanghvi & Sons LLP,Diamond & Bourse,Diamond & jewellery manufacturer,Tadwadi / Ichhapore,,,https://kpsanghvi.com/,Diamond-planning + jewellery CAD workstations; managed networking; CCTV + access control; servers + NAS; AMC,Dedicated women-empowerment cutting unit; multi-country,Third-generation conglomerate; diamonds + jewellery + infra,Owner/Partner or IT/Security head,Existence-verified (contact pending),"Near Unia Mata Mandir, Tadwadi, Surat 395001; also Ichhapore unit",Company site + search snippet,https://kpsanghvi.com/about-us/,Founded 1965; ops India/USA/UAE/Botswana/Belgium/HK; women-focused Surat unit 100+,"Multiple Surat sites (Tadwadi, A.K. Road, Ichhapore)"
L0082,A,82,Sheetal Manufacturing Company Pvt Ltd,Diamond & Bourse,Diamond manufacturer & exporter,A.K. Road,,,https://www.sheetal.co/,Diamond-planning workstations; managed networking; CCTV + access control; servers + NAS; AMC,Technologically advanced Surat setups; De Beers sightholder,Global multi-office expansion,Owner/Partner or IT/Security head,Existence-verified (contact pending),"Office 701, Plot 13, A-Wing, Sheetal Avenue, Nr Bhavani Circle, A.K. Road, Surat 395008",JustDial + search snippet,https://www.justdial.com/Surat/Sheetal-Manufacturing-Company-Near-Bhavani-Circle-A-K-Road/0261PX261-X261-140731163342-G5U6_BZDET,Est. 1985; global presence Antwerp/Dubai/Mumbai/Surat/HK/NY,Sheetal Group; among most tech-advanced setups in Surat
L0083,A,82,Delhi Public School (DPS) Surat,Education,School (CBSE),Dumas Road / Vesu / Tapi (multi-campus),0261-2204500,principal@dpstapi.net,dpssurat.net,computer-lab desktops (bulk); smart-class panels/projectors; campus networking + Wi-Fi; CCTV; AMC,Multiple campuses; digital-classroom rollouts,Multi-campus growth,Principal / Admin / IT Coordinator,Contact found,"Near Airport, Surat-Dumas Road, Post Gavier, Surat-394550",Official site,https://www.dpssurat.net/,Very large CBSE school (multi-campus),Large CBSE; computer labs + smart classes across campuses
L0084,A,82,P. P. Savani University,Education,University (Private),"Kosamba, Dhamdod (South Gujarat)",+91-9909962111,info@ppsuni.ac.in,ppsu.ac.in,computer-lab desktops (bulk); lab servers/storage; campus networking + Wi-Fi; CCTV; smart-class panels; AMC,Growing private university adding programs/seats,Campus & program expansion,Director / Registrar / IT Head,Contact found,"NH48, GETCO, Dhamdod, Kosamba, Surat-394125",Govt directory + official site,https://surat.nic.in/public-utility/p-p-savani-university/,Large private multi-faculty university,Engineering+management+polytechnic under one campus = bulk lab demand
L0085,A,82,Sarvajanik College of Engineering & Technology (SCET),Education,Engineering College,Athwalines,0261-2240146,,scet.ac.in,computer-lab desktops (bulk); lab servers; campus networking + Wi-Fi; CCTV; AMC,Established engineering college; NBA/NAAC lab upgrades,Constituent institute expansion,Principal / IT Head,Existence-verified (contact pending),"Dr. R.K. Desai Marg, Opp. Mission Hospital, Athwalines, Surat-395001",Official site,https://scet.ac.in/,Large engineering college (est. 1995),Multiple engineering branches; large computer labs
L0086,A,82,The Surat Mercantile Co-operative Bank Ltd,Finance & Professional,Co-operative bank,Lal Darwaja,0261 2532933,,https://www.sumcobank.com/,branch-wide desktops; core-banking servers + NAS backup; networking/firewall; CCTV + access control; UPS; AMC,Branch network & ATM/CDM security upgrades,Multiple branches across Surat,Branch Manager,Contact found,"""Utkarsh"" 7/359-360, Modi Compound, Lal Darwaja Main Road, Surat-395003",Company site,https://www.sumcobank.com/branch/,Multi-branch UCB with ATM network,"Branches incl Katargam, Khatodra, Bamroli"
L0087,A,82,The Surat People's Co-operative Bank Ltd,Finance & Professional,Co-operative bank,Nanpura,0261-2464623,customercare@spcbl.in,https://www.spcbl.in/,branch-wide desktops; core-banking servers + NAS backup; networking/firewall; CCTV + access control; UPS; AMC,Branch network; data-security & ATM upgrades,Branch network expansion,Branch Manager,Contact found,"Vasudhara Bhavan, Timaliawad, Nanpura, Surat-395001",Company site,https://www.spcbl.in/branch/,"Multi-branch UCB, ATM/CDM/safe-deposit",Toll-free 1800 233 7722; IFSC SPCB0251008
L0088,A,82,Gujarat State Energy Generation Ltd (GSEG) Hazira,GIDC Manufacturing,Power / Process Plant,Hazira,,,https://gseg.in/,ERP servers + storage; plant desktops; industrial/rugged PCs; large-area CCTV; networking + Wi-Fi; biometric access; AMC,"Power generation; JV of GSPC, GAIL, KRIBHCO",Combined cycle power plant; multi-PSU JV,IT Manager / Plant Head / Purchase,Existence-verified (contact pending),"Hazira, Surat, Gujarat",Wikipedia,"https://en.wikipedia.org/wiki/GSEG_Combined_Cycle_Power_plant,_Hazira",Large (gas-based combined cycle power plant),Gas-based combined cycle power; GSPC/GAIL/KRIBHCO JV
L0089,A,82,ArcelorMittal Nippon Steel India (AM/NS) - Hazira,Government & PSU,Large Industrial (public-facing),"Hazira, Surat",,,https://www.amns.in/,plant CCTV + access control; bulk office desktops; data-center servers/storage; networking + Wi-Fi; AMC,"Major expansion (9 to 15 mtpa, ~US$7.4 bn) underway to 2026",New blast furnaces + facility build-out,IT/OT Procurement / Materials (vendor registration),Existence-verified (contact pending),"AMNS House, AMNS Township, 27th KM Surat-Hazira Road, Hazira, Surat-394270",Official company site,https://www.amns.in/,Very large steel plant (9-15 mtpa),Formerly Essar Steel; large recurring hardware + surveillance spend; expansion to complete 2H-2026
L0090,A,82,Dakshin Gujarat Vij Company Ltd (DGVCL),Government & PSU,PSU / Power Distribution,"Kapodara, Surat",(0261) 2804209,cs.dgvcl@gebmail.com,https://dgvcl.com/,bulk office desktops; CCTV at offices/substations; servers/storage (billing); networking + Wi-Fi; AMC (GeM/tender),Billing/IT digitization; substation surveillance; smart-metering IT,Office + substation network expansion,IT Dept / Materials & Purchase (GeM/e-tender),Contact found,"Urja Sadan, Nana Varachha Road, Kapodara, Surat-395006",Official site,https://dgvcl.com/contact.php,Very large discom (South Gujarat); many sub-offices,GUVNL subsidiary; HQ at Urja Sadan Surat; many circle offices across South Gujarat
L0091,A,82,GAIL (India) Ltd - Hazira Compressor Station,Government & PSU,PSU / Oil & Gas,"Hazira, Surat",261-2840034,RD00441@gail.co.in,https://www.gailonline.com/,plant CCTV + access control; bulk desktops; servers/storage; networking + Wi-Fi; AMC (GeM),OT/IT security; pipeline SCADA + surveillance modernization,Network/station expansion in Hazira belt,O&M / IT cell / Materials (GeM/e-procurement),Contact found,"Ichchhapur Magdalla Road, Hazira Compressor Station, Hazira, Surat-394270",Official PSU site,https://www.gailonline.com/Hazira.html,Large compressor station / pipeline base,"Maharatna PSU; named officers R Damodharan, T S Baghel (ts.baghel@gail.co.in)"
L0092,A,82,Shalby Multi-Speciality Hospital,Healthcare,Multispecialty hospital,Adajan,,,https://www.shalby.org/hospitals/surat-shalby/,HIS/EMR servers + storage; PACS workstations; billing desktops; networking + Wi-Fi; CCTV; UPS; AMC,National chain standardization; oncology/robotic services need imaging compute,Listed-company chain (Shalby Ltd); ongoing expansion,Hospital Administrator / IT Manager (often central procurement),Existence-verified (contact pending),"Nr Navyug College, Rander Road, Adajan, Surat 395009",Hospital website,https://www.shalby.org/hospitals/surat-shalby/,243 beds; tertiary care; national chain,Large chain; procurement may be centralized; high spend
L0093,A,82,Tristar Hospital,Healthcare,Multispecialty hospital,Nanpura / Athwa Gate,02612200000,,https://tristarhospitals.com/,HIS/EMR servers + storage; PACS workstations; billing/reception desktops; networking + Wi-Fi; CCTV; UPS; AMC,Large bed count + multi-specialty = HIS scale-up and CCTV coverage,250+ bed facility; established multispecialty,Hospital Administrator / IT Manager / Purchase,Contact found,"Nanpura New Rd, opp T & TV High School, Athwa Gate, Surat 395001",Hospital website,https://tristarhospitals.com/,250+ beds,Large bed base; strong networking/CCTV recurring need
L0094,A,82,Surat Marriott Hotel,Hospitality & Real Estate,Hotel (5-star),Athwa / City Light,,,https://www.marriott.com/en-us/hotels/stvmc-surat-marriott-hotel/overview/,PMS server; front-desk/back-office PCs; guest Wi-Fi + networking; CCTV; IPTV; AMC,Established premium chain property; ongoing refresh cycles,Marriott expanding in Tier-2 Surat,GM / IT Manager,Existence-verified (contact pending),"City Light Road, Surat",Hotel official site,https://www.marriott.com/en-us/hotels/stvmc-surat-marriott-hotel/overview/,"Large 5-star, full-service",Branded 5-star; high IT standardization and recurring AMC potential
L0095,A,82,VR Surat (Mall),Hospitality & Real Estate,Shopping mall / Multiplex,New Magdalla / Dumas Road,,,https://www.virtuous.in/,Mall management PCs/servers; visitor Wi-Fi + networking; large-scale CCTV/access control; AMC,Largest mall in Surat with arcade/bowling,High footfall surveillance,Admin / Mall IT Manager,Existence-verified (contact pending),"Dumas Road, New Magdalla, Surat 395007",Map directory,https://www.mappls.com/place-vr+mall+dumas+road-new+magdalla-surat-gujarat-395007+surat-4FAC3B,"Very large mall (615,000 sq ft), 100+ brands, multiplex","615k sq ft, multiplex + arcade; major CCTV/networking estate"
L0096,A,82,Narola Infotech Solutions LLP,IT & Software,Software development / IT outsourcing,"Adajan, Surat",+91 261 291 5551,ashishnarola@gmail.com,https://www.narolainfotech.com/,Developer workstations at scale; rack server + NAS for builds/source; firewall + managed switches + Wi-Fi for large floor; office CCTV/access control; AMC,"Established 2005, serves Fortune 500 and 50+ countries; sustained large delivery team",Long-standing scale-up; multi-floor Adajan office implies periodic hardware refresh,Founder/Director (Ashish Narola) or IT/Admin Head,Contact found,"Office No. 105, 1st Floor, Regent Square, B/S Sarvoday Complex, Nr. Karan Park, Adajan, Surat 395009",JustDial listing + company site,https://www.justdial.com/Surat/Narola-Infotech-Pvt-Ltd-Above-D-Mart-Near-Karan-Park-Adajan-Dn/0261PX261-X261-120522163813-J8Y5_BZDET,"Large (200+ est.; 3000+ projects, 50+ countries)",One of Surat's largest IT firms; strong fit for bulk workstations + infra + AMC
L0097,A,82,BlueStone - Ghod Dhod Road,Jewellery,Branded retailer/showroom,Ghod Dod Road,8655352036,,https://www.bluestone.com/,high-density CCTV + access control (critical); POS/billing PCs; networking + Wi-Fi; AMC,"Multiple Surat stores (Ghod Dod, LP Savani)",Multi-store Surat expansion,Store/Admin manager,Contact found,"1st & 2nd Floor, Cygnus House, Amarkunj corner, Nr Jade Blue, Ghod Dhod Road, Surat",company_website,https://www.bluestone.com/stores/ghod-dhod-road-surat-reslnk-TWpRMA==/catalog.html,Large (omnichannel brand showroom),
L0098,A,82,D Khushalbhai Jewellers,Jewellery,Large retailer/showroom,Athwa (Parle Point),,,https://dkhushalbhai.com/,high-density CCTV + access control (critical); POS/billing PCs; networking + Wi-Fi; server/NAS; AMC,Established Surat showroom; buyback/exchange programs,Established multi-decade retailer,Owner/Director (Deepak Chokshi),Existence-verified (contact pending),"Bus Stop Near Ambika Niketan Road, Parle Point, Meghdoot Society, Athwalines, Athwa, Surat 395007",directory,https://www.sulekha.com/d-khushalbhai-jewellers-athwa-surat-contact-address,"Large (10,000+ designs, established retailer)",Contact person Deepak Chokshi
L0099,A,82,Tribhovandas Bhimji Zaveri (TBZ) - Athwalines,Jewellery,Branded retailer/showroom,Athwalines,,,https://www.tbztheoriginal.com/,high-density CCTV + access control (critical); POS/billing PCs; networking + Wi-Fi; server/NAS; AMC,37 showrooms in 23 cities; national expansion,Established multi-state chain,Store/Admin manager,Existence-verified (contact pending),"SNS House, Athwalines, Surat 395001 (Near Lal Bunglow, Opp. Cable Bridge)",company_website,https://www.tbztheoriginal.com/locations,Large (national heritage brand),Heritage brand since 1864
L0100,A,82,Zaveri & Co. (Rajkotwala),Jewellery,Large retailer/showroom chain,Surat,,,https://zaveriandco.com/,high-density CCTV + access control (critical); POS/billing PCs; networking + Wi-Fi; server/NAS; AMC,Fast-growing chain across Gujarat; Surat + Ahmedabad,Expanding retail chain,Owner/Director or Admin manager,Existence-verified (contact pending),"Surat, Gujarat (also Ahmedabad)",company_website,https://zaveriandco.com/about-us/,"Large (established, fast-growing Gujarat retail chain)",Heritage 50+ years
L0101,A,82,Leranath Diamond,Lab-Grown Diamond,CVD & HPHT diamond manufacturer / exporter,Katargam,+91 90167 68648,Leranath.diamonds@gmail.com,https://leranathdiamonds.com/,GPU workstations for planning/grading; reactor-control PCs; rack server + NAS; multi-camera CCTV + access control; managed switches + Wi-Fi; AMC,"ISO 9001 certified, solar-powered factory, exports globally; CVD + HPHT",Solar-powered ISO-certified factory; separate manufacturing unit at Jagdish Estate,Owner/Director or Factory Manager,Contact found,Office 102 INSPIRE The Jewel House Beside KAPU Gems Near Kiran Hospital Vasta Devdi Rd Katargam Surat 395004,Company website,https://leranathdiamonds.com/contact-us/,"Medium-large - est 2014, ISO 9001, solar-powered factory",Factory address Jagdish Estate Lal Building near SMC Community Hall 395004
L0102,A,82,The Production House,Media/Video/Photo,Video production / ad films,Athwalines,+91 98201 40207,modishaivi@gmail.com,https://theproductionhouse.in/,GPU editing workstations; high-speed NAS & render storage; 10G networking; color-grading monitor; backup; AMC,Web series & YouTube shows scaling 4K content,Multi-city (Mumbai/Dubai/Surat); founded 2020; 11-50 staff,Owner/Founder,Contact found,"82, Narmad Nagar, Tennis Club, Athwalines, Surat",LinkedIn/company site,https://in.linkedin.com/company/the-production-house-surat,11-50 employees; Mumbai/Dubai/Surat,"Full-service: ads, product shoots, corporate films, web series, YouTube; strong growth signal"
L0103,A,82,Reliance Digital - Surat,Retail & Supermarket,Electronics & home-appliance retail chain,"Multiple (Vesu, Varachha, Piplod, Udhna, Adajan)",,,https://www.reliancedigitalstores.in,bulk POS/billing desktops; loss-prevention CCTV; per-store networking + Wi-Fi; digital signage; AMC,Multiple electronics stores operating; format upgrades,Part of Reliance Retail; high-value electronics needs strong LP-CCTV,Purchase / IT,Existence-verified (contact pending),Corner Walk VIP Rd Opp The Grand Plaza Vesu; Reliance Mega Mall Udhna; Shreeji Arcade Anand Mahal Rd Adajan,Official store locator,https://www.reliancedigitalstores.in/location/gujarat/surat,5+ large-format electronics stores,Large-format consumer electronics; demo zones need digital signage
L0104,A,82,Star Bazaar (Trent/Tata) - Surat,Retail & Supermarket,Supermarket/Hypermarket chain,Adajan / Hazira Rd,02614088840,,https://starbazaarindia.com,bulk POS/billing desktops; loss-prevention CCTV; per-store networking + Wi-Fi; digital signage; back-office server; AMC,Tata launched 2nd Surat store,Tata enterprise expanding hypermarket format in Surat,Purchase / Operations Manager,Contact found,Imperial Square Building Ground Floor Adajan Pal Rd Hazira Rd 395009 (opp Alishan Enclave),Mall directory + asklaila,https://gujarat.mallsmarket.com/malls/imperial-square-mall-surat/stores/star-bazaar,Tata multi-format hypermarket; present in 2 Surat stores,Phone captured; Tata Group - procurement centralized but store-level needs real
L0105,A,82,Zudio (Trent/Tata) - Surat,Retail & Supermarket,Branded apparel retail chain,"Multiple (Athwa, Vesu, Trinity/LP Savani, Pandesara, Singanpor, Corner Walk)",,,https://www.zudio.com,bulk POS/billing desktops; loss-prevention CCTV; per-store networking + Wi-Fi; digital signage; AMC,8+ Zudio stores across Surat; rapid expansion,Fastest-growing value-fashion chain - new Surat stores frequently,Purchase / Operations Manager,Existence-verified (contact pending),G-5/G-6 LP Savani Rd 395009 (Trinity); City Light Rd Athwa; Highfield Ascot VIP Rd Vesu; KSB Olympia Mall Pandesara,Official store locator,https://www.zudio.com/apps/s/zudio/storelocators/gujarat/surat,Tata/Trent value-fashion; 8+ stores in Surat,Trent's fastest-growing format; dense Surat presence = repeat per-store fit-outs (strong lead)
L0106,A,82,Surbhi Textile Mills Pvt Ltd,Textile Manufacturing,"Weaving/Embroidery (grey cloth, Schiffli)",Sachin GIDC,,,https://www.surbhi.com/surbhi-textile-mills,ERP/Tally servers; design & billing PCs; multi-shed CCTV; networking + Wi-Fi; biometric attendance; AMC,Vertically integrated multi-unit group; ongoing modernization,Multi-facility group (Sachin + Karanj),Owner/Director or Admin manager,Existence-verified (contact pending),"Surbhi Estate, A2/6/106, GIDC Sachin, Surat 394230",Company website,https://www.surbhi.com/surbhi-textile-mills,"Large group since 1976; yarn, woven, Schiffli + multihead embroidery, knits, RMG",Swiss Schiffli + Korean/Chinese multihead machines; broad IT footprint
L0107,A,82,Surat Textile Market (Ring Road),Textile Trade & Design,Textile market complex,Ring Road,,,,complex-wide networking + Wi-Fi; dense CCTV; bulk billing/POS desktops across shops; server/NAS; AMC,Ongoing digitization of wholesale trade; e-commerce/WhatsApp ordering push,Major established hub feeding all Ring Road textile trade,Market management / shop-owners association office,Existence-verified (contact pending),"Surat Textile Market, Ring Road, New Textile Market Area, Surat, Gujarat 395002",Market directory,https://surattextilemarkets.com/surat-textile-market/,Very large complex; hundreds of shops,Anchor wholesale hub; engage association for complex-wide infra deal
L0108,A,81,Surat National Co-operative Bank Ltd,Finance & Professional,Co-operative bank,Ghod-dod Road,,,https://suratnational.bank.in/,branch-wide desktops; core-banking servers + NAS backup; networking/firewall; CCTV + access control; UPS; AMC,Branch network across Surat; security upgrades,"Branches in Navapura, Udhna, Pandesara, Bhagal",Branch Manager,Existence-verified (contact pending),"310-A/310-B Canopus, 3rd Floor, Near Axis Bank, Ghod-dod Road, Surat-395007",Company site,https://suratnational.bank.in/branch/,Multi-branch UCB; corporate + head office,"HO at Navnidhi, Navapura"
L0109,A,81,Nirmal Hospital Pvt Ltd,Healthcare,Multispecialty / tertiary care hospital,Ring Road / Sagrampura,02612333999,corporate@nirmalhospitals.com,https://nirmalhospitals.in/,HIS/EMR servers + storage; PACS workstations (oncology imaging); billing desktops; networking + Wi-Fi; CCTV; UPS; AMC,Oncology/neuro/critical-care lines drive imaging + data infra,Established tertiary center; multi-line growth,Hospital Administrator / IT Manager / Purchase,Contact found,"No 2/1423-8-6, Near Centre Point, Ring Road, Sagrampura, Surat 395002",Hospital website,https://nirmalhospitals.in/contact/,120 beds; oncology+multi-specialty tertiary,Corporate email present; 30-line phone bank = sizable ops
L0110,A,81,The Grand Bhagwati (TGB) Surat,Hospitality & Real Estate,Hotel (5-star),Dumas Road / Magdalla,0261-3980111,,https://thegrandbhagwati.com/,PMS server; front-desk/back-office PCs; guest Wi-Fi + networking; CCTV; banquet AV; AMC,Established banquet + hotel complex,Strong MICE/banquet business,GM / Owner,Contact found,"Magdalla Circle, Near City Pulse Cinema, Dumas Road, Surat 395007",Govt tourism registry,https://gujarattourism.com/accommodation/registered-hotels/the-grand-bhagwati--surat.html,Large 5-star with banquets,Phone from Gujarat Tourism registry; banquet venue adds AV/networking needs
L0111,A,81,Limelight Diamonds (Bhathwari Group),Lab-Grown Diamond,CVD diamond grower / brand,Surat,,,https://limelightdiamonds.com/,GPU workstations for planning/grading; reactor-control PCs; rack server + NAS; multi-camera CCTV + access control; managed switches + Wi-Fi; AMC,Founded 2019; CVD diamonds produced at scale by Bhathwari Group in Surat; large retail brand,Large-scale CVD production backing a national retail brand; growth-stage,Owner/Director or IT Manager,Existence-verified (contact pending),"Surat, Gujarat (Bhathwari Group manufacturing)",Company website,https://limelightdiamonds.com/about-limelight-diamonds/,"Large - large-scale CVD producer, India retail brand since 2019",Backed by Bhathwari Group Surat large-scale producer; contacts not visible on source
L0112,A,80,Sarjan Architects & Project Consultants,Architecture & CAD/Engineering,Architecture / Project consultancy,Nanpura,9879604444,admin@sarjanarchitects.com,https://sarjanarchitects.com/,GPU workstations for govt/corporate/high-rise CAD & rendering; dual monitors; NAS/server; backup; structured networking; AMC,"60+ yrs; government buildings, corporate offices, tall commercial/residential",Long-established firm; large-project pipeline,Principal Architect / Partner,Contact found,"51, 5th Floor, River Palace A Wing, Opp. Old Civil Court, Nanpura, Surat 395001",Company website,https://sarjanarchitects.com/,Mid-large,Project-consultancy scale; large drawing volumes
L0113,A,80,Sopan Infotech Pvt. Ltd.,Architecture & CAD/Engineering,CAD/CAM mechanical design & SOLIDWORKS,Athwa Gate,9725554395,info@sopaninfotech.com,https://www.sopaninfotech.com/,High-end GPU workstations for SOLIDWORKS 3D CAD + ESPRIT CAM + mechanical 3D modelling; dual monitors; NAS/server; backup; networking; AMC,SOLIDWORKS Authorized Reseller & Training Centre since 2012; mechanical 2D/3D drafting services,Authorised reseller + training centre; growing CAD/CAM services,Director / Owner,Contact found,"2D, 2nd Floor, Dr. Mansukh Lal Tower, Opp. Dhiraj Sons, B/s Vanita Vishram College, Athwagate, Surat 395002",Company website,https://www.sopaninfotech.com/reach-us,Mid,Runs design-services + training labs (many CAD seats)
L0114,A,80,"Kiran Motors (Maruti Suzuki Nexa, Vesu)",Automobile Dealership,Car dealer (Maruti Nexa),Vesu,,,https://www.nexaofvesu.com/,DMS/billing desktops; showroom + workshop CCTV; networking + guest Wi-Fi; digital signage; AMC,Operates Nexa Vesu plus Ather EV outlets,Multi-brand group (Maruti + Ather + Suzuki two-wheeler),Dealer Principal / Admin,Existence-verified (contact pending),"Nexa showroom, Vesu, Surat",Brand dealer site,https://www.nexaofvesu.com/,Established Maruti dealer in Gujarat since 1986; also Ather/Suzuki,Kiran Motors Group runs Nexa of Vesu; long-established dealer
L0115,A,80,"Nanavati Auto (MG Motor, Piplod)",Automobile Dealership,Car dealer (MG Motor),Piplod,918047493297,,https://dealers.mgmotor.co.in/,DMS/billing desktops; showroom + workshop + lot CCTV; networking + guest Wi-Fi; digital signage; AMC,Two MG outlets; EV (MG) focus,Nanavati Group brand addition; EV growth,Dealer Principal / IT Head,Contact found,"Dumas Road, Piplod, Surat 395007, Opp Central Mall",Brand dealer site,https://dealers.mgmotor.co.in/mg-motor-nanavati-auto-showroom-car-dealer-piplod-surat-371954/Home,MG dealer (Nanavati Group); 2 outlets (Piplod + Pal Road),Second outlet Pal Road V4U Circle ph 918047494741
L0116,A,80,Nanavati Autowheels (Tata Commercial Vehicles),Automobile Dealership,Commercial vehicle dealer (Tata trucks),Kamrej,,,https://commercial-vehicles.fleetverse.tatamotors.com/,DMS/billing desktops; large workshop + lot CCTV; networking + Wi-Fi; digital signage; server/NAS; AMC,Trucks/tippers sales + large service yard,Nanavati Group multi-brand CV expansion,Dealer Principal / IT Head,Existence-verified (contact pending),"451/B/2 NH 48, Gay Pagla Road, Dhoran Pardi, Near Fountain Hotel, Kamrej, Surat",Brand dealer site,https://commercial-vehicles.fleetverse.tatamotors.com/tata-motors-commercial-vehicle-dealer-nanavati-autowheels-truck-dealers-kamrej-surat-289248/Home,"Tata CV dealer (Nanavati Group, 25+ yrs)",Large CV yard = heavy CCTV/networking need
L0117,A,80,KGK Diamonds (I) Pvt Ltd,Diamond & Bourse,Diamond manufacturer & exporter,Varachha / Katargam,,,https://www.kgkgroup.com/,Diamond-planning workstations; multi-site managed networking; CCTV + biometric access; servers + NAS; AMC,Multi-site global group presence,Large international group,Owner/Partner or IT/Security head,Existence-verified (contact pending),"2nd Floor, Millennium Diamond Complex, Near Harinandan Society, Varachha Road, Surat 395006; also Katargam units",JustDial + search snippet,https://www.justdial.com/jdmart/SURAT/K-G-K-Diamonds-Pvt-Ltd-Harinandan-Society-Varachha-Road/0261PX261-X261-110819174611-F3G7_BZDET/catalogue,KGK Group; multiple Surat units (Varachha + Katargam),KGK Group; several Surat addresses across Varachha & Katargam
L0118,A,80,Rosy Blue India Pvt Ltd,Diamond & Bourse,Diamond manufacturer & merchant,Bhagatalao,,compliance@rosyblue.com,https://www.rosyblue.in/,Diamond-planning workstations; managed networking; CCTV + access control; servers + NAS; AMC,Part of global Rosy Blue group; rough + finished mfg,Global multinational presence,Owner/Partner or Admin/IT head,Contact found,"101 Vijay Chambers, Near City Post Office, Chauta Pool, Bhagatalao, Surat 395003",JustDial + search snippet,https://www.justdial.com/Surat/Rosy-Blue-INDIA-Pvt-Ltd-Near-City-Post-Office-Chauta-Pool-Bhagatalao/0261P261STDS000206_BZDET,International Rosy Blue Group; large global diamond manufacturer,Surat office of global Rosy Blue group; compliance email captured
L0119,A,80,Star Rays,Diamond & Bourse,Solitaire diamond manufacturer,Surat,,,https://starrays.com/,Diamond-planning workstations; managed networking; CCTV + biometric access; servers + NAS; AMC,Recently consolidated all manufacturing under one new roof,New consolidated factory build,Owner/Partner or IT/Security head,Existence-verified (contact pending),"New 45,000 sq ft factory, Surat (all manufacturing consolidated)",Company site + search snippet,https://starrays.com/Info/AboutUs,"45,000 sq ft consolidated factory; flawless solitaire specialist",High-end FL solitaire maker; recent new factory = fresh fit-out
L0120,A,80,C. K. Pithawala College of Engineering & Technology (CKPCET),Education,Engineering College,"Dumas Road, Magdalla",0261-2766246,,ckpcet.ac.in,computer-lab desktops (bulk); lab servers; campus networking + Wi-Fi; CCTV; AMC,Engineering labs; GTU/AICTE accreditation pushes,Campus growth,Principal / IT Head,Existence-verified (contact pending),"Pithawalla Educational Complex, Via Magdalla Port, Dumas Road, Surat-395007",Official site,https://ckpcet.ac.in/,Large engineering college,CSE/IT branches drive bulk desktop demand
L0121,A,80,Dr. S. & S.S. Ghandhy Government Engineering College,Education,Engineering College (Govt),Majura Gate,0261-2653139,gec_deg_surat@yahoo.com,gecsurat.ac.in,computer-lab desktops (bulk); lab servers; campus networking + Wi-Fi; CCTV; AMC,Govt-funded lab modernization; AICTE/NBA,Govt budget-driven IT upgrades,Principal / IT Head,Contact found,"Opp. RTO Office, Majura Gate, Ring Road, Surat-395001",Govt (CTE Gujarat) site,http://www.gecsu.cteguj.in/contact/,Large govt engineering college,Govt institution; tenders for bulk desktop/lab procurement
L0122,A,80,Fountainhead School,Education,School (IB/IGCSE),"Kunkni, Rander-Dandi Road",0261-3501300,surat@fountainheadschools.org,fountainheadschools.org,computer-lab desktops (bulk); 1:1 device/labs; smart-class panels/projectors; networking + Wi-Fi; CCTV; AMC,Premium international school; high tech integration,Campus expansion,Principal / Admin / IT Head,Contact found,"Village Kunkni, Rander-Dandi Road, Surat-395005",Official site,https://www.fountainheadschools.org/connect-with-us/contact-us/,Large premium IB+IGCSE school,IB/IGCSE = heavy device + lab + AV spend
L0123,A,80,Vanita Vishram Women's University,Education,University (Private/Women),Athwa Gate,0261-2300200,office@vvwusurat.ac.in,vvwusurat.ac.in,computer-lab desktops (bulk); lab servers; campus networking + Wi-Fi; CCTV; smart-class; AMC,New women's university scaling up programs/seats,New university build-out & growth,Registrar / IT Head,Contact found,"C Building, Vanita Vishram Campus, Athwa Gate, Surat-395001",Official site,https://vvwusurat.ac.in/,Large (first women's university in Gujarat),Greenfield university = strong fit-out demand
L0124,A,80,Marwadi Shares & Finance Limited,Finance & Professional,Stock / commodity broker,Ring Road,0261-6644408,,https://www.marwadionline.com/,multi-seat desktops + dealing terminals; data server + NAS backup; networking/firewall; CCTV + access control; UPS; AMC,Multiple Surat branches; trading-tech & security,WTC + Adajan offices,Branch Manager,Contact found,"533/B World Trade Centre, Ring Road, Surat-395001",Company site,https://www.marwadionline.com/contact-us,National broker; multiple Surat offices,"Adajan office: Jay Complex, Anand Mahel Rd 0261-2730655"
L0125,A,80,South Gujarat Shares & Sharebrokers Ltd,Finance & Professional,Stock / commodity broker,Ring Road,0261-2601296,,https://www.sgssl.co.in/,multi-seat desktops + dealing terminals; data server + NAS backup; networking/firewall; CCTV + access control; UPS; AMC,Regional brokerage; trading-tech upgrades,Long-standing South Gujarat broker,Admin,Contact found,"3rd Floor, Belgium Chambers, Opp Linear Bus Stop, Ring Road, Surat-395003",Company site,https://www.sgssl.co.in/Contact-us.aspx,Established regional sharebroking company,Also 2454647; equity broking & advisory
L0126,A,80,The Adinath Co-operative Bank Ltd,Finance & Professional,Co-operative bank,Ring Road,,,https://adinathbank.in/,branch-wide desktops; core-banking servers + NAS backup; networking/firewall; CCTV + access control; UPS; AMC,Branch network; data-security upgrades,Begumpura + Ring Road branches,Branch Manager,Existence-verified (contact pending),"B-1 To 6, Vakharia Market, Opp Abhishek Market, Ring Road, Surat-395002",Company site,https://adinathbank.in/,Non-scheduled UCB; multiple branches,"Branches incl New Textile Market, Begumpura"
L0127,A,80,Krishak Bharati Cooperative Ltd (KRIBHCO) - Hazira,Government & PSU,Cooperative / Fertilizer PSU,"Hazira, Surat",0261-2862766,webmaster@kribhco.net,https://www.kribhco.net/,plant CCTV + access control; bulk desktops; servers/storage; networking + Wi-Fi; AMC (GeM/tender),Plant IT modernization; surveillance upgrade,Township + plant facility upgrades,IT/Systems / Materials & Purchase (GeM/e-procurement),Contact found,"Hazira Fertilizer Complex, PO KRIBHCO Nagar, Surat-394515",Official site,https://www.kribhco.net/contact.html,Very large fertilizer complex (cooperative),National cooperative society; fax 0261-2860283; alt email chandrasekharan@kribhcosurat.com
L0128,A,80,"New Civil Hospital & Govt Medical College, Surat",Government & PSU,Government Hospital / Medical College,"Majura Gate, Surat",02612244456,,https://gmcsurat.edu.in/,bulk office desktops; hospital CCTV + access control; servers/storage (HMIS); networking + Wi-Fi; AMC (GeM),Hospital digitization / HMIS; medical-college IT growth,Campus building expansion; new departments,Medical Superintendent office / Govt purchase (GeM/tender),Contact found,"New Civil Hospital Campus, Majura Gate, Ring Road, Surat-395002",Official .nic.in + college site,https://surat.nic.in/public-utility/new-civil-hospital/,"Very large (130-acre campus, tertiary hospital)",State govt hospital + medical college on shared campus
L0129,A,80,NTPC Kawas (Gas Power Station),Government & PSU,PSU / Power Generation,"Kawas, Hazira, Surat",,,https://ntpc.co.in/,plant CCTV + access control; bulk desktops; servers/storage; networking + Wi-Fi; AMC (GeM),Plant IT/OT modernization; surveillance upgrade,Station upgrades / staff colony IT,IT cell / C&M (Contracts) (NTPC e-tender / GeM),Existence-verified (contact pending),"A-NTPC, Kawas, Hazira Road, Aditya Nagar, Choryasi, Surat-394510",Wikipedia + NTPC tender portal,https://en.wikipedia.org/wiki/NTPC_Kawas,Large gas-based combined-cycle power plant,Maharatna PSU; tenders via ntpctender.ntpc.co.in (Location 62)
L0130,A,80,Sumul Dairy (Surat-Tapi District Co-op Milk Producers Union Ltd),Government & PSU,Cooperative / Dairy,Surat,+91 261 2537693,,https://www.sumul.com/,bulk office desktops; plant/parlour CCTV; networking + Wi-Fi; servers/storage; AMC,Cold-chain + parlour expansion; ERP/digitization,New plants and retail parlour network growth,IT / Systems Dept / Purchase Dept (direct + tender),Existence-verified (contact pending),"Post Box No. 501, Sumul Dairy Road, Surat-395008",Official site,https://www.sumul.com/sumul-contact.html,Very large cooperative; multiple plants/parlours,Large cooperative buyer; multiple Surat phone lines listed; toll-free 1800-121-4400
L0131,A,80,Surat International Airport (Airports Authority of India),Government & PSU,Central Govt / Aviation PSU,"Magdalla / Dumas Road, Surat",+91 261 2700200,apdsurat@aai.aero,https://www.aai.aero/,terminal CCTV + surveillance + access control; bulk desktops; servers/storage; networking + Wi-Fi; AMC (GeM),International terminal expansion; security/IT upgrade,New international operations; passenger-info systems,Airport Director / AAI Engineering & IT (GeM/e-tender),Contact found,"Surat Civil Aerodrome, Dumas Road, Surat-394550",Official AAI site,https://www.aai.aero/airports/contact-us/surat,Large international airport terminal,AAI PSU; CISF security; terminal duty manager termic.vasu@aai.aero
L0132,A,80,Courtyard by Marriott Surat,Hospitality & Real Estate,Hotel (5-star),Hazira Road,,,https://www.marriott.com/en-us/hotels/stvcy-courtyard-surat/overview/,PMS server; front-desk/back-office PCs; guest Wi-Fi + networking; CCTV; IPTV; AMC,Business hotel near Hazira industrial belt,Marriott Tier-2 expansion,GM / IT Manager,Existence-verified (contact pending),"Earthspace, Hazira Road, Surat 394510",Hotel listing,https://www.hotelplanner.com/Hotels/319130/Reservations-Courtyard-by-Marriott-Surat-Surat-Earthspace-Hazira-Rd-394510,Large 5-star business hotel,Address from hotelplanner listing
L0133,A,80,Happy Home Group,Hospitality & Real Estate,Real estate developer / Builder,Vesu / Palanpur,,,https://www.happyhomegroup.in/,Site CCTV; sales-gallery & office PCs; networking; server/NAS; AMC,"52+ projects, concentrated in Vesu/Palanpur",Continuous project delivery,Director / Purchase,Existence-verified (contact pending),Surat,Finance directory,https://www.bankbazaar.com/home-loan/builders-in-surat.html,Large; 52+ projects since 2003,52+ projects; active in premium Vesu corridor
L0134,A,80,Raghuvir Developers & Builders,Hospitality & Real Estate,Real estate developer / Builder,Surat,,,https://www.raghuvirdevelopers.com/,Site CCTV; sales-gallery & office PCs; networking; server/NAS; AMC,"Active projects (Spelito, Steffon)",30+ projects; long-standing builder,Director / Purchase,Existence-verified (contact pending),Surat,Builder official site,https://www.raghuvirdevelopers.com/,Large; 30+ projects since 1986,Est. 1986; multiple ongoing sites
L0135,A,80,The Gateway Hotel Athwalines (Taj/IHCL),Hospitality & Real Estate,Hotel (5-star),Athwalines,0261-6697000,,https://www.tajhotels.com/en-in/destination/hotels-in-surat,PMS server; front-desk/back-office PCs; guest Wi-Fi + networking; CCTV; IPTV; AMC,IHCL/Taj-managed property,Premium chain operations,GM / IT Manager,Contact found,"Ambika Niketan, Athwalines, Dumas Road, Surat",Govt tourism registry,https://www.gujarattourism.com/accommodation/registered-hotels/the-gateway-hotel-athwalines.html,Large 5-star (IHCL),Phone from Gujarat Tourism registry
L0136,A,80,BlueStone - LP Savani (Adajan),Jewellery,Branded retailer/showroom,Adajan (LP Savani),8655650958,,https://www.bluestone.com/,high-density CCTV + access control (critical); POS/billing PCs; networking + Wi-Fi; AMC,New LP Savani store,New store,Store/Admin manager,Contact found,"Unit No. 05 GF and 105 First Floor, Building C, Universal Trade Center, LP Savani Road, Adajan, Surat",company_website,https://www.bluestone.com/stores/lp-savani-surat-reslnk-TWpJdw==/catalog.html,Large (omnichannel brand showroom),
L0137,A,80,CaratLane - Adajan,Jewellery,Branded retailer/showroom,Adajan,,,https://www.caratlane.com/,high-density CCTV + access control (critical); POS/billing PCs; networking + Wi-Fi; AMC,"Multiple Surat stores (Adajan, Ghod Dod)",Multi-store Surat presence,Store/Admin manager,Existence-verified (contact pending),"Shop no 1, Mangaldeep Complex, besides Tanishq Showroom, near LP Savani Circle, Adajan, Surat 395009",company_website,https://www.caratlane.com/stores/stores/adajan-surat-308/catalog,Large (Titan brand showroom),Ghod Dod Road store also operating
L0138,A,80,ORRA Fine Jewellery - Westfield Mall,Jewellery,Branded retailer/showroom,Westfield Mall,,,https://www.orra.co.in/,high-density CCTV + access control (critical); POS/billing PCs; networking + Wi-Fi; AMC,Mall-format store; brand expansion,New mall store,Store/Admin manager,Existence-verified (contact pending),"Westfield Mall, Surat (ORRA store)",company_website,https://www.orra.co.in/stores/gujarat/surat/westfield-mall,"Large (national brand, mall store)",Brand heritage since 1888
L0139,A,80,Pachchigar Jewellers (Ashokbhai),Jewellery,Large retailer/showroom,Athwalines,+91-9879010065,pachchigar.jewellers@gmail.com,https://pachchigarjewellers.com/,high-density CCTV + access control (critical); POS/billing PCs; networking + Wi-Fi; server/NAS; AMC,Surat + Ahmedabad presence,Multi-city showrooms,Owner/Director,Contact found,"200, SNS House, Opp. New Court Building, Lal Bunglow, Athwalines, Surat 395007",company_website,https://pachchigarjewellers.com/contact-us/,"Medium-large (gold/diamond/polki showroom, Surat + Ahmedabad)",Second phone +91-9512500744
L0140,A,80,Torra Jewels,Jewellery,Diamond jewellery manufacturer,Mini Bazar (Varachha),+919879792408,,https://torrajewels.com/,high-density CCTV + access control (critical); jewellery CAD workstations; networking + Wi-Fi; server/NAS; AMC,Fully integrated mfg with advanced tech; export-oriented,"Growing manufacturer, advanced technology",Owner/Director,Contact found,"A/602 Diamond World, Mini Bazar, Varachha Rd, Surat 395003",company_website,https://torrajewels.com/Home,"Medium (manufacturer since 2009, job-work + brand)","Makes 9/14/18kt diamond jewellery, job-work"
L0141,A,80,Riddhi Corporation LLP,Lab-Grown Diamond,HPHT rough diamond grower / wholesaler,Ichhapore (Pal-Hazira Rd),,,http://rclgd.com/,GPU workstations for planning/grading; reactor/press-control PCs; rack server + NAS; multi-camera CCTV + access control; managed switches + Wi-Fi; AMC,First introducer of HPHT lab-growing rough in India; GIA/IGI Type IIa & IIb wholesale,Pioneer HPHT grower at Gujarat Hira Bourse; established growing operation,Owner/Director,Existence-verified (contact pending),Plot W-01A & W-01B Gem and Jewellery Park Gujarat Hira Bourse Ichhapore Pal-Hazira Road Surat 394510,Company website,https://rclgd.com/contactus,"Medium-large - 1st introducer of HPHT rough in India, est 2014",Contact email obfuscated on source; phone not visible
L0142,A,80,Bansal Super Market,Retail & Supermarket,Supermarket chain (regional),"Pandesara/Bamroli, Dindoli/Navagam",,,https://www.bansalsupermarket.com,bulk POS/billing desktops; loss-prevention CCTV; per-store networking + Wi-Fi; back-office server; AMC,Multi-city regional expansion incl. Surat,Regional Gujarat chain - 7+ cities; expanding format,Owner / Purchase,Existence-verified (contact pending),171 KSB Olympia Near Kailash Nagar Cross Rd Bamroli Althan Expy Pandesara; Opp Uma Plaza Kharvasa Rd Dindoli 394210,Company website + JustDial,https://www.bansalsupermarket.com/contact.php,"Multi-city chain (Surat, Vadodara, Mehsana, Halol, Godhra, Visnagar, Patan)",Gujarat-grown chain with HO; contact page available - follow up for direct number
L0143,A,80,Croma (Infiniti Retail/Tata) - Surat,Retail & Supermarket,Electronics & home-appliance retail chain,"Ghoddod Rd/Ram Chowk, Adajan, Pal",+919099058861,,https://www.croma.com,bulk POS/billing desktops; loss-prevention CCTV; per-store networking + Wi-Fi; digital signage; AMC,New Croma Gaurav Path Pal store opened,Tata omni-channel electronics retailer expanding Surat footprint,Purchase / IT,Contact found,Crossway Mall Ghod Dod Rd Ram Chowk 395007; Proton Plus LP Savani Rd Adajan 395009 opp Khodiyar Temple,Official store locator,https://store.croma.com/location/gujarat/surat,3+ large-format electronics stores in Surat,"Two store phones captured (Ghoddod +919099058861, Adajan +919099061393); high-value stock = critical CCTV"
L0144,A,80,Vijay Sales - Surat,Retail & Supermarket,Electronics & home-appliance retail chain,"Piplod, Rander Rd/Tadwadi, Ved Rd/Katargam",+912616712222,,https://stores.vijaysales.com,bulk POS/billing desktops; loss-prevention CCTV; per-store networking + Wi-Fi; digital signage; AMC,"Multiple Surat stores (Piplod, Rander Rd, Ved Rd)",National electronics chain expanding in Surat,Purchase / IT,Contact found,Iscon Mall Surat Dumas Rd Opp Shantiniketan Apt Piplod 395007,Official store locator,https://stores.vijaysales.com/location/gujarat/surat,3+ electronics superstores in Surat,Piplod store phone captured; electronics retail = strong LP-CCTV + POS need
L0145,A,80,Westside (Trent/Tata) - Surat,Retail & Supermarket,Departmental / apparel retail chain,"Magdalla/VR Mall, Adajan, Dumas Rd/Iscon Mall",+919033001075,mywestside@trent-tata.com,https://www.westside.com,bulk POS/billing desktops; loss-prevention CCTV; per-store networking + Wi-Fi; digital signage; back-office server; AMC,3+ Westside stores in Surat,Tata/Trent expanding large-format apparel/dept stores,Purchase / Operations Manager,Contact found,01F VR Mall Dumas Airport Rd Magdalla 395007; Iscon Mall Surat-Dumas Rd; Adajan,Official store locator,https://www.westside.com/apps/s/storelocators/surat?type=westside,Tata/Trent large-format dept stores; 3+ in Surat,Phone + email captured; large-format dept store - strong full-stack hardware need
L0146,A,80,Garden Silk Mills Pvt Ltd,Textile Manufacturing,"Weaving/Processing (fabric, yarn)",Jolwa (Palsana) / Rampura,,,https://www.indiamart.com/gardensilkmills/aboutus.html,ERP servers; shop-floor & billing PCs; large-area CCTV; networking + Wi-Fi; biometric attendance; AMC,Large integrated facility; ongoing operations under MCPI,Large integrated Jolwa plant,Owner/Director or Plant Admin manager,Existence-verified (contact pending),"Garden House, Rampura Tankina, Surat 395003; manufacturing hub at Jolwa near Surat",IndiaMART,https://www.indiamart.com/gardensilkmills/aboutus.html,Very large legacy textile/yarn manufacturer; Jolwa plant,Major brand; large Jolwa manufacturing hub = high CCTV/network/server needs
L0147,A,80,Laxmipati (Weaving + Dyeing/Printing Units),Textile Manufacturing,Weaving + Dyeing/Printing,Sachin GIDC / Pandesara,,,https://laxmipati.com/pages/contact,"ERP servers; design, billing & shop-floor PCs; multi-site CCTV; networking + Wi-Fi; biometric attendance; AMC",Vertically integrated brand; two manufacturing units,Separate weaving + dyeing units (multi-site),Owner/Director or Admin manager,Existence-verified (contact pending),"Weaving: Plot 1, Block 243-246, Rd No 8, GIDC Sachin, Surat 394230; Dyeing/Printing: A-26 Central Park, GIDC Pandesara, Surat 394221",Company website,https://laxmipati.com/pages/contact,Large saree brand with own weaving + dyeing/printing units,Two manufacturing sites (Sachin + Pandesara) = multi-location network/CCTV opportunity
L0148,A,80,Sumeet Industries Ltd,Textile Manufacturing,Yarn / Texturising (POY/FDY/PTY),Ring Road / GIDC,,,https://www.sumeetindustries.com/,ERP servers; plant & billing PCs; large-area CCTV across yarn plant; networking + Wi-Fi; biometric attendance; AMC,Integrated 5-division yarn manufacturing; capacity scale,Integrated CP-POY-FDY-texturising plant,Owner/Director or Engineering manager (Mr. Vipul Patel),Existence-verified (contact pending),"Office 504, Trividh Chamber, Opp. Fire Station, Ring Road, Surat 395002",Company website,https://www.sumeetindustries.com/,"Large: est. 1989; CP, POY, FDY, Texturising, Carpet Yarn; integrated plant",Large integrated yarn maker; high-value plant CCTV/network/server scope
L0149,A,80,Surbhi (Surbhi Group - Embroidery unit),Textile Manufacturing,Embroidery (Schiffli/multihead),Sachin GIDC / Karanj,,,https://www.surbhi.com/embroidery,ERP servers; design (digitizing) & billing PCs; large-area CCTV; networking + Wi-Fi; biometric attendance; AMC,One of India's largest embroidery units; ongoing expansion,100+ multihead + Swiss Schiffli fleet,Owner/Director or Admin manager,Existence-verified (contact pending),"Sachin GIDC + Karanj, Surat",Company website,https://www.surbhi.com/embroidery,Large: LASSER Swiss Schiffli + 100+ multihead fancy embroidery machines,Very large embroidery operation; high-value design/network/CCTV scope
L0150,A,80,Avadh Textile Market,Textile Trade & Design,Textile market complex,Umarwada / Sahara Darwaja,+919510260827,info@avadhtextilemarket.com,https://avadhtextilemarket.com/,complex-wide networking + Wi-Fi; dense CCTV; bulk billing/POS desktops; AMC,Active digital/online ordering tenants,One of Surat's busiest wholesale textile zones,Avadh Projects / market management office,Contact found,"Opp. New Bombay Market, Sahara Darwaja, Umarwada, Surat, Gujarat 395010",Market directory,https://surattextilemarkets.com/avadh-textile-market/,Large busy wholesale market,Phone from market listing (+919510260827 / +918320365036 / +919978905900); dev site avadhprojects.com
L0151,A,80,FOSTTA (Federation of Surat Textile Traders Association),Textile Trade & Design,Textile traders association,Ring Road / Millennium Market,,,https://fostta.com/,"office IT: desktops, networking, Wi-Fi, CCTV; AMC; gateway to member markets",Industry-wide digitization drives,Apex federation - influence over all Ring Road markets,Federation office bearers / secretariat,Existence-verified (contact pending),"FP-143/144, Ground Floor, Millennium Textile Market, Surat 395002",Corporate registry,https://www.zaubacorp.com/FEDERATION-OF-SURAT-TEXTILES-ASSOCIATION-U85300GJ2022NPL130054,"Apex body for ~60,000+ textile traders",Strategic relationship - door-opener to entire trader base; CIN U85300GJ2022NPL130054
L0152,A,80,Textile Export India Pvt Ltd,Textile Trade & Design,Garment/textile exporter,Ring Road,+919537548851,contact@textileexport.in,,bulk billing/POS desktops; CCTV; networking + Wi-Fi; server/NAS; textile-CAD workstation; AMC,Export to 42+ countries; e-commerce scale,42+ country exports; 200+ catalogs - strong growth,Owner / Partner,Contact found,"E-308, Kuberji Textile Park, Behind Belgium Square, Ring Road, Surat",B2B marketplace,https://www.indiamart.com/textile-export-india-private-limited/aboutus.html,Pvt Ltd; delivered to 42+ countries; 200+ brand catalogs,Phone +919537548851 / +919586784803; email contact@textileexport.in
L0153,A,78,Esscons MEP & Engineering Design Services,Architecture & CAD/Engineering,MEP consultant,Pal / Adajan,8469516900,essconsmep@gmail.com,https://essconsmep.com/,GPU workstations for MEP 3D/BIM modelling & coordination; dual monitors; NAS/server; backup; networking; AMC,Est. 2009; grew from electrical to full MEP; Surat + Ahmedabad offices,Multi-city growth; BIM/MEP coordination workload,Partner / Principal Engineer,Contact found,"The Boulevard, Office 323.2, Near Pratham Circle, Gallaria Street, Green City Road, Pal, Adajan, Surat 395009",Company website,https://essconsmep.com/,Mid (multi-city),MEP/BIM is GPU+server heavy
L0154,A,78,Prashant Parmar Architect (Shayona Consultant),Architecture & CAD/Engineering,Architecture / Interior firm,Surat (multi-city),9825866356,,https://prashantparmar.com/,GPU workstations for luxury architecture/interior rendering; dual monitors; NAS/server; backup; networking; AMC,Founded 2000; luxury residential/commercial; operates in 4 Gujarat cities,Multi-city footprint incl. Surat,Principal Architect / Partner,Contact found,"Surat, Gujarat (also Ahmedabad, Rajkot, Vadodara)",Company website,https://prashantparmar.com/contact/,Mid-large (multi-city),Shayona Consultants; high-end design rendering demand
L0155,A,78,Landmark Honda,Automobile Dealership,Car dealer (Honda),Adajan/Piplod,,,https://dealer.hondacarindia.com/,DMS/billing desktops; showroom + workshop + lot CCTV; networking + guest Wi-Fi; digital signage; server/NAS; AMC,Three Honda outlets across Surat,Multi-branch Honda dealer,Dealer Principal / IT Head,Existence-verified (contact pending),"4,5 Sapphire Business Hub, L.P. Savani School Road, Adajan, Near Madhuban Circle, Surat 395009",Aggregator listing,https://www.cardekho.com/Honda/Surat/cardealers,Multi-outlet Honda dealer (Adajan/Khatodara/Piplod),Also Mauje Khatodara and Piplod (near Iskon Mall) showrooms
L0156,A,78,Navjivan Hyundai,Automobile Dealership,Car dealer (Hyundai),Udhna-Magdalla,,,https://navjivan.hyundaimotor.in/,DMS/billing desktops; showroom + workshop + lot CCTV; networking + guest Wi-Fi; digital signage; server/NAS; AMC,Showroom + service network,Multi-outlet Hyundai dealer in Surat,Dealer Principal / IT Head,Existence-verified (contact pending),"Shiv Ashish Industrial Estate SOC 1-11, Near Devchand Nagar, Udhna-Magdalla Road, Surat 394210",Brand dealer site,https://navjivan.hyundaimotor.in/,"Authorized Hyundai dealer, Surat",One of 8+ Hyundai dealers in Surat
L0157,A,78,"Pramukh Tata (Tata Motors, Udhna Magdalla)",Automobile Dealership,Car dealer (Tata Motors),Udhna Magdalla,7506004762,,https://dealer-locator.cars.tatamotors.com/,DMS/billing desktops; showroom + workshop + lot CCTV; networking + guest Wi-Fi; digital signage; AMC,Showroom + separate service centre,Tata dealer group in Surat,Dealer Principal / Admin,Contact found,"Plot No 409/27A, Umiya Nagar Society, Near Chosath Jogni Mata Temple, Udhna Magdalla Road, Surat",Brand dealer site,https://dealer-locator.cars.tatamotors.com/tata-motors-cars-showroom-pramukh-tata-udhna-magdalla-road-car-dealer-udhna-magdalla-road-surat-77062/Home,Tata dealer with showroom + Patel Nagar service centre,Also runs Pramukh Automotive (Varachha) Tata showroom; Patel Nagar service
L0158,A,78,Shree Ambica Auto Sales & Service (Tata CV),Automobile Dealership,Commercial vehicle dealer (Tata trucks),Bardoli/Kathor/Vyara,,,https://commercial-vehicles.fleetverse.tatamotors.com/,DMS/billing desktops; large workshop + lot CCTV; networking + Wi-Fi; digital signage; server/NAS; AMC,Multiple CV outlets across South Gujarat,Multi-branch CV dealer expansion,Dealer Principal / Admin,Existence-verified (contact pending),"Surat Bardoli Road, Bardoli (multiple South Gujarat locations)",Brand dealer site,https://commercial-vehicles.fleetverse.tatamotors.com/tata-motors-commercial-vehicle-dealer-shree-ambica-auto-sales-service-truck-dealers-surat-bardoli-road-bardoli-190788/Home,Multi-location Tata CV dealer (Bardoli/Kathor/Vyara/Jankhav),4+ locations; large workshops
L0159,A,78,Welltech Motors,Automobile Dealership,Multi-brand car service & body shop,Surat,,,https://welltechmotors.com/,Billing/job-card desktops; workshop + lot CCTV; networking + Wi-Fi; digital signage; server/NAS; AMC,High-throughput service + denting/painting bays,Large independent workshop scaling volume,Owner / GM,Existence-verified (contact pending),"Surat (60,000 sq.ft. multi-brand workshop)",Company website,https://welltechmotors.com/,"Large multi-brand workshop; 85+ staff, 35 cars/day","60,000 sq.ft. facility; OEM/OES parts; strong CCTV need"
L0160,A,78,Alpino Health Foods,BPO/Logistics/Print,E-commerce/D2C,"Magdalla / Kosmada, Surat",8347688000,support@alpinohealthfoods.com,https://alpino.store/,office/design PCs; e-comm/ERP servers; networking + firewall; factory/warehouse CCTV; barcode/handhelds; AMC,Internet-first food brand scaling on Amazon + own site; manufacturing+office,"Founded 2016 by 7 founders; funded D2C, own factory",IT Head / Operations Manager,Contact found,"Bungalow 7, Napoleon Estate, Near VR Mall, Dumas Road, Magdalla, Surat - 395007; Mfg AHF-1 Punagam Canal Road, Kosmada, Surat - 395006",JustDial / Company website,https://www.justdial.com/jdmart/Surat/Alpino-Health-Foods-Pvt-Ltd-Near-Hp-Petrol-PumpOpposite-Pujan-Plaza-Brts-Kenal-Road-Near-Bharat-Wood-Heaven-Party-Plot-Parvat-Patiya-Kosmada/0261PX261-X261-190209213122-J4N4_BZDET/catalogue,"Mid (funded, est. 2016)",Phone +91-8347688000; email support@alpinohealthfoods.com; D2C peanut butter / health foods
L0161,A,78,H. K. Designs (India) / H.K. Jewels,Diamond & Bourse,Diamond cutting/polishing & jewellery manufacturer,Surat,,,https://hkdesigns.co/,Diamond-planning + jewellery CAD workstations; managed networking; CCTV + access control; servers + NAS; AMC,Cut/polish + jewellery mfg in Surat,Multi-unit manufacturer,Owner/Partner or IT head,Existence-verified (contact pending),Diamond cutting/polishing units in Surat & Ahmedabad; jewellery unit Surat,Company site + search snippet,https://hkdesigns.co/infrastructure.php,Manufacturing units Surat & Ahmedabad; SEEPZ jewellery,Diamonds cut/polished in multiple shapes; H.K. Jewels Surat
L0162,A,78,Atmiya Vidya Mandir,Education,School (CBSE/Residential),"Kolibharthana, Kamrej",02621-355900,principal@avm.edu.in,avm.edu.in,computer-lab desktops (bulk); smart-class panels/projectors; campus networking + Wi-Fi; CCTV; AMC,Premier residential school; digital classrooms,Campus facilities growth,Principal / Admin / IT Coordinator,Contact found,"At & Po Kolibharthana, Kamrej-Shampura Road, Ta-Kamrej, Surat-394180",Official site,https://www.avm.edu.in/contact/,Large CBSE residential school,Residential campus = boarding IT + labs + surveillance
L0163,A,78,Auro University,Education,University (Private),"Hazira Road, Bhatpore",0261-4088100,,aurouniversity.edu.in,computer-lab desktops; lab servers; campus networking + Wi-Fi; CCTV; smart-class panels; AMC,Modern campus; design/IT/management labs,Program expansion,Director / Registrar / IT Head,Existence-verified (contact pending),"Earthspace, Hazira Road, Surat-394510",Govt directory + official site,https://surat.nic.in/public-utility/auro-university/,Mid-large private university (hospitality/management/law/IT),Premium private university; email not captured on source
L0164,A,78,L. P. Savani International School,Education,School (CBSE),"Pal, Adajan",,shrivastavrajiv@yahoo.com,lpsipal.edu.in,computer-lab desktops (bulk); smart-class panels/projectors; networking + Wi-Fi; CCTV; AMC,Growing CBSE group (Savani trust),Multiple Savani-group campuses,Principal / Admin / IT Coordinator,Contact found,"T.P.-10, L.P.Savani Gauravpath Road, Pal, Adajan, Surat-394510",Official site,https://lpsipal.edu.in/,Large CBSE school (est. 2011),Phone not clearly listed on source; email captured
L0165,A,78,P. P. Savani Chaitanya Vidya Sankul (CBSE),Education,School (CBSE),"Mota Varachha, Abrama Road",,principalppscvs@gmail.com,ppsavanicbse.org,computer-lab desktops (bulk); smart-class panels/projectors; networking + Wi-Fi; CCTV; AMC,Large education sankul; CBSE+Cambridge+CFE on campus,Big multi-stream campus,Principal / Admin / IT Coordinator,Contact found,"Sankul, Mota Varachha-Abrama Road, Surat-394101",Govt directory + PP Savani,https://surat.nic.in/public-utility/p-p-savani-vidhya-bhavan/,Very large school sankul (multi-section),Phone not on source; large sankul = scale demand
L0166,A,78,"Podar International School, Surat",Education,School (CBSE),"Jahangirabad, Adajan (multi-campus)",7227023110,admissions@podar.org,podareducation.org,computer-lab desktops (bulk); smart-class panels/projectors; networking + Wi-Fi; CCTV; AMC,National chain; 3+ Surat campuses; digital push,Multi-campus growth in Surat,Principal / Admin / IT Coordinator,Contact found,"TP 44, Ugat Dandi Road, Opp. DMart, Jahangirabad, Adajan, Surat-395005",Official site,https://www.podareducation.org/school/surat-jahangirabad/gcontactus1543,Large CBSE chain (multi-campus in Surat),Chain school; central + local procurement
L0167,A,78,"Ryan International School, Surat",Education,School (CBSE),Adajan / Dumas (multi-campus),+91-8866057708,ris.adajan@ryangroup.com,ryangroup.org,computer-lab desktops (bulk); smart-class panels/projectors; networking + Wi-Fi; CCTV; AMC,National chain; standardized IT/smart-class rollouts,Multi-campus presence,Principal / Admin / IT Coordinator,Contact found,"Plot 85, Rander Rd, opp. Navyug College, Adajan Patiya, Surat-395009",Official group site,https://www.ryangroup.org/contact/get-in-touch,Large CBSE chain school,Chain school; central procurement + local labs
L0168,A,78,Shree Swami Atmanand Saraswati Institute of Technology (SSASIT),Education,Engineering College,"Kapodra, Varachha Road",0261-2573552,admin@ssasit.ac.in,ssasit.ac.in,computer-lab desktops (bulk); lab servers; campus networking + Wi-Fi; CCTV; AMC,Engineering labs; accreditation-driven upgrades,Vidhya Sankul multi-institution campus,Principal / IT Head,Contact found,"SSAS Vidhya Sankul, Kapodra, Varachha Road, Surat-395006",Official site,https://ssasit.ac.in/,Mid-large engineering college (est. 2009),Part of large education campus; recurring lab refresh
L0169,A,78,Sir P. T. Sarvajanik College of Science,Education,Science College (Autonomous),Athwalines,0261-2240028,contact@ptscience.org,ptscience.ac.in,computer-lab desktops (bulk); lab servers; campus networking + Wi-Fi; CCTV; AMC,"Autonomous status; science/CS lab upgrades, NAAC",Autonomy-driven infra investment,Principal / IT Head,Contact found,"MTB College Campus, J.N. Marg, Opp. Chowpati, Athwalines, Surat-395001",Official site,https://ptscience.ac.in/,Large autonomous science college (est. 1960),Science + CS labs; large student body
L0170,A,78,Vidhyadeep University,Education,University (Private),Kim/Olpad (South Gujarat),8828912891,info@vidhyadeepuni.ac.in,vidhyadeepuni.ac.in,computer-lab desktops (bulk); lab servers/storage; campus networking + Wi-Fi; CCTV; smart-class; AMC,New private university scaling programs/seats,University build-out,Registrar / IT Head,Contact found,"Vidhyadeep Campus, Anita, Kim-Vadoli Road, Ta-Olpad, Surat-394540",Official site,https://vidhyadeepuni.ac.in/contact.php,Growing private university,Parent body of VIET; multi-faculty bulk demand
L0171,A,78,Associate Co-operative Bank Ltd,Finance & Professional,Co-operative bank,Ring Road,,,https://www.associatebank.in/,branch-wide desktops; core-banking servers + NAS backup; networking/firewall; CCTV + access control; UPS; AMC,Recently opened additional branches; growth,New branches recently opened,Branch Manager,Existence-verified (contact pending),"1st Floor, Surat Vankar Sangh Building, Ring Road, Surat",Company site,https://associatebank.in/Contactus,UCB since 2000; youngest UCB in Gujarat,Umarwada + HO branches
L0172,A,78,S S Singhvi & Associates,Finance & Professional,CA / Audit firm,Surat,+91 261 2313030,info@ssinghvi.co.in,https://singhviadvisors.com/,multi-seat desktops/workstations; Tally/data server + NAS backup; networking + firewall; CCTV; UPS; AMC,Multi-city expansion; audit/data-security needs,"Branches in Mumbai, Navsari, Jodhpur indicate growth",Partner,Contact found,,Directory/Blog,https://www.thinkingbridge.in/blog/top-ca-firms-in-surat,"Multi-branch firm (Surat, Mumbai, Navsari, Jodhpur), est. 1995","26+ yrs; audit, direct tax, GST, internal controls"
L0173,A,78,GIPCL - Surat Lignite Power Plant,Government & PSU,PSU / Power Generation,"Mangrol, Surat",+91-265-2232768,info@gipcl.com,https://www.gipcl.com/,plant CCTV + access control; bulk desktops; servers/storage; networking + Wi-Fi; AMC (tender/GeM),Plant modernization; solar/wind asset IT integration,Phase-II 250 MW + solar additions,IT Dept / Purchase / Materials (tender/GeM),Contact found,"PO Nani Naroli-394110, Tal. Mangrol, Dist. Surat",Official company site,https://www.gipcl.com/surat-lignite-power-plant-unit-1-2.htm,Large lignite power complex (1184 MW portfolio),Gujarat govt PSU; corporate office Vadodara; SLPP in Surat district
L0174,A,78,Larsen & Toubro (L&T) - Hazira Heavy Engineering Complex,Government & PSU,Large Industrial (public-facing),"Hazira, Surat",,,https://www.larsentoubro.com/,plant CCTV + access control; bulk office desktops; servers/storage; networking + Wi-Fi; AMC,Defence/armoured systems complex build-out; capacity expansion,New Armoured Systems Complex (50-acre greenfield),IT Procurement / Materials & Vendor cell,Existence-verified (contact pending),"A.M. Naik Heavy Engineering Complex, Hazira, Surat (approx 16 km from Surat)",Official company site,https://www.larsentoubro.com/heavy-engineering/capabilities/manufacturing-facilities/india/hazira,"Very large (750+ acres, 5000+ direct staff)",Defence + power + nuclear fabrication; high-security surveillance needs
L0175,A,78,Surat District Collectorate,Government & PSU,District Administration,Surat,+91 261 2652525,collector-sur@gujarat.gov.in,https://surat.nic.in/,bulk office desktops; networking + Wi-Fi; CCTV; servers; AMC (tender/GeM),e-governance/digitization; district-wide IT modernization,New Jilla Seva Sadan IT rollout,Collector office / District IT (NIC) / Nazar branch purchase (GeM/tender),Contact found,"Jilla Seva Sadan-2, B-Block, 5th Floor, Athwalines, Surat-395001",Official .nic.in,https://surat.nic.in/divisions/collectorate/,Large district admin; coordinates all dept offices,"Coordinates revenue, courts liaison, many sub-offices; phone also 2655151"
L0176,A,78,Surat Municipal Institute of Medical Education & Research (SMIMER),Government & PSU,Government Hospital / Medical College,"Umarwada, Surat",,,https://www.suratmunicipal.gov.in/smimer,bulk office/lab desktops; hospital CCTV + access control; servers/storage (HMIS); networking + Wi-Fi; AMC,Hospital + college digitization; HMIS upgrade,Bed/facility expansion; new PG programs,SMIMER Administration / SMC purchase (GeM/tender),Existence-verified (contact pending),"SMIMER Campus, Surat",Official .gov.in,https://www.suratmunicipal.gov.in/smimer/Contact,Large 500-bed hospital + medical college,Run by Surat Municipal Corporation; affiliated to VNSGU; buys via SMC tender route
L0177,A,78,Surat Municipal School Board (Nagar Prathmik Shikshan Samiti),Government & PSU,Government Education Body,Surat,,,https://municipalschoolboardsurat.org/,bulk classroom/office desktops; school CCTV + access control; networking + Wi-Fi; servers; AMC,Smart-classroom + school digitization; rising enrollment,Suman High Schools CCTV under Smart City; 48k+ new students in 5 yrs,School Board administration / SMC purchase (GeM/tender),Existence-verified (contact pending),"Surat Municipal Corporation, Surat",Official board site,https://municipalschoolboardsurat.org/,Very large (~1.9 lakh students; many schools),SMC-run school board; Suman schools covered by Suman Eye CCTV; growth signal strong
L0178,A,78,BAPS Pramukh Swami Hospital,Healthcare,Multispecialty charitable hospital,Adajan,,,https://surat.nic.in/public-utility/baps-pramukh-swami-hospital/,HIS/EMR servers + storage; PACS workstations (radiology); billing desktops; networking + Wi-Fi; CCTV; UPS; AMC,Radiology dept + high patient volume; trust-funded capex,Major charitable trust hospital; ongoing service breadth,Hospital Administrator / Trust Purchase Committee,Existence-verified (contact pending),"Shri Pramukh Swami Maharaj Marg, Adajan Char Rasta, Adajan, Surat 395009",Government directory,https://surat.nic.in/public-utility/baps-pramukh-swami-hospital/,"Large charitable multispecialty (radiology, neuro, etc.)",Trust-run; committee buying; reliable existence (govt listing)
L0179,A,78,Shri B.D. Mehta Mahavir Heart Institute,Healthcare,Super-speciality cardiac institute,Nanpura / Ring Road,0261-2471770,,https://www.mahavirhospital.com/,HIS/EMR servers; cath-lab imaging workstations; lab/billing desktops; networking + Wi-Fi; CCTV; UPS; AMC,Two cath labs + automated pathology = imaging + lab IT,Charitable cardiac institute; established cath-lab ops,Hospital Administrator / IT Manager,Contact found,"Shree Mahavir Health Campus, Ring Road, Opp Jivan Bharti School, Nanpura, Surat 395001",Hospital website,https://www.mahavirhospital.com/ContactUs.aspx,110 beds; 2 cath labs; 2 cardiac OTs; 24h pathology,Dual cath labs + lab automation; strong imaging fit
L0180,A,78,Sterling Accuris Diagnostics,Healthcare,Pathology lab / diagnostics chain,Multiple (Lal Darwaja / Athwa / Ring Rd / Palanpur),081281 30000,,https://sterlingaccuris.com/lab/surat,LIS servers + storage; lab analyzer-integrated workstations; reception/billing desktops; multi-site networking + Wi-Fi; CCTV; UPS; AMC,Multi-branch chain = LIS + networked sample tracking,Expanding branch network across Surat,Lab Director / IT Manager / Purchase,Contact found,"404 Ayush Doctor House, Lal Darwaja Station Rd, Surat 395003 (+ Athwa, Ring Road, Palanpur branches)",Lab chain website,https://sterlingaccuris.com/lab/surat,2000+ tests; National Reference Lab; multi-branch,Chain with many branches = recurring networking/AMC
L0181,A,78,Hilton Garden Inn Surat City Centre,Hospitality & Real Estate,Hotel (4-star),City Centre,,,https://www.hilton.com/en/hotels/stvgigi-hilton-garden-inn-surat-city-centre/,PMS server; front-desk/back-office PCs; guest Wi-Fi + networking; CCTV; AMC,"Branded business hotel, central",Hilton brand standards,GM / IT Manager,Existence-verified (contact pending),Surat City Centre,Hotel official site,https://www.hilton.com/en/hotels/stvgigi-hilton-garden-inn-surat-city-centre/,Mid-large business hotel,Branded chain; standardized IT and AMC needs
L0182,A,78,Rahul Raj Mall,Hospitality & Real Estate,Shopping mall / Multiplex,Dumas Road / Athwalines,,,https://gujarat.mallsmarket.com/malls/rahulraj-mall-surat,Mall management PCs; visitor Wi-Fi + networking; CCTV/access control; AMC,Premium mall on Gaurav Path,High-footfall retail hub,Admin / Mall IT Manager,Existence-verified (contact pending),"Opp. Govardhan Haveli, Gaurav Path, Dumas Road, Surat 395007",Business directory,https://www.mapsofindia.com/whitepages/businesses/index/rahul-raj-mall-surat-guj,"Large mall, PVR multiplex, Apple Store",Houses Gujarat's only Apple Store; PVR multiplex
L0183,A,78,The Fern Vishranta Resort Kamrej-Surat (Series by Marriott),Hospitality & Real Estate,Resort,Kamrej,,,https://www.marriott.com/,PMS server; front-desk/back-office PCs; guest Wi-Fi + networking; CCTV; AMC,Newly converted to Series by Marriott,Brand conversion = systems upgrade,GM / IT Manager,Existence-verified (contact pending),"Kamrej, Surat",Trade news,https://www.hotelierindia.com/development/marriott-debuts-series-by-marriott-globally-expanding-its-30-extraordinary-hotel-brands,"Resort, 89 rooms",Converted into Marriott portfolio; conversion often triggers IT/network refresh
L0184,A,78,WeeTech Solution Pvt. Ltd.,IT & Software,"Web, mobile, e-commerce, QA","Varachha/Vesu, Surat",+91 92768 88885,name@weetechsolution.com,https://www.weetechsolution.com/,Developer + QA workstations at scale; rack server + NAS; firewall + managed switches + Wi-Fi; CCTV; AMC,"150+ employees, 2000+ projects; also runs WeeTech Institute",Large headcount + training arm = multi-room networking/CCTV + bulk PCs,Founder/Director or IT/Admin Head,Contact found,"A-401, Astha Square, Near Kapodra-Utran Bridge, Kapodra, Varachha, Surat 394105",Company website (contact page),https://www.weetechsolution.com/contact/,Medium-Large (150+ employees; 2000+ projects),Email is generic format from source; 150+ staff makes this a top infra/AMC target
L0185,A,78,Four Dots Technology,Jewellery,Jewellery CAD/CAM & 3D printing services,Katargam (Ved Road),+917942802124,,https://www.indiamart.com/four-dots-technology/,jewellery CAD workstations (high-spec); CCTV; networking + Wi-Fi; server/NAS for design files; AMC,CAD/CAM services + DLP 3D printer manufacturing,Growing CAD/CAM + 3D printing provider,Owner/Director,Contact found,"G.F, 1st & 2nd Floor, Plot No-36/a, Nilkanth Industrial Co-op Society, Ved Road, Katargam, Surat 395004",indiamart,https://www.indiamart.com/four-dots-technology/jewellery-cad-cam-services.html,"Small-medium (CAD/CAM service + 3D printer mfr, est. 2021)",Strong CAD-workstation buyer profile
L0186,A,78,Harsha Diamond,Lab-Grown Diamond,CVD & HPHT diamond supplier / manufacturer,Surat,+91 78889 72030,,https://harshadiamond.com/,GPU workstations for planning/grading; rack server + NAS; multi-camera CCTV + access control; managed switches + Wi-Fi; AMC,One of largest CVD/HPHT/LGD distributors in India; 15 years trading globally,Large distributor scale; global trade footprint,Owner/Director,Contact found,"Surat, Gujarat (street address not visible on source)",Company website,https://harshadiamond.com/,"Large - one of the largest CVD/HPHT distributors in India, 15 yrs",Phone visible on site; email not visible; full address not visible; alt source: https://www.justdial.com/jdmart/Surat/Harsha-Diamond-Head-Office-Dalagiya-Sheri-Mahidharpura/0261PX261-X261-210601194601-X1A4_BZDET/catalogue
L0187,A,78,Sales India - Surat,Retail & Supermarket,Electronics & home-appliance retail chain,"Multiple (Katargam, Varachha, Parvat Patia, Adajan/Rander Rd, Udhana Darwaja)",+919925044075,,https://www.salesindia.com,bulk POS/billing desktops; loss-prevention CCTV; per-store networking + Wi-Fi; digital signage; AMC,5+ Sales India stores across Surat,Regional electronics/appliance chain expanding Surat,Purchase / IT,Contact found,Apple Square Gajera Circle Katargam 395004; Milestone Vibrant Below Passport Office Udhana Darwaja 395002,JustDial + Hitachi dealer page,https://www.justdial.com/Surat/Sales-India-Pvt-Ltd-Below-Passport-Office-Udhana-Darwaja/0261PX261-X261-160423114615-P5P6_BZDET,Multi-store appliance/electronics chain; 5+ Surat outlets,Phone captured; multi-outlet appliance retailer - strong POS + CCTV need
L0188,A,78,Prayagraj Dyeing & Printing Mills Pvt Ltd,Textile Manufacturing,Dyeing & Printing (processing house),Pandesara,+91 72111 22284,sales@dalmiaexports.com,https://www.prayagrajmills.com/,ERP/Tally servers; billing & design PCs; large-area CCTV (process + ETP); networking + Wi-Fi; biometric attendance; AMC,"Expanded into digital printing, flatbed, value-add services","Added flatbed, embroidery, foiling lines",Owner/Director (Mr. Sanjeev Dalmia),Contact found,"Plot No. 76, GIDC, Pandesara, Surat 394221",Maps of India / directory,https://www.mapsofindia.com/whitepages/businesses/index/prayagrajd,"Mid-large: est. 1990; dyeing, printing, digital printing, embroidery, foiling; own ETP + CETP",Family-owned processing house; expanding value-added lines; full IT/CCTV scope
L0189,A,78,Ajmera Fashion Limited,Textile Trade & Design,Saree manufacturer/exporter,Surat (Ring Road textile cluster),+91-8849429440,,https://www.ajmerafashion.com/,bulk billing/POS desktops; dense CCTV; networking + Wi-Fi; textile-CAD workstation; server/NAS; AMC,Worldwide shipping; large catalogue; e-commerce,Public-facing brand; global shipping; large scale,Owner / Management,Existence-verified (contact pending),"Surat, Gujarat",Company website,https://www.ajmerafashion.com/about-us.htm,Limited co.; since 2011; 32+ yr legacy; worldwide shipping,Large branded manufacturer; multiple product sites; strong digital/e-com ops; alt source: https://www.ajmerafashion.com/contact-us.htm
L0190,A,78,JJ AC Textile Market,Textile Trade & Design,Textile market complex,Ring Road,,,,complex-wide networking + Wi-Fi; dense CCTV; bulk billing/POS desktops; AMC,AC premium market; digital selling adoption,Premium designer-saree positioning,Market management / association office,Existence-verified (contact pending),"JJ AC Textile Market, Salasar Gate, JP Road, Ring Road, Surat 395002",Market directory,https://www.textileinfomedia.com/market/JJ-Ac-Textile-Market,Large AC market; designer sarees,AC market = higher-spec tenants; good for premium infra
L0191,A,78,Raghuvir Trade Center,Textile Trade & Design,Textile market complex,Saroli,,,,complex-wide networking + Wi-Fi; dense CCTV; bulk billing/POS desktops; server/NAS; AMC,Modern hub; bulk manufacturing + export shipping,Direct mill outlets; ships across India and abroad,Trade center management office,Existence-verified (contact pending),"Raghuveer Trade Center, Opp. Landmark Empires, Bhavani Industrial Estate, Saroli, Surat 395011",Market directory,https://surattextilemarkets.com/raghuvir-trade-center/,Large modern wholesale hub,Export-oriented; high data/CCTV needs
L0192,A,78,Shyam Texturisers Private Limited,Textile Trade & Design,Textile manufacturer/exporter,Surat,,,,bulk billing/POS desktops; dense CCTV; networking + Wi-Fi; server/NAS; AMC,Established large turnover; manufacturing scale,Rs 25-50 Cr turnover; since 1992,Owner / Management,Existence-verified (contact pending),"Surat, Gujarat",B2B marketplace,https://www.indiamart.com/impcat/readymade-garments.html,Estd 1992; turnover Rs 25-50 Cr,Large established manufacturer-exporter; high IT spend potential
L0193,A,78,Yadu Nandan Fashion,Textile Trade & Design,Saree/ethnic wear manufacturer-exporter,Ring Road,,,https://ynfonline.com/,bulk billing/POS desktops; CCTV; networking + Wi-Fi; textile-CAD workstation; server/NAS; AMC,Global export growth; e-commerce site (ynfonline.com),Diverse range; exporter; own e-commerce platform,Mr. Rinkesh Agarwal (Owner/Partner),Existence-verified (contact pending),"2002-2005, 2015-18, Jai Radhe Textile Market, Beside Anand Market, Near Shreeji Market, Ring Road, Surat 395002",B2B marketplace,https://www.indiamart.com/yadunandan-fashions-surat/profile.html,Estd 1990; global ethnic-wear exporter,"Contact person Rinkesh Agarwal; sarees, lehengas, suits, jewelry; export-focused"
L0194,A,77,Bhagwan Mahavir College of Engineering & Technology (BMCET),Education,Engineering College,"Vesu, Bharthana",0261-3247110,director.eng@bmefcolleges.edu.in,bmefcolleges.edu.in,computer-lab desktops (bulk); lab servers; campus networking + Wi-Fi; CCTV; AMC,Part of growing Bhagwan Mahavir education group,Group campus expansion in Vesu,Principal / IT Head,Contact found,"Sr. No. 149, VIP Road, Bharthana, Vesu, Surat-395017",AllSchoolsColleges + FB,https://www.allschoolscolleges.com/college/bhagwan-mahavir-college-of-engineering-and-technology-surat,Mid-large engineering college,Under BMEF group alongside BMU; bulk lab demand
L0195,A,77,G. D. Goenka International School,Education,School (CBSE),"New City Light, Bharthana",0261-2976000,contact@gdgoenkasurat.com,gdgoenkasurat.com,computer-lab desktops (bulk); smart-class panels/projectors; networking + Wi-Fi; CCTV; AMC,Premium brand; digital-classroom focus,Campus growth,Principal / Admin / IT Coordinator,Contact found,"Wisdom Valley, Canal Road, Bharthana Road, New City Light, Surat-395007",Official site,https://www.gdgoenkasurat.com/,Large premium CBSE school,Premium CBSE; high per-student tech spend
L0196,A,77,Maharaja Agrasen International School (MAIS),Education,School (CBSE/CIPP),"Narthan, Olpad",+91-9638766688,mais.surat@gmail.com,maisedu.in,computer-lab desktops (bulk); smart-class panels/projectors; networking + Wi-Fi; CCTV; AMC,International curriculum; digital classrooms,Campus expansion,Principal / Admin / IT Coordinator,Contact found,"Block 467, Village Narthan, Jahangirpura, Dandi Road, Ta-Olpad, Surat-395005",Official site,https://www.maisedu.in/contact-us.html,Large CBSE+Cambridge school,CBSE+CIPP = strong smart-class & lab demand
L0197,A,77,P. P. Savani Cambridge International School,Education,School (Cambridge/IGCSE),"Abrama, Kamrej",8828912891,,ppscis.org.in,computer-lab desktops (bulk); 1:1 devices; smart-class panels/projectors; networking + Wi-Fi; CCTV; AMC,Cambridge curriculum; high tech integration,PP Savani campus expansion,Principal / Admin / IT Head,Existence-verified (contact pending),"Mota Varachha-Abrama Road, At & Po Abrama, Ta-Kamrej, Surat-394150",Official site,https://ppscis.org.in/contact/,Large Cambridge international school,IGCSE = device + AV heavy; shared PP Savani admissions line
L0198,A,77,Tapti Valley International School,Education,School (CBSE),"Narthan, Olpad",+91-2621-353535,info@tvis.edu.in,tvis.edu.in,computer-lab desktops (bulk); smart-class panels/projectors; networking + Wi-Fi; CCTV; AMC,Large green campus; digital classrooms,Growing enrollment & facilities,Principal / Admin / IT Coordinator,Contact found,"Block 456-457, Village Narthan, Rander-Dandi Road, Ta-Olpad, Surat-395005",Official site,https://tvis.edu.in/reach-us/,Large CBSE campus school,Sprawling campus = networking + CCTV scale
L0199,A,77,PP Savani Heart Institute & Multispeciality Hospital,Healthcare,Multispecialty + cardiac hospital,Varachha / Kapodra,02612577100,,https://ppsavanihospital.org/,HIS/EMR servers + storage; PACS + cardiac imaging workstations; billing desktops; networking + Wi-Fi; CCTV; UPS; AMC,Cardiac + multispecialty mix drives imaging and HIS,Part of PP Savani group; growing footprint,Hospital Administrator / IT Manager / Purchase,Contact found,"Mansi Building, Varachha Main Road, Opp Kapodra Police Station, Surat 395006",Hospital website,https://ppsavanihospital.org/contact-us,Multispecialty + heart institute,Group-backed; cardiac imaging need
L0200,A,77,Casepoint Pvt. Ltd.,IT & Software,Legal-tech SaaS / eDiscovery platform,"Adajan, Surat",,,https://www.casepoint.com/,High-spec dev workstations; rack servers + NAS for SaaS dev/test; enterprise firewall + managed switches + Wi-Fi; CCTV/access control; AMC,US legal-tech SaaS (eDiscovery/compliance) with large Surat engineering center; incorporated 2012,"Global SaaS scale, enterprise security needs, large Adajan dev center",IT/Engineering Head or Admin Manager (Surat site),Existence-verified (contact pending),"Shivalik Western Complex, LP Savani Rd, TGB, Adajan Gam, Adajan, Surat 395009",Joonsquare listing + JustDial + company site,https://www.joonsquare.com/it-service/casepoint-pvt-ltd-surat,"Medium-Large (global SaaS platform, US HQ + Surat dev)",Enterprise SaaS dev center; strong server/security/AMC fit; confirm site contact
L0201,A,77,Madhurang Studio,Media/Video/Photo,Wedding photography & cinematography,Kamrej / Vesu,+91 98984 22612,,https://www.madhurangstudio.com/,GPU editing rigs; cinematic video storage/NAS; drone footage storage; color-grading; backup; AMC,Cinematic videography + drone 4K volume,~4000 weddings; Kamrej + Vesu branches,Owner/Founder (Kamal/Kiran Patel),Contact found,"141 Ratnapuri Society, Near Sankalp Hospital, Kamrej Char Rasta, Surat 394185",Company website,https://www.madhurangstudio.com/bio,Since 2000; ~4000 weddings; 2 branches,"Founders Kamal & Kiran Patel; cinematic videography, drones, albums; high volume"
L0202,A,77,Raghuveer Textile Mall,Textile Trade & Design,Textile market complex,Parvat Patiya / Saroli belt,,,https://www.raghuvirdevelopers.com/project_details/111,complex-wide networking + Wi-Fi; dense CCTV; bulk billing/POS desktops; AMC,New/modern mall development by Raghuvir Developers,Biggest hub in Parvat Patiya-Saroli belt,Raghuvir Developers / mall management office,Existence-verified (contact pending),"Maruti Chamber, Bhagyoday Industrial Estate, Sitaram Society Rd, Parvat Patiya, Surat 395010 (Opp J.T.Nagar)",Market directory,https://surattextilemarkets.com/raghuveer-textile-mall/,Large textile hub,Developer-built mall; approach builder for base-build networking/CCTV
L0203,A,76,AANGAN Architects (Aangan Collaborative LLP),Architecture & CAD/Engineering,Architecture firm,Athwa / Pal-Umra,9712919996,aangan.architect@gmail.com,https://aanganarchitects.org/,GPU workstations for architecture/urban design rendering; large monitors; NAS; backup; networking; AMC,"Residential, cultural and urban projects; featured on ArchDaily",LLP structure; urban-design portfolio expansion,Principal Architect / Partner,Contact found,"Patel Faliyu, Pal-Umra Bridge, opp. Karuna Sagar Temple, near Umrigar School, Surat, Gujarat 395007",Company website,https://aanganarchitects.org/contact-us/,Small-mid,Architecture + interior + urban design
L0204,A,76,Eminent Hyundai,Automobile Dealership,Car dealer (Hyundai),Varachha,,,https://eminent.hyundaimotor.in/,DMS/billing desktops; showroom + workshop + lot CCTV; networking + guest Wi-Fi; digital signage; AMC,Separate showroom + service facility,Hyundai dealer expanding service footprint,Dealer Principal / Admin,Existence-verified (contact pending),"Service centre in Varachha, Surat",Brand dealer site,https://eminent.hyundaimotor.in/,Authorized Hyundai dealer with Varachha service centre,Showroom plus Varachha workshop
L0205,A,76,Kataria Honda (Two Wheeler),Automobile Dealership,Two-wheeler dealer (Honda),Piplod,9099007804,,https://honda.kataria.co.in/,Billing desktops; showroom + workshop CCTV; networking + guest Wi-Fi; digital signage; AMC,Multi-city Honda 2W network,Part of large Kataria Group,Dealer Principal / IT Head,Contact found,"Kataria Arcade, Opp Rajhans Cinema, Dumas Road, Piplod, Surat 395007",Brand dealer site,https://honda.kataria.co.in/,Honda 2W dealer (Kataria Group); Ahmedabad+Surat,Group also runs Maruti dealerships
L0206,A,76,Pragati Vehicles LLP (Tata Motors),Automobile Dealership,Car dealer (Tata Motors),Parvat Patia,,,https://dealer-locator.cars.tatamotors.com/,DMS/billing desktops; showroom + workshop + lot CCTV; networking + guest Wi-Fi; digital signage; AMC,Two+ Tata showrooms in Surat,Expanding Tata outlet network,Dealer Principal / Admin,Existence-verified (contact pending),"Orchid Tower, Surat Kadodara Road, Near APMC Market, Parvat Patia, Surat",Brand dealer site,https://dealer-locator.cars.tatamotors.com/tata-motors-cars-showroom-pragati-vehicles-llp-parvat-patia-car-dealer-parvat-patia-surat-266638/Home,"Tata dealer with multiple outlets (Parvat Patia, Althan)",Also Althan (VIP Road) showroom
L0207,A,76,Stellar Skoda,Automobile Dealership,Car dealer (Skoda),Dumas Road / Puna,919328883324,,https://dealers.skoda-auto.co.in/,DMS/billing desktops; showroom + workshop + lot CCTV; networking + guest Wi-Fi; digital signage; AMC,Showroom + Puna service centre,Multi-site Skoda presence,Dealer Principal / Admin,Contact found,"Sunshine Global Hospital Campus, Dumas Road, Surat 395007, next to Big Bazar",Aggregator listing,https://www.carwale.com/dealer-showrooms/skoda/surat/,Skoda dealer with showroom + Punagam service centre,Service centre Punagam Canal Road ph 7069661111
L0208,A,76,Vastranand,BPO/Logistics/Print,E-commerce/D2C,"Sachin GIDC, Surat",,,https://www.vastranand.in/,bulk office/design PCs; e-comm/ERP servers; networking + firewall; warehouse CCTV; barcode/handhelds; AMC,Fast-rising D2C saree brand; online scale-up,Founded 2017; positioned among top rising D2C fashion brands,IT Head / Operations Manager,Existence-verified (contact pending),"Vastranand Smart House, Plot 998, Road No.87, Sachin GIDC, Near Sutexbank, GIDC INA, Sachin, Surat - 394230",Company website,https://www.vastranand.in/,"Mid (D2C, est. 2017)",D2C sarees; dedicated Smart House facility at Sachin GIDC Surat
L0209,A,76,Gold Star Diamond Pvt Ltd,Diamond & Bourse,Diamond manufacturer & exporter,Varachha,,,https://www.goldstarjewellery.com/,Diamond-planning + jewellery workstations; managed networking; CCTV + access control; servers + NAS; AMC,De Beers sightholder; jewellery export growth,Established exporter group,Owner/Partner or IT head,Existence-verified (contact pending),"Vitthal Nagar Society, B/H Roman Point, Varachha Road, Surat 395006",JustDial + search snippet,https://www.justdial.com/jdmart/Surat/Gold-Star-Diamond-Praivet-Limited-Vitthal-Nagar-Society-B-H-Roman-Point-Varachha-Road/0261PX261-X261-140703163941-E9Y6_BZDET/catalogue,11+ yrs listed; De Beers sightholder jewellery exporter,Gold Star group; diamond + jewellery manufacturing
L0210,A,76,Global Indian International School (GIIS) Surat,Education,School (CBSE/IB),"Chalthan, Kadodara",,principal.surat@globalindianschool.org,giissurat.org,computer-lab desktops (bulk); smart-class panels/projectors; networking + Wi-Fi; CCTV; AMC,Global chain; tech-forward digital campuses,International network expansion,Principal / Admin / IT Coordinator,Contact found,"Block 138, Kadodra-Mumbai NH-8, near Choki Dhani, Chalthan, Surat-394305",CBSEschool directory + GIIS,https://www.cbseschool.org/global-indian-international-school-surat-gujarat/,Large international school chain,Phone not on source; chain procurement + labs
L0211,A,76,Lancers Army School,Education,School (CBSE),"Piplod, Dumas Road",+91-9512266600,info@lancersarmyschool.com,lancersarmyschools.com,computer-lab desktops (bulk); smart-class panels/projectors; networking + Wi-Fi; CCTV; AMC,Established school; digital-classroom upgrades,Multiple branches,Principal / Admin / IT Coordinator,Contact found,"London House, Dumas Road, Piplod, Surat-395007",Official site,https://lancersarmyschools.com/,Large CBSE school (est. 1992),Long-established CBSE; labs + smart classes
L0212,A,76,Navyug Science College,Education,Science College,Rander Road,0261-2784103,navyugsciencecollege@yahoo.com,nscsurat.ac.in,computer-lab desktops (bulk); lab servers; networking + Wi-Fi; CCTV; AMC,Science/CS labs; NAAC upgrades,Established large college,Principal / IT Head,Contact found,"Morarji Desai Educational Compound, Rander Road, Surat-395009",Official site,https://nscsurat.ac.in/,Large science college (est. 1966),Science + computer labs; large student body
L0213,A,76,Shrimad Rajchandra Institute of Management & Computer Application (SRIMCA),Education,MCA/MBA College,"Tarsadi, Bardoli (Maliba Campus)",8828912891,,srimca.edu.in,computer-lab desktops (bulk); lab servers; networking + Wi-Fi; CCTV; AMC,IT/MCA labs need frequent refresh; UTU campus,Part of large Maliba/UTU campus,Director / IT Head,Existence-verified (contact pending),"Maliba Campus, Gopal Vidyanagar, Bardoli-Mahuva Road, Tarsadi, Surat-394350",Official site,http://srimca.edu.in/,Mid-large MCA+MBA institute,MCA programs = high desktop density
L0214,A,76,Vidhyadeep Institute of Engineering & Technology (VIET),Education,Engineering College,Kim/Olpad (South Gujarat),8828912891,info@vidhyadeepuni.ac.in,vidhyadeepuni.ac.in,computer-lab desktops (bulk); lab servers; campus networking + Wi-Fi; CCTV; AMC,Constituent of new Vidhyadeep University; 13-acre campus,University-status growth & new programs,Principal / Director / IT Head,Contact found,"Vidhyadeep Campus, Anita, Kim-Vadoli Road, Ta-Olpad, Surat-394540",Official site,https://vidhyadeepuni.ac.in/contact.php,Mid-large (constituent of Vidhyadeep University),Engineering+management labs on large campus
L0215,A,76,Adventist Wockhardt Heart Hospital,Healthcare,Super-speciality cardiac hospital,Athwalines,02616694444,,https://surat.nic.in/public-utility/adventist-wockhardt-heart-hospital/,HIS/EMR servers; cath-lab/cardiac imaging workstations; billing desktops; networking + Wi-Fi; CCTV; UPS; AMC,Cardiac cath-lab imaging needs dedicated workstations + storage,Established branded cardiac center,Hospital Administrator / IT Manager,Contact found,"K Desai Marg, Opposite Chowpatty, Athwalines, Surat",Government directory,https://surat.nic.in/public-utility/adventist-wockhardt-heart-hospital/,Cardiac super-speciality,Cardiac imaging = high-value workstation/storage need
L0216,A,76,Sahyog Imaging Centre,Healthcare,Diagnostic / imaging centre (radiology),Ring Road,261-2655808,,https://www.teleradiologyhub.com/diagnostics/details/36/802-sahyog-imaging-centre-ring-road-surat,PACS server + storage; MRI/CT workstations; reporting desktops; networking; CCTV; UPS; AMC,Multi-branch imaging (Ring Road + Adajan) needs PACS linking,Operates multiple branches incl Adajan,Centre Director / PACS/IT Manager,Contact found,"Ground Floor, Aadi Vatsalya Building, Opp RTO Office, Ring Road, Surat 395001",Teleradiology directory,https://www.teleradiologyhub.com/diagnostics/details/36/802-sahyog-imaging-centre-ring-road-surat,MRI + CT + sonography imaging centre (multi-branch),Multi-branch imaging; PACS networking + workstation need
L0217,A,76,Universal Multispecialty Hospital,Healthcare,Multispecialty hospital,Surat,,,https://www.universalhospitalsurat.com/,HIS/EMR servers + storage; imaging/PACS workstations; billing desktops; networking + Wi-Fi; CCTV; UPS; AMC,200-bed scale with ICU = monitoring + HIS data infra,Positioned as world-class 200-bed multispecialty,Hospital Administrator / IT Manager,Existence-verified (contact pending),"Surat (multispecialty, ~200 beds; advanced ICU)",Hospital website,https://www.universalhospitalsurat.com/,~200 beds; advanced ICU; 24x7 emergency,200-bed; strong HIS/imaging fit; capture contact
L0218,A,76,Pramukh Group,Hospitality & Real Estate,Real estate developer / Builder,Surat,,,https://www.pramukhgroup.com/,Site CCTV; sales-gallery & office PCs; networking; server/NAS; AMC,Residential + commercial ventures,Consistent presence since 1992,Director / Purchase,Existence-verified (contact pending),Surat,Finance directory,https://www.bankbazaar.com/home-loan/builders-in-surat.html,Established; residential + commercial since 1992,"Apartments, villas and commercial spaces"
L0219,A,76,Surat Diamond (Surat Diamond Jewellery),Jewellery,Diamond/silver/pearl jewellery manufacturer-exporter,Surat,,,https://www.suratdiamond.com/,high-density CCTV + access control (critical); jewellery CAD workstations; POS/billing PCs; networking + Wi-Fi; server/NAS; AMC,Exports to USA/UK/India; online retail scaling,Export + e-commerce growth,Owner/Director,Existence-verified (contact pending),"Surat, Gujarat (online manufacturer-exporter)",company_website,https://www.suratdiamond.com/about-us.aspx,"Medium-large (manufacturer + exporter, online retail)","Rings/pendants/necklaces, semi-precious"
L0220,A,76,Tapti Jewels,Jewellery,Diamond jewellery manufacturer,Varachha Road,,,https://taptijewels.com/,high-density CCTV + access control (critical); jewellery CAD workstations; networking + Wi-Fi; server/NAS; AMC,Custom diamond rings/necklaces; certified precision crafting,Custom-design manufacturing growth,Owner/Director,Existence-verified (contact pending),"Tapti House, 2A, 2nd Floor, Kapadiya Compound, B/h Central Bazar, Opp. Varachha Police Station, Varachha Road, Surat 395006",company_website,https://taptijewels.com/,Medium (custom diamond jewellery manufacturer),
L0221,A,76,Mira Gems,Lab-Grown Diamond,CVD diamond manufacturer / exporter,Varachha (Kohinoor),+91 81474 49533,,https://www.miragems.com/,GPU workstations for planning/grading; rack server + NAS; multi-camera CCTV + access control; managed switches + Wi-Fi; AMC,Bulk IGI-certified LGD supplier worldwide; contact Rohan Vanani,Bulk worldwide supply; Mumbai BDB office too; scaling exports,Owner/Director (Rohan Vanani),Contact found,Plot No 1 to 5 Kohinoor Industrial Estate Opp G.K. Chambers Kohinoor Road Varachha Surat 395006,Company website,https://www.miragems.com/,Medium-large - bulk IGI-certified LGD supplier worldwide,Mumbai office at Bharat Diamond Bourse also listed
L0222,A,76,Rahi Impex,Lab-Grown Diamond,CVD diamond manufacturer / wholesaler,Mahidharpura,+91 97124 33366,,https://www.rahiimpex.in/,GPU workstations for planning/grading; rack server + NAS; multi-camera CCTV + access control; managed switches + Wi-Fi; AMC,Among most trusted/largest CVD manufacturers in Surat; Mumbai + Surat presence,Two-city operation (Surat + Mumbai); growing wholesale base,Owner/Director,Contact found,410 to 418 4th Floor Shree Hari Building opp Shryu Building Jadakhadi Mahidharpura Surat 395003,Company website,https://www.rahiimpex.in/contact/,Medium-large - trusted Surat LGD manufacturer/wholesaler,Email on listing looked auto-generated so omitted; phone verified across listings
L0223,A,76,Vibrant Zone,Media/Video/Photo,Animation / VFX / AR-VR studio,Nanpura,,,https://vibrantzone.com/,High-end GPU render workstations for 3D/VFX/AR-VR; render storage/NAS; 10G networking; AMC,3D/VFX/AR-VR project growth,10 yrs; Surat + Pune offices,Founder/Creative Director,Existence-verified (contact pending),"202, Mangalam Appt, Popat Mohallo, opp. Jalaram Dana Chana, Nanpura, Surat 395001",Company website,https://vibrantzone.com/contact-us/,Decade of experience; multi-city,"3D/2D animation, VFX, AR-VR; Surat HQ + Pune office; render-heavy workloads"
L0224,A,76,Phone Merchants,Retail & Supermarket,Mobile retail chain,"Udhna, Adajan",+919925114800,,https://www.phonemerchants.in,bulk POS/billing desktops; loss-prevention CCTV; per-store networking + Wi-Fi; digital signage; AMC,Multi-store chain established Surat,"ISO-certified local mobile retail chain - quality-focused, multi-outlet",Owner / IT,Contact found,Shop 44-46 Anupam Amenity Center Udhna Bus Depot Udhana Main Rd 394210; Ankur Apt Muktanand Nagar Rd Adajan,Sulekha + company site,https://www.sulekha.com/phone-merchants-udhana-main-road-surat-contact-address,ISO 9001 multi-brand mobile chain; est 2000,Phone from listing (may be branch-specific); ISO 9001 signals process maturity - IT-spend likely
L0225,A,76,Reliance Trends - Surat,Retail & Supermarket,Branded apparel retail chain,"Udhna/Reliance Mega Mall, Magdalla/VR Mall",,,https://reliancetrends.com,bulk POS/billing desktops; loss-prevention CCTV; per-store networking + Wi-Fi; digital signage; AMC,Multiple Trends stores in Surat,Reliance Retail apparel - aggressive store expansion,Purchase / Operations Manager,Existence-verified (contact pending),Reliance Mega Mall Udhna; VR Mall Magdalla,Official store page,https://reliancetrends.com/page/trends-reliance-mega-mall-surat,India's largest fashion retail chain; multi-store Surat,Reliance Retail brand; procurement central but multi-store presence
L0226,A,76,V-Mart - Surat,Retail & Supermarket,Departmental / value-fashion retail chain,"Nana Varachha, Mota Varachha, Parvat Patia",,,https://stores.vmartretail.com,bulk POS/billing desktops; loss-prevention CCTV; per-store networking + Wi-Fi; digital signage; back-office server; AMC,Multiple V-Mart stores in Surat,National value-retail chain expanding Surat/Gujarat,Purchase / Operations Manager,Existence-verified (contact pending),Deepkamal Mall Varachha Main Rd Nana Varachha 395006; Mota Varachha; Near Midas Square Parvat Patia,Official store locator,https://stores.vmartretail.com/location/gujarat/surat,Value-retail dept-store chain; 3+ in Surat,Value dept store (apparel + general merch); per-store POS + CCTV + signage
L0227,A,76,Madhusudan Dyeing & Printing Mills (Madhusudan Group),Textile Manufacturing,Dyeing & Printing (processing house),Surat,,,https://madhusudangroup.com/dyeing-printing-mills/,ERP/Tally servers; billing & design PCs; large-area CCTV; networking + Wi-Fi; biometric attendance; AMC,Eco-friendly dyeing + digital printing modernization,Digital printing + integrated weaving,Owner/Director or Admin manager,Existence-verified (contact pending),"Madhusudan Group, Surat (dyeing/printing + weaving divisions)",Company website,https://madhusudangroup.com/dyeing-printing-mills/,"Mid-large group; dyeing, digital printing + weaving (Madhusudan Weaves)",Group with both processing and weaving; broad IT/surveillance scope
L0228,A,76,Maruti Education of Design / Maruti Institute of Design,Textile Trade & Design,Textile CAD design institute/studio,Udhna,+919904512600,,https://www.marutieducationofdesign.com/,textile-CAD/Jacquard/embroidery/digital-print design workstations (lab); networking + Wi-Fi; CCTV; server/NAS; AMC,"Multiple branches (Udhna, Yogichowk) - expansion",Computerized design institute; multi-branch growth,Owner / Management,Contact found,"T-28, Silicon Shoppers, 3rd Floor, Udhana Main Rd, opp. Satya Nagar, Udhana, Surat 394210",Company website,https://www.marutieducationofdesign.com/,Estd 2005; institute w/ multiple branches,Phone +919904512600; CAD design lab = bulk workstation + lab networking buyer
L0229,A,76,Raghukul Textile Market,Textile Trade & Design,Textile market complex,Ring Road,,,,complex-wide networking + Wi-Fi; dense CCTV; bulk billing/POS desktops; AMC,Premium designer/bridal positioning,250+ shops over three floors,Market management / association office,Existence-verified (contact pending),"Raghukul Market, Near Kamela Darwaza, Ring Road, Surat 395002",Market directory,https://surattextilemarkets.com/raghukul-textile-market/,3 floors; 250+ shops; designer/bridal,Premium bridal wear; higher-value tenants
L0230,A,76,Raghuvir Textile Business Park,Textile Trade & Design,Textile market complex,Ring Road,,,,complex-wide networking + Wi-Fi; dense CCTV; bulk billing/POS desktops; AMC,Expanding Raghuvir group developments,Part of large Raghuvir developer textile portfolio,Market management / Raghuvir Developers office,Existence-verified (contact pending),"Raghuvir Textile Business Park, Ring Road, Surat",Market directory,https://www.textileinfomedia.com/market/Raghuvir-Textile-Bussiness-Part,Large complex; many suppliers,Ladies wear/fabric; Raghuvir group has multiple new projects
L0231,A,76,Riya Fashions,Textile Trade & Design,Garment exporter (stitched suits/digital print),Ring Road / Radha Krishna Market,+912612478899,export@riyafashions.com,,bulk billing/POS desktops; CCTV; networking + Wi-Fi; textile-CAD workstation; server/NAS; AMC,Digital-print fabrics; export growth,Premium stitched suits + digital-print export,Owner / Partner (Export),Contact found,"Radha Krishna Textile Market, Ring Road, Surat",B2B marketplace,https://www.indiamart.com/riyafashion-surat/aboutus.html,Garment exporter; premium stitched suits,Phone +912612478899; email export@riyafashions.com; digital-print fabrics
L0232,A,76,Sitaram Creation Pvt. Ltd.,Textile Trade & Design,Saree manufacturer/wholesaler,"Millennium / JJ Market, Ring Road",,,,bulk billing/POS desktops; CCTV; networking + Wi-Fi; textile-CAD workstation; server/NAS; AMC,Multiple showrooms (Millennium + JJ + Kalathiya unit),Multi-location expansion; manufacturing + wholesale,Owner / Partner,Existence-verified (contact pending),"81/82, 1st Floor, Sidhhi Vinayak Industrial Estate, Behind Ashoka Hotel, Opp Smimer Hospital, Millennium Textile Market, Surat 395002",B2B marketplace,https://www.indiamart.com/sitaramcreation/,Pvt Ltd; estd 2002; multi-location,"Operates across Millennium, JJ AC Market and Kalathiya Estate unit; 4.5-4.8 rating"
L0233,A,75,"Government Polytechnic, Surat",Education,Polytechnic/Diploma (Govt),Majura Gate,0261-2655799,,gpsurat.cteguj.in,computer-lab desktops (bulk); lab servers; networking + Wi-Fi; CCTV; AMC,Govt-funded lab modernization; multiple diploma branches,Govt budget IT procurement,Principal / IT Head,Existence-verified (contact pending),"Majura Gate, Ring Road, Surat-395001",Shikshan directory,https://shikshan.org/colleges-courses/gujarat-surat_district-colleges-engineering-polytechnic-government/,Large govt polytechnic,Govt diploma college; tender-based bulk procurement
L0234,A,75,"Vidyabharti Trust College of Business, Computer Science & Research (VTCBCSR)",Education,Engineering/Computer College,"Umrakh, Bardoli (South Gujarat)",02622-220581,info@vtcbcsr.edu.in,vtcbcsr.edu.in,computer-lab desktops (bulk); lab servers; networking + Wi-Fi; CCTV; AMC,CS/IT/BCA/MCA labs need refresh; GTU/AICTE,Vidyabharti multi-college campus,Principal / Director / IT Head,Contact found,"Vidyabharti Campus, Umrakh, Ta-Bardoli, Surat-394345",Official site,https://www.vtcbcsr.edu.in/,Mid-large college (computer science + business),Computer-science focus = high desktop density
L0235,A,75,Grown Diamond Corporation,Lab-Grown Diamond,LGD manufacturer / polishing factory,Surat (factory),+91 22 4971 6448,,https://www.growndiamondcorp.com/,GPU workstations for planning/grading; rack server + NAS; multi-camera CCTV + access control; managed switches + Wi-Fi; AMC,World-class technology polishing factory in Surat; manufacturer + distributor of LGDs,Modern equipment-heavy polishing factory; sector growth,Owner/Director or Factory Manager,Contact found,State-of-the-art polishing factory in Surat (HQ in Mumbai BKC),Company website,https://www.growndiamondcorp.com/contact/,Medium-large - world-class polishing factory in Surat,Phone is Mumbai HQ; Surat factory direct line not visible
L0236,B,74,Aditya Sutaria Architects (ASA),Architecture & CAD/Engineering,Architecture firm,Vesu,9909038481,,,GPU workstations for architecture/interior 3D rendering; dual monitors; NAS; backup; networking; AMC,Award-winning firm; ongoing residential/interior projects,Young growing practice,Principal Architect / Owner,Contact found,"207, The Grand Plaza, VIP Road, Vesu, Surat, Gujarat 395007",JustDial listing,https://www.justdial.com/Surat/Aditya-Sutaria-Architects-Asa-Vesu/0261PX261-X261-220317220322-X4V1_BZDET,Small-mid,Architecture & interior design firm
L0237,B,74,Ducon Consultants Pvt. Ltd.,Architecture & CAD/Engineering,Structural / Industrial design,Vesu,7211119652,,https://www.duconconsultants.in/,GPU workstations for structural + industrial project design/analysis; dual monitors; NAS/server; backup; networking; AMC,Renowned structural & industrial design consultancy; Pvt Ltd,Corporatised; industrial-project scale,Director / Principal Engineer,Contact found,"402, SNS Arista, Opp. Happy Home Residency, Udhana-Magdalla Road, Vesu, Surat 395007",Company website,https://www.duconconsultants.in/structures/contact.html,Mid,"Director Utsav Shah (MS Structural, U. Florida)"
L0238,B,74,Engineering Technique,Architecture & CAD/Engineering,CAD/CAM mechanical design & SOLIDWORKS,Athwa Gate,,,https://www.enggtechnique.com/,High-end GPU workstations for SOLIDWORKS CAD + mechanical design + 3D printing; dual monitors; NAS/server; backup; networking; AMC,SOLIDWORKS Authorized VAR (since 2000) for Surat/Gujarat/Mumbai; 3D printing & mech-design services,Long-standing reseller; 3D-printing + design-services expansion,Director / Owner,Existence-verified (contact pending),"2nd Floor, Shreeji Nivas, Above A to Z Electronics, Besides Mansukhlal Tower, Opp. Dhiraj Sons, Athwa Gate, Surat 395001",Company website,https://www.enggtechnique.com/,Mid,Phone/email not visible on source; CAD/CAM + 3D printing
L0239,B,74,EssTeam Design Services LLP,Architecture & CAD/Engineering,Architecture firm,Piplod / Gymkhana Rd,9909016610,,http://www.essteam.in/,GPU workstations for sustainable-design modelling/rendering; large monitors; NAS; backup; networking; AMC,Sustainability-focused practice; residential & commercial portfolio,LLP; established multidisciplinary team,Principal Architect / Partner,Contact found,"Samanvay, 4th Floor, Gymkhana Rd, near Chandni Chowk, Surat, Gujarat 395007",Company website,https://www.essteam.in/contact,Mid,Sustainability-led architecture firm
L0240,B,74,Studio Lagom,Architecture & CAD/Engineering,Architecture / Interior firm,Sagrampura,9913704686,,http://www.studiolagom.in/,GPU workstations for residential/retail/restaurant 3D rendering + furniture design; dual monitors; NAS; backup; networking; AMC,Est. 2011; award-published (ArchDaily/Archello); retail/hospitality/institutional work,Recognised studio with diversified portfolio,Design Director / Founder,Contact found,"2nd Floor, Flat No. 3, Khimchand Mansion, Opp. Old Mahavir Hospital, Sagrampura, Surat",Company website,http://www.studiolagom.in/,Mid,Founder Aishwarya Shinde; also designs furniture
L0241,B,74,Presidency Skoda,Automobile Dealership,Car dealer (Skoda),Bharthana Vesu,6359309000,,https://dealers.skoda-auto.co.in/,DMS/billing desktops; showroom + workshop CCTV; networking + guest Wi-Fi; digital signage; AMC,Combined showroom + service facility,Skoda dealer in Vesu growth corridor,Dealer Principal / Admin,Contact found,"Plot No 53, TP Scheme 13, New City Light Road, Bharthana Vesu, Surat 396445",Aggregator listing,https://www.carwale.com/dealer-showrooms/skoda/surat/,"Skoda showroom + service, Vesu",Showroom and service co-located
L0242,B,74,Surat Kia (Surat Motorcars),Automobile Dealership,Car dealer (Kia),Udhana,,,https://kiaindia-dealers.com/,DMS/billing desktops; showroom + workshop + lot CCTV; networking + guest Wi-Fi; digital signage; AMC,Showroom + service,Kia dealer; EV (Kia) lineup,Dealer Principal / Admin,Existence-verified (contact pending),"Khatodara / Udhana area, Surat",Brand dealer site,https://kiaindia-dealers.com/kia-car-showroom-surat-kia-udhana-surat-kia-car-dealer-udhana-surat-334876/Home,"Authorized Kia dealer, Surat",Opp Khatodara Police Station; Skyview Business Horizon
L0243,B,74,Jamnagar Transport Company,BPO/Logistics/Print,Logistics/Transport,"Delhi Gate / Udhna GIDC, Surat",0261-2491279,,https://www.jamnagartransportco.com,office PCs; server; networking + firewall; warehouse/godown CCTV; barcode/handhelds; AMC,Multi-branch network; computerized tracking,"Multiple Surat branches; door-to-door, computerized tracking",Owner / Operations Manager,Contact found,"716/6, Opp Satkar Hotel, Near Ambika Petrol Pump, Unapani Road, Delhigate, Surat - 395003; Branch Plot 23/1, Road No.12, GIDC Udhna, Surat - 394210",Company website,https://www.jamnagartransportco.com,Mid-large (multi-branch),Phone 0261-2491279 Delhigate; mobile 9737047141; Udhna branch 0261-2271430
L0244,B,74,Metro Press,BPO/Logistics/Print,Printing/Packaging,"Khatodra Wadi / Ring Road, Surat",9537343537,jobs@metrosurat.in,https://metrosurat.in/,pre-press color workstations (Mac/PC); RIP server; large monitors; web-press control PCs; networking; CCTV; AMC,Offset + digital + web printing & packaging; multi-unit,"Since 1990; units in Junagadh, Rajkot, Surat, Ahmedabad",Purchase / IT Head,Contact found,"Metro Printers, Ring Road, Khatodra Wadi, Surat, Gujarat",Company website,https://metrosurat.in/contact-us,"Mid-large (est. 1990, multi-city)","Phones +91-9537343537/9825276436; emails jobs@metrosurat.in, accounts@metrosurat.in"
L0245,B,74,Dimexon Diamonds Ltd,Diamond & Bourse,Diamond manufacturer (traceability focus),Choryasi,,infoindia@dimexon.com,https://dimexon.com/,Diamond-planning workstations; managed networking; CCTV + access control; traceability/ERP servers + NAS; AMC,Traceability/ESG focus drives IT investment,Established manufacturer with global supply,Owner/Partner or IT head,Contact found,"Choryasi, Surat 395001 (Surat unit); HQ Raheja Chambers, Nariman Point, Mumbai",Sulekha + search snippet,https://www.sulekha.com/dimexon-diamonds-ltd-choryasi-surat-contact-address,~246 employees; full-traceability diamonds,Surat manufacturing unit; corporate Mumbai
L0246,B,74,"Government Industrial Training Institute (ITI), Surat",Education,ITI (Govt),Majura Gate,0261-2655794,prlsuratiti@yahoo.co.in,itisurat.org.in,computer-lab desktops (bulk); COPA-trade labs; networking + Wi-Fi; CCTV; AMC,Govt skill-mission lab modernization; COPA/IT trades,Govt budget IT procurement,Principal / Training Officer / IT Head,Contact found,"ITI Surat, Majura Gate, Surat-395001",ITI directory + govt,https://iti.directory/surat/industrial-training-institute-surat-government,Large govt ITI (est. 1959),COPA & IT trades = bulk desktop labs; tender-based
L0247,B,74,N. G. Patel Polytechnic,Education,Polytechnic/Diploma,Bardoli/Afwa (South Gujarat),02622-291106,svpess@yahoo.com,ngpatelpoly.ac.in,computer-lab desktops (bulk); lab servers; networking + Wi-Fi; CCTV; AMC,Diploma engineering labs; AICTE-driven upgrades,Steady diploma intake,Principal / IT Head,Contact found,"At Isroli (Tajpore), PO Afwa, Bardoli-Navsari Road, Ta-Bardoli-394620, Surat",Official site,https://ngpatelpoly.ac.in/,Large polytechnic (est. 1997),Diploma CSE/IT labs need regular desktop refresh
L0248,B,74,Sitarambhai Naranji Patel Institute of Technology & Research Centre (SNPIT&RC),Education,Engineering College,"Umrakh, Bardoli (South Gujarat)",02622-224581,,snpitrc.ac.in,computer-lab desktops (bulk); lab servers; campus networking + Wi-Fi; CCTV; AMC,Engineering+diploma labs; AICTE accreditation,Campus growth,Principal / IT Head,Existence-verified (contact pending),"At & Po Umrakh, Ta-Bardoli, Surat-394345",Official site,https://www.snpitrc.ac.in/,Mid-large engineering college,Degree+diploma engineering labs = recurring desktop demand
L0249,B,74,"TOPS Technologies, Surat",Education,Computer/IT Training Institute,"Sagrampura, Ring Road (multi-branch)",07069598828,,tops-int.com,computer-lab desktops (bulk); lab servers; networking + Wi-Fi; CCTV; AMC,Coding/IT labs need frequent hardware refresh,Multiple Surat branches,Centre Manager / IT Head,Existence-verified (contact pending),"301, Jeevandeep Complex, Ring Road, beside Nirmal Hospital, Sagrampura, Surat-395002",Official site,https://www.tops-int.com/contact-us,Large IT-training chain (multi-branch),100k+ students trained; desktop-heavy training labs
L0250,B,74,White Lotus International School,Education,School (CBSE),Vesu,0261-2215700,info@wlis.org,wlis.org,computer-lab desktops (bulk); smart-class panels/projectors; networking + Wi-Fi; CCTV; AMC,Foundation-to-XII CBSE; digital classrooms,Campus growth in Vesu,Principal / Admin / IT Coordinator,Contact found,"Plot 205, Opp. Royal Regency, near SUDA Water Tank, behind Someshwara Bunglows, Vesu, Surat-395007",CBSEschool directory + WLIS,https://www.cbseschool.org/white-lotus-international-school-surat-gujarat/,Mid-large CBSE international school,Aster Institutions group; labs + smart classes
L0251,B,74,NJ Insurance Brokers Pvt Ltd,Finance & Professional,Insurance broker,Udhna,,,https://www.njgroup.in/,multi-seat desktops; data server + NAS backup; networking/firewall; CCTV; UPS; AMC,Group expansion; insurance-broking growth,Part of large NJ Group,Admin,Existence-verified (contact pending),"Block No 502, 2nd Floor, B Tower, Udhna Udyog Nagar Sangh Commercial Complex, Surat-394210",IRDAI registry,https://policyholder.gov.in/en/web/guest/list-of-brokers,NJ Group insurance-broking arm; License DB447/09,IRDAI broker DB447/09; NJ Group
L0252,B,74,Adani Hazira Port Ltd,Government & PSU,Large Industrial (public-facing) / Port,"Hazira, Surat",+91-261-2207780,,https://www.adaniports.com/,port CCTV + surveillance + access control; bulk desktops; servers/storage; networking + Wi-Fi; AMC,Port IT/security modernization; terminal automation,Container + multi-cargo capacity expansion,IT Procurement / Port admin (vendor registration),Contact found,"At & Post Hazira, Tal. Choryasi, Dist. Surat-394270",Official company site,https://www.adaniports.com/ports-and-terminals/hazira-port,Large multi-cargo port + container terminal,"Handles bulk, containers, liquids, autos; alt phone 2207511"
L0253,B,74,Gujarat Gas Ltd - Surat Office,Government & PSU,PSU / City Gas Distribution,"Adajan, Surat",+91-0261-2736333,,https://www.gujaratgas.com/,office + CNG-station CCTV + access control; bulk desktops; servers/storage; networking + Wi-Fi; AMC (GeM/tender),CGD network + IT digitization; station surveillance,New CNG stations / collection centers in Surat,IT Dept / Materials & Purchase (GeM/tender),Contact found,"87-88, Mahyavanshi Mohallo, Adajan Gam, Surat-395009",Official site,https://www.gujaratgas.com/contact-us/offices/,Large CGD operator; multiple stations/centers,India's largest CGD company (GSPC group PSU); CNG station at Hazira Road; fax 0261-2736362
L0254,B,74,ONGC Ankleshwar Asset (South Gujarat),Government & PSU,PSU / Oil & Gas,"Ankleshwar, Bharuch",02646-237500,,https://ongcindia.com/,bulk office desktops; field/office CCTV + access control; servers/storage; networking + Wi-Fi; AMC (GeM),Asset IT/OT modernization; surveillance upgrade,Oilfield operations + township IT,IT/IS / Materials & Contracts (GeM/e-procurement),Existence-verified (contact pending),"New Building, Gadkhol Part, Ankleshwar GIDC, Ankleshwar-393001",Official PSU site,https://www.ongcindia.com/wps/wcm/connect/en/about-ongc/contact-us/our-offices/,Large oilfield asset office + township,Nearby South Gujarat PSU; fax 02646-246926; buys via GeM
L0255,B,74,Surat Urban Development Authority (SUDA),Government & PSU,Urban Development Authority,Surat,(0261) 2500050,sudaonline1978@gmail.com,https://www.sudaonline.org/,bulk office desktops; networking + Wi-Fi; CCTV; AMC (tender/GeM),e-governance/digitization; new SUDA Bhavan office IT fit-out,Town-planning + GIS digitization drive,Technical/Estate branch head / Accounts / Tender cell (GeM),Contact found,"SUDA Bhavan, Vesu-Abhva Road, Vesu, Surat-395007",Official site,https://www.sudaonline.org/contact-us-2/,Mid-large development authority,Multiple departmental emails listed; phones 0261-2465007/08/09
L0256,B,74,Apple Hospital,Healthcare,Multispecialty hospital,Udhna,0261-2310703,applehospital.surat@gmail.com,https://surat.nic.in/public-utility/apple-hospital/,HIS/EMR servers + storage; imaging/PACS workstations; billing/reception desktops; networking + Wi-Fi; CCTV; UPS; AMC,100-bed 24x7 ops need HIS + CCTV coverage,Established multispecialty; nephrology among services,Hospital Administrator / IT Manager,Contact found,"Udhna Darwaja, Aman Nagar, Ring Road, Udhna, Surat 395002",Government directory,https://surat.nic.in/public-utility/apple-hospital/,100 beds; 24x7 multispecialty,100-bed; solid HIS + networking fit
L0257,B,74,Asutosh Multi Speciality Hospital,Healthcare,Multispecialty / trauma hospital,Majura Gate,0261-2509300,,https://www.asutoshindia.com/,HIS/EMR servers; trauma imaging (CT) workstations; billing desktops; networking + Wi-Fi; CCTV; UPS; AMC,Trauma/critical care = 24x7 imaging + monitoring data,ISO-certified trauma center; positioning as best in S Gujarat,Hospital Administrator / IT Manager,Contact found,"Beside Kshetrapal Temple, Kailash Nagar, Majura Gate, Surat",Hospital website,https://www.asutoshindia.com/contact.html,100 beds; tertiary trauma + critical care,Trauma center; CT/imaging workstation need
L0258,B,74,Shreeji Imaging Center,Healthcare,Diagnostic / imaging centre (radiology),Sumul Dairy Road,+91 261 253 7125,,http://www.shreejiimaging.in/,PACS server + storage; CT/MRI workstations; reporting desktops; networking; CCTV; UPS; AMC,CT/MRI + multiple locations = PACS + workstation refresh,Two locations (Sumul Dairy + Varachha),Centre Director / PACS/IT Manager,Contact found,"Ground Floor Hotel Raj Building, Near Ayurvedic College, Sumul Dairy Road, Surat 395003",Diagnostic centre website,http://www.shreejiimaging.in/,CT + MRI + sonography; multi-location (Varachha branch),Imaging center; PACS/workstation prospect
L0259,B,74,Central Mall (Iris Mall) Surat,Hospitality & Real Estate,Shopping mall / Multiplex,Dumas Road,,,https://www.centralandme.com/,Mall management PCs; visitor Wi-Fi + networking; CCTV/access control; AMC,Events + entertainment mall,High footfall,Admin / Mall IT Manager,Existence-verified (contact pending),"Iris Mall, Gaurav Path Road, Dumas Road, Surat",Travel guide,https://www.holidify.com/pages/malls-in-surat-1878.html,Large mall with PVR multiplex + events,Hosts events; PVR multiplex on premises
L0260,B,74,Lords Plaza Surat,Hospitality & Real Estate,Hotel (4-star),Delhi Gate,0261-3066666,,https://www.lordshotels.com/,PMS server; front-desk/back-office PCs; guest Wi-Fi + networking; CCTV; AMC,Central-city business hotel,Lords chain presence,GM / IT Manager,Contact found,"Delhi Gate, Ring Road, Surat",Govt tourism registry,https://gujarattourism.com/accommodation/registered-hotels/lords-plaza--surat.html,Mid-large business hotel,Phone from Gujarat Tourism registry
L0261,B,74,Roongta Developers,Hospitality & Real Estate,Real estate developer / Builder,Surat,,,https://roongtadevelopers.com/,Site CCTV; sales-gallery & office PCs; networking; server/NAS; AMC,"Active projects (Estella, Signature)",Eco-conscious projects; growing,Director / Purchase,Existence-verified (contact pending),Surat,Builder official site,https://roongtadevelopers.com/,Mid-large; residential/commercial/industrial since 2011,Est. 2011; multi-sector portfolio
L0262,B,74,Sarsana Convention Centre,Hospitality & Real Estate,Convention center,Udhna,,,https://www.venuelook.com/conference-hall-venues-in-surat,Box-office/registration PCs; high-density Wi-Fi + networking; CCTV; event AV; AMC,Major exhibition/convention venue,Large-event infrastructure,Admin / Event Manager,Existence-verified (contact pending),"Sarsana, Udhna, Surat",Venue portal,https://www.venuelook.com/conference-hall-venues-in-surat,Large convention centre (800-1200 pax),Hosts large exhibitions; high-density networking and surveillance needs
L0263,B,74,OptimumBrew Technology LLP,IT & Software,"SaaS product / mobile apps (PhotoADKing, DesignWiz)",Surat,,,https://optimumbrew.com/,High-spec workstations; GPU + render/server for image-SaaS; rack server + NAS; firewall + managed switches + Wi-Fi; CCTV; AMC,Bootstrapped SaaS (PhotoADKing/DesignWiz) with large user base; profitable product company,Self-funded product scale = ongoing compute + infra investment,Founder/Director or IT Head,Existence-verified (contact pending),"Surat, Gujarat",Company website + listicle,https://optimumbrew.com/,Medium-Large (bootstrapped SaaS products),Product company; image/design SaaS implies strong compute + storage need
L0264,B,74,Brilliantstar Diamond Jewellery Pvt. Ltd.,Jewellery,Diamond jewellery manufacturer,Mini Bazar (Varachha),+91-81412-62360,,,high-density CCTV + access control (critical); jewellery CAD workstations; networking + Wi-Fi; server/NAS; AMC,Diamond manufacturing hub location,Located in Mini Bazar diamond cluster,Owner/Director,Contact found,"Office No. 101, 1st Floor, Hare Krishna Diamond Hall, Sy-246, Plot No. 8/A, Room No.1, Varachha Road, Mini Bazar, Surat 395008",directory,https://www.scribd.com/document/879082529/Jewellers-in-Surat-Contact-Details,Medium (Pvt Ltd diamond jewellery mfr),
L0265,B,74,Excellent Corporation (Excellent Jewel),Jewellery,Lab-grown diamond mfr + custom jewellery,Varachha (AK Road),,,https://www.excellentcorporation.in/,high-density CCTV + access control (critical); jewellery CAD workstations; networking + Wi-Fi; servers/NAS; AMC,Customize jewellery mfr; IGI/GIA certified diamonds,LGD + custom jewellery expansion,Owner/Director (Gaurang Vasoya),Existence-verified (contact pending),"152, Ankur Society, A K Road, Varachha, Surat 395006",company_website,https://www.excellentcorporation.in/,Medium (CVD/HPHT LGD mfr + custom jewellery),Proprietor Gaurang Vasoya
L0266,B,74,Premvati Diamond Jewellery,Jewellery,Diamond/gold jewellery manufacturer,Mahidharpura,,,https://www.premvatijewelry.com/,high-density CCTV + access control (critical); jewellery CAD workstations; networking + Wi-Fi; server/NAS; AMC,Designer pendant sets manufacturer/exporter/supplier,Katargam (Premvati Gold) unit also operating,Owner/Director,Existence-verified (contact pending),"2nd Floor, Rajwadi Palace, Above SNB Jewellers, Rampura Road, Lal Darwaja, Mahidharpura, Surat 395003",company_website,https://www.premvatijewelry.com/,Medium (manufacturer/exporter of diamond gold pendant sets),Mahidharpura diamond market location
L0267,B,74,Prishil Diamond and Jewel,Jewellery,Jewellery CAD design & rendering service,Surat,,,https://www.prishiljewels.com/,jewellery CAD workstations (high-spec GPU); CCTV; networking + Wi-Fi; server/NAS for renders; AMC,"CAD design, 3D product video, 360 animation, rendering",Design-services growth,Owner/Director,Existence-verified (contact pending),"Surat, Gujarat",company_website,https://www.prishiljewels.com/diamond-jewellery-designing-services.htm,Small-medium (CAD design/rendering studio),Render/animation workload = GPU workstations
L0268,B,74,Excellent Corporation,Lab-Grown Diamond,CVD & HPHT diamond supplier / jeweler,Varachha,+91 82001 27828,,https://www.excellent-corporation.com/,GPU workstations for planning/grading; rack server + NAS; multi-camera CCTV + access control; managed switches + Wi-Fi; AMC,Large IGI/GIA certified inventory; CVD + HPHT + jewelry; proprietor Gaurang Vasoya,Growing certified-stone inventory and custom jewelry line,Owner (Gaurang Vasoya),Contact found,152 Ankur Society Beside Gate No 1 Near Ankur Circle A.K Road Varachha Surat 395006,Company website,https://www.excellent-corporation.com/,Medium - large IGI/GIA inventory + custom jewelry,WhatsApp +91 81404 59170 also listed; email not visible
L0269,B,74,Aadharshila,Media/Video/Photo,Corporate video production,"Race Course (Vadodara base, serves Surat)",+91 73833 21779,connect@aadharshila.com,https://aadharshila.com/video-production-company-in-surat/,GPU workstations for motion graphics/2D-3D; render storage; NAS; color-grading; AMC,Corporate 4K video demand; motion graphics expansion,38 yrs in business; multi-city Gujarat network,Creative Director/Owner,Contact found,"34, Third Floor, Meghdhanush, Race Course, Vadodara 390007",Company website,https://aadharshila.com/contact/,38+ yrs branding/marketing,HQ Vadodara serving Surat; corporate films + 2D/3D animation; established player
L0270,B,74,Manish Photo Studio,Media/Video/Photo,Photography & videography studio,Bhatar Road,+91 9825128612,manishphoto13@gmail.com,https://manishphotostudio.com/,GPU editing workstations; cinematic 4K storage/NAS; color-grading monitor; backup; AMC,Wedding cinematography 4K upgrade,30+ yrs; in-house photographers & cinematographers,Owner/Founder,Contact found,"17-18-19, Vardhman Complex, Near Umabhavan Char Rasta, Bhatar Road, Surat 395017",Company website,https://manishphotostudio.com/contact-us/,Est. 1994; established,Established 1994; commercial + wedding photography/videography; two contacts listed
L0271,B,74,MedPlus Pharmacy - Surat,Retail & Supermarket,Pharmacy / medical-store chain,Surat (multiple),,,https://www.medplusindia.com,bulk POS/billing desktops; loss-prevention CCTV; per-store networking + Wi-Fi; back-office server; AMC,National chain expanding 600+ cities,Aggressive national pharmacy expansion incl. Gujarat,Purchase / Regional IT,Existence-verified (contact pending),Surat (multiple medical stores),Official store locator,https://www.medplusmart.com/storelocator,2nd largest pharmacy chain India; 5300+ stores,Verify Surat store count via locator; pharmacy POS + CCTV recurring need
L0272,B,74,Pantaloons (Aditya Birla Fashion) - Surat,Retail & Supermarket,Branded apparel retail chain,"City Light/Athwa, Magdalla/VR Mall",08657959680,,https://stores.pantaloons.com,bulk POS/billing desktops; loss-prevention CCTV; per-store networking + Wi-Fi; digital signage; AMC,"Multiple Surat stores (City Light, VR Mall)",ABFRL chain - 344+ stores expanding,Store/Operations Manager / Purchase,Contact found,Unity Corner City Light Rd City Light Town Athwa 395007 (opp Bank of Baroda),Official store locator,https://stores.pantaloons.com/pantaloons/clothing-store-in-surat/,344+ stores nationally; 2+ in Surat,City Light store phone captured; apparel chain = POS + LP-CCTV per store
L0273,B,74,Mahira Textiles,Textile Manufacturing,Weaving (airjet),Surat,,,https://www.mahiratextile.com/,ERP servers; shop-floor & billing PCs; large-area multi-shed CCTV; networking + Wi-Fi; biometric attendance; AMC,High-volume 24/7 airjet weaving; B2B bulk export,24/7 high-capacity airjet operations,Owner/Director or Factory manager,Existence-verified (contact pending),"Surat, Gujarat (airjet fabric manufacturer)",Company website,https://www.mahiratextile.com/,"Mid-large: 100K+ m/week airjet capacity, 24/7 operations",24/7 airjet weaver; strong shop-floor IT + surveillance need
L0274,B,74,Mangalam Industries (Mangalam Group),Textile Manufacturing,Weaving (waterjet),Surat,,,https://www.waterjetloom.com/india.html,ERP servers; shop-floor & billing PCs; large-area multi-shed CCTV; networking + Wi-Fi; biometric attendance; AMC,Large modern waterjet loom fleet,~300-loom waterjet operation,Owner/Director or Factory manager,Existence-verified (contact pending),"Surat, Gujarat (~300 Haijia HW waterjet looms)",Company/Trade website,https://www.waterjetloom.com/india.html,Large: ~300 Haijia HW-series waterjet looms,Large waterjet weaver; strong multi-shed CCTV/network/server need
L0275,B,74,Sudamo Impex Pvt Ltd (Madhusudan Group),Textile Manufacturing,Weaving (rapier/waterjet),Palsana (Baleshwar),,,https://madhusudangroup.com/weaving/,ERP servers; shop-floor & billing PCs; large-area multi-shed CCTV; networking + Wi-Fi; biometric attendance; AMC,Modern imported loom fleet; supplies domestic + export,Picanol/Tsudakoma modern looms,Owner/Director or Factory manager,Existence-verified (contact pending),"283, Laxminarayan Industrial Estate, NH No. 8, Village Baleshwar, Tal. Palsana, Dist. Surat 394317",Company website,https://madhusudangroup.com/weaving/,Mid-large weaving unit: Picanol Rapier + Tsudakoma Waterjet looms,Latest imported looms; export-oriented; strong shop-floor IT need
L0276,B,74,Artistic Designing Studio,Textile Trade & Design,Textile/Jacquard CAD design studio,Sachin GIDC,,,https://www.artisticdesigningstudio.com/,textile-CAD/Jacquard design workstation; high-spec PCs; CCTV; networking + Wi-Fi; NAS for design files; AMC,Rapier Jacquard/CAD design demand growth,Specialist design studio - core CAD workstation buyer,Founders (Chetan Bhanderi / Vijay Patel),Existence-verified (contact pending),"Sachin GIDC, Surat, Gujarat",Company website,https://www.artisticdesigningstudio.com/about/,Founded 2018; 27+ yrs designer experience,"Rapier Jacquard, textile, garment, saree designing via CAD - prime workstation lead"
L0277,B,74,Suryavanshi Creation Pvt. Ltd.,Textile Trade & Design,Saree/ethnic wear manufacturer-wholesaler,Ring Road,,,https://www.suryavansicreation.com/about-us,bulk billing/POS desktops; CCTV; networking + Wi-Fi; textile-CAD workstation; server/NAS; AMC,24x7 online support; large catalogue; export (Indian+Pakistani wear),5000+ designs; B2B platform; export growth,Owner / Partner,Existence-verified (contact pending),"Textile Market, Ring Road, Surat",Company website,https://www.suryavansicreation.com/about-us,25+ yrs; 5000+ ready-to-ship designs,Tech-forward (live chat/WhatsApp/email 24x7); strong digital ops
L0278,B,74,Wholetex,Textile Trade & Design,Wholesale textile trader/exporter,Surat,+919137381212,,https://www.wholetex.com/,bulk billing/POS desktops; CCTV; networking + Wi-Fi; server/NAS; AMC,E-commerce/wholesale-online model; export,Online B2B platform; export-oriented,Owner / Partner,Contact found,"Surat, Gujarat",Company website,https://www.wholetex.com/,Online wholesale; catalogues/sarees/suits/kurtis,Phone +919137381212 / +919327773330; online wholesale trader & exporter
L0279,B,73,V-Trans (India) Ltd,BPO/Logistics/Print,Logistics/Transport,"Udhna, Surat",,,https://vtransgroup.com/,office PCs; servers; networking + firewall; warehouse CCTV; barcode/handhelds; AMC,National branch network; surface express growth,800+ branches PAN-India; Surat Udhna branch,IT Head / Operations Manager,Existence-verified (contact pending),"Beside Mahindra Service Station, Udyognagar, Udhna, Surat",JustDial,https://www.justdial.com/Surat/V-Trans-India-Ltd-Beside-Mahindra-Service-Station-Udhyognagar-Udhna/0261P261STD6261_BZDET,Large (800+ branches),National logistics major with Udhna Surat branch
L0280,B,73,"Allen Career Institute, Surat",Education,Coaching/Test-prep,Vesu / Udhna Darwaja (multi-branch),+91-7347397337,globalstudies.surat@allen.in,allen.ac.in,computer-lab/test desktops; networking + Wi-Fi; CCTV; smart-class panels/projectors; AMC,Expanding Surat presence; computer-based test infra,Multiple Surat centers,Centre Director / Admin / IT Head,Contact found,"J-9 High Street, Opp. Celestial Dreams, Vesu Canal Road, Vesu, Surat-395007",Official site,https://www.allen.ac.in/surat/contactus.asp,Large coaching chain (multi-branch),Test-prep = exam labs + AV + surveillance
L0281,B,73,Bhulka Bhavan School,Education,School (CBSE/State),Adajan,0261-2732733,info@bhulkabhavantrust.org,bhulkabhavan.com,computer-lab desktops (bulk); smart-class panels/projectors; networking + Wi-Fi; CCTV; AMC,Large trust-run school; digital-classroom upgrades,Multiple trust schools,Principal / Admin / IT Coordinator,Contact found,"Adajan-Hazira Road, near Gujarat Gas Circle, Adajan, Surat-395009",Official site,https://bhulkabhavan.com/contact-us/,Large multi-section school (Bhulka Bhavan Trust),Big enrollment; labs + AV + surveillance
L0282,B,73,J. H. Ambani Saraswati Vidya Mandir,Education,School (CBSE),"Vesu, Udhna-Magdalla Road",0261-2257880,,nirmaedu.org,computer-lab desktops (bulk); smart-class panels/projectors; networking + Wi-Fi; CCTV; AMC,Established CBSE; digital classrooms,Stable large enrollment,Principal / Admin / IT Coordinator,Existence-verified (contact pending),"Vesu Char Rasta, near VNSGU, Udhna-Magdalla Road, Surat-395007",ICBSE directory + Justdial,https://www.icbse.com/schools/j-h-ambani-saraswati-vidya-mandir-56z0lz,Large CBSE school,Email not on source; landmark Vesu school
L0283,B,73,"Red & White Skill Education, Surat",Education,Computer/IT Training Institute,Mota Varachha / A.K. Road (multi-branch),+91-6352295143,,rwskill.edu.in,computer-lab desktops (bulk); lab servers; networking + Wi-Fi; CCTV; AMC,IT/multimedia labs; expanding branch network,22+ branches; growing,Centre Manager / IT Head,Existence-verified (contact pending),"B305-B311, 3rd Floor, IT Park, Digital Valley, Mota Varachha-Uttran, Surat-394101",Official site,https://www.rwskill.edu.in/contact/,Large skill-training chain (22+ branches),Multimedia/IT labs = bulk desktops; email not on source
L0284,B,73,GAB & Associates,Finance & Professional,CA / Audit firm,Ring Road,0261 4897877,info@gabca.in,https://gabca.in/,multi-seat desktops/workstations; Tally/data server + NAS backup; firewall; CCTV; UPS; AMC,Second branch (Bardoli); growing clientele,Bardoli branch opened,Partner,Contact found,"304, 21st Century Business Centre, Ring Road, Surat-395002",JustDial,https://www.justdial.com/Surat/GAB-Associates-Nr-World-Trade-Centre-Ring-Road/0261PX261-X261-130830214235-V7I3_BZDET,Est. 2013; offices at Ring Road + Bardoli,"Taxation, audit, project finance, trademark"
L0285,B,73,Jhaveri Securities Limited,Finance & Professional,Stock / commodity broker,Anand Mahal Road,,,,multi-seat desktops + dealing terminals; data server + NAS backup; networking/firewall; CCTV + access control; UPS; AMC,Sub-broker network across Surat,8 sub-brokers in Surat,Admin,Existence-verified (contact pending),"Anand Mahal Road, Surat",JustDial,https://www.justdial.com/Surat/Jhaveri-Securities-Ltd-Anand-Mahal-Road/0261PX261-X261-090911120429-H1Z5_BZDET,Broker with 8 sub-brokers in Surat,"Equity, commodity, derivatives, MF, currency"
L0286,B,73,Unipath Speciality Laboratory,Healthcare,Pathology lab / diagnostics chain,Athwa Gate,0261-3099000,,https://unipath.in/,LIS servers + storage; analyzer-integrated workstations; reception/billing desktops; networking + Wi-Fi; CCTV; UPS; AMC,NABL specialty lab with network needs LIS + connectivity,Network of collection centers; growth,Lab Director / IT Manager,Contact found,"Vanita Vishram Building, Above Bank of Baroda, Near Athwa Circle, Athwa Gates, Surat",Lab chain website,https://unipath.in/reach-us,NABL-certified specialty lab; network of centers,Specialty lab chain; LIS + networking AMC
L0287,B,73,EnactOn Technologies Pvt. Ltd.,IT & Software,Software / SaaS product development,"Vesu/Dumas Road, Surat",+91 74260 60610,contact@enacton.com,https://www.enacton.com/,High-end developer workstations; rack server + NAS; firewall + managed switches + Wi-Fi; CCTV; AMC,"Founded 2013/2019; product-based origin (affiliate/fintech SaaS), clients in 65+ countries",Product engineering focus implies higher-spec workstations and infra,Founder/Director or IT/Admin Head,Contact found,"605, 6th Floor, Luxuria Business Hub, Dumas Road, Surat 395007",Company website (contact page),https://www.enacton.com/contact-us/,Medium (product + services; 65+ countries),Product + outsourcing mix; premium workstation need
L0288,B,73,451 Textile Market,Textile Trade & Design,Textile market complex,Ring Road,,,,complex-wide networking + Wi-Fi; dense CCTV; bulk billing/POS desktops; AMC,Wholesale digitization,Major saree/kurti/dress-material hub,Market management / association office,Existence-verified (contact pending),"451 Textile Market, Ring Road, Surat",Market directory,https://surattextilemarkets.com/451-textile-market/,Major wholesale hub,Ring Road cluster; standard market infra needs
L0289,B,72,Deep Breath Architecture,Architecture & CAD/Engineering,Architecture firm,Piplod,9825045687,,https://dbarchitecture.in/,GPU workstations for AutoCAD/3D rendering and walkthroughs; dual monitors; NAS; backup; networking; AMC,Founded 2011 by Ar. Ajay Panchal (20+ yrs); steady residential/commercial pipeline,Established practice with growing commercial work,Principal Architect / Owner,Contact found,"908, Icon Business Hub, Nr Valentine Theater, Piplod, Surat, Gujarat 395007",Company website,https://dbarchitecture.in/,Small-mid,Residential & commercial architecture
L0290,B,72,J-Nine Associates (J9 Associates),Architecture & CAD/Engineering,Architecture / Interior firm,Ghod Dod Road,9313662338,contact@j-nine.co.in,https://j-nine.co.in/,GPU workstations for corporate/retail/hospitality 3D rendering; dual monitors; NAS; backup; networking; AMC,"Multi-sector (corporate, retail, hospitality, residential) design enterprise",Multi-faceted growing enterprise,Principal Architect / Partner,Contact found,"Plot 81, Subhash Nagar Soc, Near Shivaji Garden, Ram Chowk, Ghod Dod Road, Surat 395007",Company website,https://j-nine.co.in/about-us/,Mid,Architecture & interior design solutions
L0291,B,72,PDA Structural Design Engineers (Piyush Dudhat & Associates),Architecture & CAD/Engineering,Structural consultant,Adajan,9924674455,,https://pdasdeindia.wixsite.com/website,GPU workstations for STAAD/ETABS structural analysis & modelling; dual monitors; NAS; backup; networking; AMC,"""Fastest growing"" firm since 2015; 4.9-star, 33 reviews",Stated rapid growth since 2015,Principal Engineer / Owner,Contact found,"1005, White Orchid, LP Savani Rd, Adajan Gam, Adajan, Surat",Company website,https://pdasdeindia.wixsite.com/website,Small-mid,Structural design & analysis software-heavy
L0292,B,72,Quartet Architects,Architecture & CAD/Engineering,Architecture / Interior firm,Adajan,9227130830,info@quartetarchitects.com,https://quartetarchitects.com/,GPU workstations for architecture/interior/art rendering; dual monitors; NAS; backup; networking; AMC,Architecture + interior + art practice; hiring interior designers (WorkIndia listing),Team growth (active hiring),Principal Architect / Partner,Contact found,"01, Sai Rachana Row House, Nr. Toyota Showroom, L.P. Savani Road, Adajan Pal, Surat 395009",Company website,https://quartetarchitects.com/,Small-mid,Hiring signal indicates expansion
L0293,B,72,Samhitha Design Studio,Architecture & CAD/Engineering,Interior design studio,VIP Road,9998927826,info.samhithastudio@gmail.com,https://www.samhithastudio.com/,GPU workstations for 3D rendering & detailed drafting; large monitors; NAS; backup; networking; AMC,Founded 2015; 150+ completed projects; turnkey execution,Steady project growth; residential + commercial interiors,Principal / Owner,Contact found,"4th Floor, Soham Square, Opp Metro Mall, VIP Road, Surat 395017",Company website,https://www.samhithastudio.com/about-us,Mid,Founders Sagar Bhatt & Rahul Tiwari
L0294,B,72,Automark Motors (Volkswagen),Automobile Dealership,Car dealer (Volkswagen),Piplod,02241357346,,https://volkswagen-surat.com/,DMS/billing desktops; showroom + workshop + lot CCTV; networking + guest Wi-Fi; digital signage; AMC,VW showroom + service,VW dealer in Surat,Dealer Principal / Admin,Contact found,"Besides Vijay Sales, Near Kargil Chowk, Surat-Dumas Road, Piplod, Surat 395007",Aggregator listing,https://www.cardekho.com/volkswagen/surat/cardealers/automark-motors-pvt-ltdpiplod-178223.htm,"Authorized VW dealer, Surat",Volkswagen Surat (Piplod)
L0295,B,72,Monarch Hyundai,Automobile Dealership,Car dealer (Hyundai),Surat,,,https://monarch.hyundaimotor.in/,DMS/billing desktops; showroom + workshop CCTV; networking + guest Wi-Fi; digital signage; AMC,Showroom + service,Hyundai dealer in Surat,Dealer Principal / Admin,Existence-verified (contact pending),"Surat, Gujarat",Brand dealer site,https://monarch.hyundaimotor.in/,"Authorized Hyundai dealer, Surat",Listed authorized Hyundai dealer
L0296,B,72,Datalink Outsourcing,BPO/Logistics/Print,Data Entry,"Ring Road, Surat",,,,bulk desktops + thin clients; data-entry workstations; servers; networking + firewall; CCTV; AMC,Large workforce data-entry operations,Established 2011; very large headcount cited,IT Head / Operations Manager,Existence-verified (contact pending),"8/202, 2nd Floor, Shri Hari Park, Center Point Civil Char Rasta, Ring Road, Surat - 395002 (Opp Dhruv Auto)",JustDial,https://www.justdial.com/Surat/Datalink-Outsourcing-Opposite-Dhruv-Auto-Ring-Road/0261PX261-X261-151017184552-U8F9_BZDET,Large (5000-10000 staff cited),"Large data-entry/outsourcing operation, Ring Road Surat"
L0297,B,72,Kantilal Chhotalal (KC),Diamond & Bourse,Solitaire & fancy diamond jewellery manufacturer,Surat,,,https://www.kantilalchhotalal.com/,Diamond-planning + jewellery workstations; managed networking; CCTV + access control; servers + NAS; AMC,Long-established premium maker,"Legacy brand, multiple Surat sites",Owner/Partner or IT head,Existence-verified (contact pending),"Modeshwari Bhavan, Babanjini Sheri, Modvanik Wadi, Ruknathpura, Lal Darwaja, Surat 395003",Company site + search snippet,https://www.kantilalchhotalal.com/,Founded 1941; leading solitaire & fancy jewellery maker,Trusted solitaire & fancy diamond jewellery maker since 1941
L0298,B,72,"Aakash Institute, Surat",Education,Coaching/Test-prep,Adajan / Majura Gate / Vesu / Mota Varachha (multi-branch),,,aakash.ac.in,computer-lab/test desktops; networking + Wi-Fi; CCTV; smart-class panels/projectors; AMC,Expanding branch network in Surat; online-test infra,4 centers across Surat,Centre Director / Admin / IT Head,Existence-verified (contact pending),"Fortune High St, New Green City Road, Opp. Western Arena, Adajan, Surat",Official center site,https://centers.aakash.ac.in/location/gujarat/surat,Large multi-branch coaching chain (4 centers),Multi-branch = repeat hardware; phone masked on source
L0299,B,72,"Narayana Coaching Center, Surat",Education,Coaching/Test-prep,Vesu / Athwa (multi-branch),9319992363,bm.vesu@narayanagroup.com,narayanacoachingcenters.in,computer-lab/test desktops; networking + Wi-Fi; CCTV; smart-class panels/projectors; AMC,Expanding Surat branches; digital test platforms,3 centers in Surat,Centre Director / Admin / IT Head,Contact found,"1st Floor, Narayana Academy, Tej House, opp. Dhiraj Sons, Someshwara Enclave, Vesu, Surat-395007",Official site,https://www.narayanacoachingcenters.in/gujarat/surat-city,Large coaching chain (3 Surat centers),Chain; exam labs + AV across branches
L0300,B,72,S. R. Luthra Institute of Management,Education,MBA/Management College,Athwalines,0261-2240103,contact@srlimba.ac.in,srlimba.ac.in,computer-lab desktops; lab servers; networking + Wi-Fi; CCTV; AMC,Management/IT labs; accreditation upgrades,SES group campus,Director / IT Head,Contact found,"MTB College Campus, Near Adarsh Society, Athwalines, Surat-395001",Official site,https://srlimba.ac.in/,Mid-size MBA institute,MBA computer labs; recurring refresh
L0301,B,72,JK Securities Private Limited,Finance & Professional,Stock / commodity broker,Athwa Gates,,,https://www.jksecurities.com/stock-broker-surat,multi-seat desktops + dealing terminals; data server + NAS backup; networking/firewall; CCTV + access control; UPS; AMC,Low-brokerage trading platform; tech needs,Surat broking office,Admin,Existence-verified (contact pending),"Opposite Athwa Gate Police Station, Athwa Gates, Surat",Company site,https://www.jksecurities.com/stock-broker-surat,Equity/derivatives/commodity brokerage,"Equity, F&O, commodity, mutual funds"
L0302,B,72,NJ Technologies,Finance & Professional,Fintech,Surat,,,https://www.njgroup.in/,multi-seat desktops/workstations; servers + NAS backup; networking/firewall; CCTV + access control; UPS; AMC,Fintech/tech expansion within NJ Group,Part of large NJ Group,Admin,Existence-verified (contact pending),,Startup directory,https://tracxn.com/d/explore/fintech-startups-in-surat-india/__2s5hTjsX_EUHdNkzuyxJc3BVnfQMbXfsqixnWbbwA2s/companies,NJ Group technology arm,Fintech listed among Surat startups
L0303,B,72,Rasesh Shah & Associates,Finance & Professional,CA / Audit firm,Udhna Darwaja,+91 261 2260987,info@raseshshah.com,https://raseshca.com/,multi-seat desktops/workstations; Tally/data server + NAS backup; firewall; CCTV; UPS; AMC,Financial restructuring & GST advisory growth,Established 20+ yr practice,Partner,Contact found,"405, Empire State Building, Near Udhna Darwaja, Surat-395002",IndiaMart,https://www.indiamart.com/raseshshahassociates-surat/,20+ yrs experience,"Audit, taxation, GST, financial restructuring"
L0304,B,72,Surat Nagrik Sahakari Bank Ltd,Finance & Professional,Co-operative bank,Varachha Road,,,,branch-wide desktops; core-banking servers + NAS backup; networking/firewall; CCTV + access control; UPS; AMC,Branch/banking-security compliance,Operating UCB on Varachha Road,Branch Manager,Existence-verified (contact pending),"Varachha Road, Surat-395006",Directory,https://www.sulekha.com/surat-nagrik-sahakari-bank-ltd-varachha-road-surat-contact-address,Urban co-operative bank,"Listed Varachha Road, Surat"
L0305,B,72,Vimal Agro Products Pvt Ltd,GIDC Manufacturing,Food / Agro Processing,Bardoli (Surat dist),+91 2622 222759,info@vimalagro.com,https://www.vimalagro.com/,ERP servers; office & plant desktops; cold-chain/process CCTV; networking + Wi-Fi; biometric access; AMC,Exports to global markets; wide product range expansion,Founded 1988; 80+ food products; exporter,IT Manager / Purchase / Director,Contact found,"Near GIDC, Ten Road, Bardoli, Surat 394601, Gujarat",Company website,https://www.vimalagro.com/contact-us/,Medium-Large (exports 80+ products; SWAD brand),"SWAD brand; canned veg, fruit pulp, pickles, ready-to-eat"
L0306,B,72,"District & Sessions Court, Surat",Government & PSU,Judiciary / Courts,Surat,(0261) 2651805,dcourt-sut@gujarat.gov.in,https://surat.dcourts.gov.in/,bulk office desktops; networking + Wi-Fi; CCTV; servers/storage; AMC (e-courts),e-courts digitization; computer center expansion,Court complex modernization / video-conferencing,Computer Center / Nazir (purchase) / e-courts cell (GeM/tender),Contact found,"District Court Complex, Athwalines, Surat-395007",Official dcourts.gov.in,https://surat.dcourts.gov.in/contact-us/,Large court complex; many courtrooms,Dedicated computer center (0261-2967177); e-court services live
L0307,B,72,Gujarat State Road Transport Corp (GSRTC) - Surat Division,Government & PSU,PSU / State Transport,Surat,0261-2422006,,https://www.gsrtc.in/,bus-stand + depot CCTV + surveillance; bulk desktops; servers (ticketing); networking + Wi-Fi; AMC (GeM),Depot/bus-stand modernization; ITMS + camera systems,New bus terminals; passenger-info IT,Divisional Controller / GSRTC IT & Stores (GeM/tender),Contact found,"Surat Central Bus Stand / Surat-1 Depot, Surat",Official site,https://www.gsrtc.in/site/downloads/innerPages/contactUs.html,Large division; multiple depots/bus stands,Surat-1 depot enquiry 0261-2422006; depot manager 0261-2543365
L0308,B,72,Shell Energy India (Hazira LNG & Port),Government & PSU,Large Industrial (public-facing),"Hazira, Surat",+91 261 3051165,hlpl-haz-portcontrol@shell.com,https://www.shell.in/,terminal/port CCTV + access control; bulk desktops; servers/storage; networking + Wi-Fi; AMC,Terminal IT/OT security; surveillance modernization,Port + regas capacity activity,IT/OT Procurement / Site admin (vendor registration),Contact found,"Hazira LNG Terminal, Via Surat, Hazira, Surat District-394270",Official company site,https://www.shell.in/business/shell-energy-india/hazira-port.html,Large LNG terminal + port,Formerly Hazira LNG Pvt Ltd; port control at Hazira site
L0309,B,72,Burhani Hospital,Healthcare,Multi-super-speciality trust hospital,Mahidharpura / Begampura,0261 250 5050,Burhanihospital@gmail.com,https://www.burhanihospital.com/,HIS/EMR servers + storage; imaging workstations; billing desktops; networking + Wi-Fi; CCTV; UPS; AMC,Fast-growing trust hospital = expansion capex,Described as fastest-growing multispecialty trust hospital,Hospital Administrator / Trust Purchase,Contact found,"4/4665 Kuvarsing Street, Khangad Sheri, Mahidharpura, Begampura, Surat 395003",Hospital website,https://www.burhanihospital.com/contact-us/,Fast-growing multi-super-speciality trust hospital,Growth-stage trust hospital; expansion signal
L0310,B,72,Sanya Imaging Centre (Sanya Hospital & Diagnostics),Healthcare,Diagnostic / imaging centre (radiology),Varachha Road,,,https://www.teleradiologyhub.com/diagnostics/details/36/1186-sanya-imaging-centre-varcha-road-surat,PACS server + storage; CT/MRI workstations; reporting desktops; networking; CCTV; UPS; AMC,Multi-unit imaging (Varachha + Adajan via Sahyog tie-up),Expanding imaging units across Surat,Centre Director / PACS/IT Manager,Existence-verified (contact pending),"C/o PP Savani Heart Institute, Mansi Building, Nr Siddhkutir Temple, Varachha Road, Surat 395006",Teleradiology directory,https://www.teleradiologyhub.com/diagnostics/details/36/1186-sanya-imaging-centre-varcha-road-surat,CT + MRI imaging; also operates Adajan unit,Multi-unit imaging; capture contact
L0311,B,72,SMIMER Hospital (Surat Municipal Institute of Medical Education & Research),Healthcare,Government tertiary teaching hospital,Umarwada,02612368040,,http://smimer.suratmunicipal.gov.in/Hospital,HIS/EMR servers + storage; PACS/radiodiagnosis workstations; teaching-lab + billing desktops; campus networking + Wi-Fi; CCTV; UPS; AMC,Govt teaching hospital; large radiodiagnosis dept,Municipal tertiary hospital; large institutional buyer,Hospital Superintendent / Govt Purchase (tender),Contact found,"Near Sahara Darwaja, Opp Bombay Market, Umarwada, Surat 395010",Government hospital website,http://smimer.suratmunicipal.gov.in/Contact,500-750 beds; medical college + tertiary care,Govt tender process; very large scale; tender-based buying
L0312,B,72,Divine Group,Hospitality & Real Estate,Real estate developer / Builder,Surat,,,https://www.realestateindia.com/builders-developers-in-surat.htm,Site CCTV; sales-gallery & office PCs; networking; server/NAS; AMC,20+ developed projects,Long-standing builder,Director / Purchase,Existence-verified (contact pending),Surat,Real estate directory,https://www.realestateindia.com/builders-developers-in-surat.htm,"Established; 20+ projects, 30+ yrs",30+ years experience; world-class infrastructure claims
L0313,B,72,Manidhara Realty,Hospitality & Real Estate,Real estate developer / Builder,Varachha / Adajan,,,https://www.manidhara.com/,Site CCTV; sales-gallery & office PCs; networking; server/NAS; AMC,Projects in Varachha and Adajan,Growth in upscale corridors,Director / Purchase,Existence-verified (contact pending),Surat,Builder official site,https://www.manidhara.com/,Mid-large since 2009,Est. 2009; international-standard designs
L0314,B,72,Marvella Group,Hospitality & Real Estate,Real estate developer / Builder,Surat,,,https://marvellagroupsurat.com/,Site CCTV; sales-gallery & office PCs; networking; server/NAS; AMC,"Projects incl. Eco Grandeur, Prestige Oliva Heights",Commercial + residential pipeline,Director / Purchase,Existence-verified (contact pending),Surat,Builder official site,https://marvellagroupsurat.com/,Mid-large; commercial + residential,"Commercial buildings, textile shops, blocks, godowns"
L0315,B,72,Regenta - The World Surat,Hospitality & Real Estate,Hotel (4-star),Surat,,,https://www.regentahotels.com/,PMS server; front-desk/back-office PCs; guest Wi-Fi + networking; CCTV; AMC,Royal Orchid/Regenta brand property,Chain operations,GM / IT Manager,Existence-verified (contact pending),Surat,Hotel aggregator,https://us.trip.com/hotels/luxury/city/in/surat.html,Mid-size full-service hotel,Listed among Surat luxury hotels
L0316,B,72,Shivalik Group,Hospitality & Real Estate,Real estate developer / Builder,Althan,,,https://www.shivalikgroup.com/,Site CCTV; sales-gallery & office PCs; networking; server/NAS; AMC,"Projects incl. Shivalik Crown, Althan",Active in Althan growth zone,Director / Purchase,Existence-verified (contact pending),Surat,Real estate portal,https://builders.99acres.com/shivalik-group-surat-builders-developers-bid-87829,Residential + commercial developer,Shivalik Crown residential project in Althan
L0317,B,72,Onviqa Pvt. Ltd.,IT & Software,Software & application development,"Punagam, Surat",099799 93119,info@onviqa.com,https://onviqa.com/,Developer workstations; NAS + server for dev/test; firewall + managed switches + Wi-Fi; CCTV; AMC,"Founded 2015, grown to 50+ team serving 500+ clients",Steady client/headcount growth; mid-size office,Founder/Director or IT Head,Contact found,"Office 603-604, Orbit-1, Punagam-Saroli Road, Punagam, Surat 395010",Company website (contact page),https://onviqa.com/reach-us/,"Medium (50+ team, 500+ clients)",Growing mid-size dev shop; good workstation + networking prospect
L0318,B,72,Ajahara Diamonds,Jewellery,Diamond jewellery manufacturer/supplier,Surat,,,https://www.ajaharadiamonds.com/,high-density CCTV + access control (critical); jewellery CAD workstations; networking + Wi-Fi; server/NAS; AMC,"Diamond earrings/rings, black & synthetic diamonds","Modern, capacious infrastructure",Owner/Director,Existence-verified (contact pending),"Surat, Gujarat (est. 2007)",company_website,https://www.ajaharadiamonds.com/,Medium (manufacturer/supplier since 2007),
L0319,B,72,High Carat Diamond,Jewellery,Diamond jewellery manufacturer/trader,Surat,,,https://www.highcaratdiamond.co.in/,high-density CCTV + access control (critical); jewellery CAD workstations; networking + Wi-Fi; server/NAS; AMC,Global exporter of certified diamonds,Export-led growth,Owner/Director,Existence-verified (contact pending),"Surat, Gujarat",company_website,https://www.highcaratdiamond.co.in/,"Medium (mfr/trader, GIA/IGI certified exporter)",Triangle/fancy cut diamond manufacturer
L0320,B,72,Mia by Tanishq - Ghod Dod Road,Jewellery,Branded retailer/showroom,Ghod Dod Road (Subhash Nagar),,,https://www.miabytanishq.com/,high-density CCTV + access control (critical); POS/billing PCs; networking + Wi-Fi; AMC,Titan sub-brand expansion in Surat,New branded store,Store/Admin manager,Existence-verified (contact pending),"Ghod Dod Road, Subhash Nagar, Surat 395007",directory,https://www.promanage.biz/mia-by-tanishq/jewellery-store-in-subash-nagar-surat-11286150-profile,Medium (Titan sub-brand showroom),
L0321,B,72,RMP Diamond,Jewellery,Certified natural diamond manufacturer,Surat,,export@rmpdiamond.com,https://www.rmpdiamond.com/,high-density CCTV + access control (critical); CAD workstations; networking + Wi-Fi; servers/NAS; AMC,Natural diamond supply/export,Export-oriented manufacturer,Owner/Director,Existence-verified (contact pending),"Surat, Gujarat",company_website,https://www.rmpdiamond.com/,Medium (certified natural diamond mfr/supplier/exporter),GIA-certified natural diamonds; export-oriented; alt source: https://www.rmpdiamond.com/lab-grown-diamond
L0322,B,72,Sparkling Splendor,Jewellery,Jewellery mfr + CAD design service,Katargam (Laxmi Enclave),,,https://www.indiamart.com/sparkling-splendor/,jewellery CAD workstations; CCTV + access control; networking + Wi-Fi; server/NAS; AMC,3D CAD design services; diamond rings/watches,New manufacturer (2023) scaling,Owner/Director,Existence-verified (contact pending),"5th Floor, Office-522, Laxmi Enclave-2, Sy No 271 Fp 122, Surat 395004",indiamart,https://www.indiamart.com/sparkling-splendor/aboutus.html,"Small-medium (mfr/wholesaler/exporter, est. 2023)",CAD-design service provider
L0323,B,72,Nishal Gems,Lab-Grown Diamond,LGD manufacturer / wholesaler (B2B),Mahidharpura,+91 98981 33032,info@nishalgems.com,https://www.nishalgems.com/,GPU workstations for planning/grading; rack server + NAS; multi-camera CCTV + access control; managed switches + Wi-Fi; AMC,Long-standing (1992) firm diversified into LGD; IGI/GIA/GCAL/HRD certified B2B exporter,Established trading house scaling LGD B2B exports; active content/marketing,Owner/Director (CMO Ayush Bhansali),Contact found,201 Raj Chambers near Blue Diamond Hat Falia Mahidharpura Surat 395003,Company website,https://www.nishalgems.com/contact,"Medium - est 1992, established IGI-certified B2B LGD house",Strong B2B export positioning
L0324,B,72,50mm Media Productions,Media/Video/Photo,Photography / film / branding studio,Vesu / Pal,76 66 77 88 99,,https://50mm.co.in/,GPU editing/design workstations; fast storage/NAS; color-grading; backup; 10G networking; AMC,Film making + branding + photo-school expansion,Two offices (Vesu + Pal); full creative pipeline,Owner/Founder,Contact found,"44-45, 4th Floor, Aagam Arcade, Vesu Main Road, Vesu, Surat 395007",Company website,https://50mm.co.in/,Multi-service; 2 offices,"Photography, design, branding, film making, photo school; Vesu + Pal offices"
L0325,B,72,AniFx Studios,Media/Video/Photo,Animation / VFX studio,Bhatar Road,+91 9033328201,,https://anifx.ueniweb.com/,GPU render workstations for 2D/3D/VFX; render storage/NAS; 10G networking; backup; AMC,Animation/VFX project pipeline,Animation + VFX + video editing studio,Founder/Creative Director,Contact found,"107, Vasudev Arcade, Nr. Raj Empire Multiplex, Bhatar Road, Surat - 395001",Facebook/company page,https://www.facebook.com/anifx.ind/,SME; by parent Vasudev,Animation & VFX studio under parent company Vasudev; Bhatar Road
L0326,B,72,Photophactory Studios,Media/Video/Photo,Wedding/commercial photography & cinematography,Vesu,+91 6353628979,photophactorystudios.in@gmail.com,https://photophactorystudios.com/,GPU editing workstations; fast storage/NAS for cinematic + real-estate/industrial; color-grading; backup; AMC,4K wedding + commercial/industrial shoot volume,Wedding + real-estate + industrial + corporate documentary,Owner/Founder,Contact found,"1st-44, Second Floor, Atlanta Business Hub, Opp Ofira Posh Residence, Vesu, Surat 395007",Company website,https://photophactorystudios.com/contact/,SME; multi-segment,Multiple contacts; cinematic wedding + real estate + industrial + corporate docs
L0327,B,72,Nilkamal Homes (Furniture & Homeware),Retail & Supermarket,Furniture & home retail,Ghoddod Rd / Ram Chowk,,,https://stores.nilkamalhomes.com,bulk POS/billing desktops; loss-prevention CCTV; per-store networking + Wi-Fi; digital signage; AMC,60+ large-format stores nationally; Surat outlet,National furniture chain expanding large-format stores,Store Manager / Purchase,Existence-verified (contact pending),3rd Floor Crossway Mall Ghoddod Rd Ram Chowk Surat,Official store,https://stores.nilkamalhomes.com/nilkamal-homes-premium-furniture-and-homeware-store-homewares-shop-ram-chowk-surat-294457/Home,Large-format premium furniture chain (60+ stores nationally),Large showroom; digital signage for product display; POS + CCTV
L0328,B,72,Reliance Trends Footwear - Surat,Retail & Supermarket,Branded footwear retail chain,"Udhna/Reliance Mega Mall, Magdalla/VR Mall",,,https://relianceretail.com,bulk POS/billing desktops; loss-prevention CCTV; per-store networking + Wi-Fi; digital signage; AMC,Multiple footwear stores in Surat,Reliance Retail footwear format expanding,Purchase / Operations Manager,Existence-verified (contact pending),Trends Footwear Reliance Mega Mall Opp Apple Hospital Udhna; VR Mall,Official site + JustDial,https://relianceretail.com/trends-footwear.html,Exclusive footwear format; multi-store Surat,Reliance footwear retail; per-store POS + CCTV
L0329,B,72,J.P. Silk Mills,Textile Manufacturing,Weaving (waterjet/airjet/rapier),Surat,,,https://www.linkedin.com/in/jitendra-shah-15733494/,ERP servers; shop-floor & billing PCs; large-area CCTV; networking + Wi-Fi; biometric attendance; AMC,Multi-technology modern weaving fleet,Waterjet+airjet+rapier modernization,Owner/Director (MD Jitendra Shah),Existence-verified (contact pending),"Surat, Gujarat",LinkedIn (company exec),https://www.linkedin.com/in/jitendra-shah-15733494/,"Mid-large: waterjet, airjet + rapier weaving units with latest technology",Multi-tech weaver; modern looms; shop-floor IT/CCTV scope
L0330,B,72,Laxminarayan Industries,Textile Manufacturing,Dyeing & Printing (integrated processing),Palsana (Baleshwar),,,https://madhusudangroup.com/dyeing-printing-mills/,ERP/Tally servers; billing & design PCs; large-area CCTV; networking + Wi-Fi; biometric attendance; AMC,Integrated dyeing + value-added printing; modern machines,"Computerised colour matching, HT/HP jets",Owner/Director or Admin manager,Existence-verified (contact pending),"283, Laxminarayan Industrial Estate, NH No. 8, Village Baleshwar, Tal. Palsana, Surat",Company website,https://madhusudangroup.com/dyeing-printing-mills/,"Mid-large: fully integrated fabric + yarn dyeing + printing; U-Tube Jets, HT/HP machines, computerised colour matching",Integrated processing with computerised systems = strong IT/network fit
L0331,B,72,Madhusudan Weaves (Madhusudan Group),Textile Manufacturing,Weaving (rapier/waterjet),Surat,,,https://madhusudangroup.com/weaving/,ERP servers; shop-floor & billing PCs; multi-shed CCTV; networking + Wi-Fi; biometric attendance; AMC,State-of-the-art rapier/waterjet investment,Modern loom technology adoption,Owner/Director or Factory manager,Existence-verified (contact pending),"Madhusudan Group weaving division, Surat",Company website,https://madhusudangroup.com/weaving/,Mid-large weaver: rapier + waterjet loom technology,Woven fabric supplier; modern loom base
L0332,B,72,Paramount Looms Pvt Ltd,Textile Manufacturing,Textile machinery (weaving looms),Kim-Mandvi,,,https://www.paramountlooms.com/about-best-looms-manufacturer-in-surat/,ERP servers; CAD/design & billing PCs; large-area CCTV across machine-build plant; networking + Wi-Fi; biometric attendance; AMC,Leading loom manufacturer/exporter; broad machine range,High-performance loom production scale,Owner/Director or Admin manager,Existence-verified (contact pending),"Block No. 64, Plot No. B-1/B-2, Behind Bansidhar Cinema, Opp. Karanj Police Chowki, Kim-Mandvi, Surat 394530",Company website,https://www.paramountlooms.com/about-best-looms-manufacturer-in-surat/,"Mid-large: est. 2012; mfr of rapier, airjet, waterjet, jacquard, dobby looms",Major loom maker; large build-shop = strong CCTV/network/server need
L0333,B,72,Udhna Textile Weaving Mills,Textile Manufacturing,Weaving/Knitting (woven + knit fabric),Udhna,,,https://www.udhnatextiles.com/,ERP servers; shop-floor & billing PCs; large-area CCTV; networking + Wi-Fi; biometric attendance; AMC,Vertically integrated weave+knit+dye; bulk + customized,Integrated weave-knit-dye operations,Owner/Director or Admin manager,Existence-verified (contact pending),"Udhna, Surat, Gujarat",Company website,https://www.udhnatextiles.com/,"Mid-large: est. 1972; weaving, knitting, dyeing & finishing; vertically integrated",Long-established integrated mill; broad shop-floor IT/CCTV scope
L0334,B,72,Bombay Market,Textile Trade & Design,Textile market complex,Umarwada,,,,complex-wide networking + Wi-Fi; dense CCTV; bulk billing/POS desktops; AMC,High-volume dress-material trade,Renowned for ready-to-stitch dress materials,Market management / association office,Existence-verified (contact pending),"Bombay Market, Punagam Rd, Umarwada, Surat",Market directory,https://www.textileinfomedia.com/market/Bombay-Market,Large; ready-to-stitch dress materials,Dress-material hub; bulk billing demand
L0335,B,72,Clothbaba,Textile Trade & Design,Ladies readymade garment manufacturer,Surat,,,https://clothbaba.com/,bulk billing/POS desktops; CCTV; networking + Wi-Fi; textile-CAD workstation; server/NAS; AMC,Manufacturing scale; e-commerce push,Self-described No.1 ladies RMG manufacturer,Owner / Partner,Existence-verified (contact pending),"Surat, Gujarat",Company website,https://clothbaba.com/,Leading women's RMG manufacturer,"Kurtis, suits, gowns, co-ord sets, western wear"
L0336,B,72,Clothing Exporter,Textile Trade & Design,Garment exporter (kurti/saree/salwar),Surat,,,https://clothingexporter.com/,bulk billing/POS desktops; CCTV; networking + Wi-Fi; server/NAS; AMC,Export growth; bulk/wholesale orders,10+ years; export-focused operations,Owner / Partner,Existence-verified (contact pending),"Surat, Gujarat",Company website,https://clothingexporter.com/,10+ yrs; wholesale + export,"Wholesale kurtis, sarees, salwar kameez; export"
L0337,B,72,Pashupati Textile Market,Textile Trade & Design,Textile market complex,Moti Begumwadi / Ring Road,,,,complex-wide networking + Wi-Fi; dense CCTV; bulk billing/POS desktops; AMC,Older market - ripe for CCTV/network upgrade/refresh,One of oldest active markets in New Textile cluster,Market management / association office,Existence-verified (contact pending),"4034, Ring Road, Moti Begumwadi, New Textile Market, Surat 395003",Market directory,https://surattextilemarkets.com/pashupati-textile-market/,"Old, active market",Ageing infra = upgrade/AMC opportunity
L0338,B,72,Radha Krishna Textile Market,Textile Trade & Design,Textile market complex,Moti Begumwadi / Ring Road,,,,complex-wide networking + Wi-Fi; dense CCTV; bulk billing/POS desktops; AMC,Wholesale digitization,Established Ring Road wholesale market,Market management / association office,Contact found,"Radha Krishna Textile Market, Ring Road, Moti Begumwadi, Surat 395002",Business directory,https://www.bharatibiz.com/en/radha-krishna-textile-market-ring-road-098259-40069,Wholesale market,Listing phone 098259 40069 (bharatibiz)
L0339,B,72,Saree Studio,Textile Trade & Design,Designer saree manufacturer/exporter,Ring Road,,,,bulk billing/POS desktops; CCTV; networking + Wi-Fi; textile-CAD workstation; server/NAS; AMC,In-house design dept; export; growth,Dedicated designing/QC/warehousing departments,Owner / Partner,Existence-verified (contact pending),"Ring Road, Surat",B2B marketplace,https://www.indiamart.com/saree-studio-surat/about-us.html,Estd 2011/2013; designing dept w/ modern machinery,Has own designing department - CAD workstation candidate
L0340,B,72,Sunil Tex Fab Pvt. Ltd.,Textile Trade & Design,Dress material/fabric manufacturer-exporter,Surat,,,https://www.suniltexfab.com/,bulk billing/POS desktops; CCTV; networking + Wi-Fi; textile-CAD workstation; server/NAS; AMC,Export + wholesale; manufacturing,Manufacturer + wholesaler + exporter,Owner / Partner,Existence-verified (contact pending),"Surat, Gujarat",Company website,https://www.suniltexfab.com/dress-material-garment-fabric.html,Pvt Ltd; manufacturer/wholesaler/exporter,Dress material & garment fabric
L0341,B,71,Seros Logistics,BPO/Logistics/Print,Logistics/Transport,"Bhatpore GIDC / Hazira, Surat",,info@seros.in,https://www.seros.in/,office PCs; servers; networking + firewall; port/warehouse CCTV; handhelds; AMC,Shipping/energy/offshore/logistics diversification,20+ years; Hazira/ONGC-adjacent operations,IT Head / Operations Manager,Contact found,"Plot No. 6 & 7 Bhatpore GIDC, Opp ONGC Gate No.1, Ichchhapar Magdalla Road, Surat - 394510",JustDial / Company website,https://www.justdial.com/jdmart/Surat/Seros-Logistics-Surat/0261PX261-X261-220611210411-M8Y2_BZDET/catalogue,Mid-large (20+ yrs),Seros Shipping Pvt Ltd; email info@seros.in; Hazira/Bhatpore GIDC
L0342,B,71,"CFE-KOTA, Surat (PP Savani Centre for Excellence)",Education,Coaching/Test-prep,"Mota Varachha, Abrama",9978651005,,cfekota.com,computer-lab/test desktops; networking + Wi-Fi; CCTV; smart-class panels/projectors; AMC,Computer-based testing; growing batches,Expanding under PP Savani group,Centre Director / Admin / IT Head,Contact found,"PP Savani Centre for Excellence, Mota Varachha-Abrama Road, Abrama, Surat-394101",Official site,https://cfekota.com/center/iit-jee-neet-coaching-in-surat-gujarat/,Mid-large JEE/NEET coaching (100+ faculty),Test labs + AV; tie-up with PP Savani campus
L0343,B,71,Dhiren Shah & Co,Finance & Professional,CA / Audit firm,Vesu,+91 9825156780,dhirenshahco@gmail.com,https://www.dhirenshahandco.com/,multi-seat desktops/workstations; Tally/data server + NAS backup; firewall; CCTV; UPS; AMC,Forex/corporate law & finance advisory,Multi-city CA presence,Partner,Contact found,"702, SNS Platina, Near Someshwara Enclave, Vesu, Surat-395007",Company site,https://www.dhirenshahandco.com/,Founded 1998; 30+ yrs experience,"Audit, taxation, corporate law, forex, finance"
L0344,B,71,Dr Agarwals Eye Hospital (Adajan Road),Healthcare,Super-speciality eye hospital,Adajan Road,9594924026,,https://www.dragarwal.com/eye-hospital/adajan-road/,HIS/EMR servers; ophthalmic imaging workstations (OCT/fundus); reception/billing desktops; networking + Wi-Fi; CCTV; UPS; AMC,Multiple Surat branches; ophthalmic imaging fleet,Listed eye-care chain expanding Surat branches,Center Manager / Regional IT (central procurement),Contact found,"201 Pyramid Square, LP Savani Circle, Beside Hyundai Showroom, Adajan Road, Surat",Hospital chain website,https://www.dragarwal.com/eye-hospital/adajan-road/,National eye-care chain; multiple Surat units,Chain; multiple branches; ophthalmic imaging endpoints
L0345,B,71,Grow Solutions,IT & Software,Mobile apps / game dev / AI-ML,Surat,,,https://growsolutions.in/,High-spec workstations; GPU for AI/ML + game dev; rack server + NAS; firewall + switches + Wi-Fi; CCTV; AMC,9+ years; 1B+ downloads; reported Google AI Innovation Pioneer Award 2025,Award + AI/ML + game-dev workloads = strong compute demand,Founder/Director,Existence-verified (contact pending),"Surat, Gujarat",Company website + listicle,https://growsolutions.in/,Medium (9+ yrs; 1B+ app downloads),Phone/email not on source page; high compute-spend profile
L0346,B,71,La Net Team Software Solutions Pvt. Ltd.,IT & Software,Custom software / web / mobile / ERP,"Dumas Road, Surat",+91 6353 235 503,hr@lanetteam.com,https://www.lanetteam.com/,Developer workstations; rack server + NAS; firewall + managed switches + Wi-Fi; CCTV; AMC,Incorporated 2008; 700+ projects across 50+ countries,Established delivery team; refresh + recurring AMC potential,Founder/Director or HR/Admin (hr@ listed),Contact found,"406 Luxuria Business Hub, Near VR Mall, Dumas Road, Surat 395007",Company website (contact page),https://www.lanetteam.com/contact-us/,"Medium (700+ projects, 50+ countries; est. 2008)",Long-running custom-dev firm; solid infra + AMC fit
L0347,B,71,Nayan Studio,Media/Video/Photo,Wedding photography/videography & film making,Vesu,,,http://nayanstudio.com/,GPU editing workstations; cinematic 4K storage/NAS; color-grading; backup; AMC,Cinematic wedding films ~50k/day,31 yrs; 4.8 rating; film-making services,Owner/Founder (Hetal Gohil),Existence-verified (contact pending),"105, SNS Platina, University Road, Vesu, Surat 395007",IndiaMART / company site,https://www.indiamart.com/proddetail/wedding-cinematography-photography-service-20322374130.html,Est. 1994; 31 yrs,"Photography, videography, film making since 1994; Vesu; high ratings"
L0348,B,71,Globale Textile Market,Textile Trade & Design,Textile market complex,Umarwada / Bombay Market area,,,,complex-wide networking + Wi-Fi; dense CCTV; bulk billing/POS desktops; AMC,Wholesale digitization,Part of Umarwada/Bombay market cluster,Market management / association office,Existence-verified (contact pending),"Globale Textile Market, Bombay Market area, Umarwada, Surat 395010",Market directory,https://surattextilemarkets.com/globale-textile-market/,Large market,Umarwada belt; standard complex needs
L0349,B,70,Phi Designs,Architecture & CAD/Engineering,Commercial interior design,Surat,,,https://www.phidesigns.in/,GPU workstations for office/commercial 3D rendering at scale; dual monitors; NAS; backup; networking; AMC,100+ offices delivered; 2M+ sq ft designed,Scaling commercial office-design practice,Partner / Owner,Existence-verified (contact pending),"Surat, Gujarat",Company website,https://www.phidesigns.in/office-interior-designers-in-surat,Mid,Phone not visible on source; strong commercial volume
L0350,B,70,Polygon Design Studio,Architecture & CAD/Engineering,Architecture / Interior / Master planning,Adajan,9426807807,polygondesigns@gmail.com,https://pdsindia.net/,GPU workstations for architecture/interior + master-planning 3D rendering; dual monitors; NAS; backup; networking; AMC,Architecture + interior + master planning practice,Diversified into master planning,Principal Architect / Partner,Contact found,"502, Royal Trade Center, Near Cable-stayed Bridge, Hazira Road, Adajan, Surat 395009",Company website,https://www.pdsindia.net/contact.php,Mid,Master-planning work raises compute need
L0351,B,70,Amideep Honda (Two Wheeler),Automobile Dealership,Two-wheeler dealer (Honda),Varachha,8000445566,,https://www.amideephonda.com/,Billing desktops; showroom + workshop CCTV; networking + guest Wi-Fi; digital signage; AMC,Sales + service + spares facility,Established main dealer,Owner / Admin,Contact found,"Nr BPCL Petrol Pump, Simada Naka, Varachha Road, Surat 395006",Brand dealer site,https://www.amideephonda.com/,Authorized Honda 2W main dealer since 2012,Help desk 8000445566
L0352,B,70,Ganesh Hyundai,Automobile Dealership,Car dealer (Hyundai),Udhna,,,,DMS/billing desktops; showroom + workshop CCTV; networking + guest Wi-Fi; digital signage; AMC,Showroom + workshop on Udhna Sachin Road,Hyundai dealer in industrial belt,Dealer Principal / Admin,Existence-verified (contact pending),"Plot No. 189, Ghael Compound, Near BRC Temple, Udhna Sachin Main Road, Udhna, Surat 394210",Aggregator listing,https://www.cardekho.com/Hyundai/Surat/cardealers,"Authorized Hyundai dealer, Surat",Address from CarDekho Surat Hyundai dealer list
L0353,B,70,Tarun Motors,Automobile Dealership,Multi-brand car service & body shop,Surat,,,https://tarunmotors.com/,Billing/job-card desktops; workshop + lot CCTV; networking + Wi-Fi; digital signage; AMC,105-point inspection; pickup/drop fleet,Established multi-brand service growth,Owner / GM,Existence-verified (contact pending),Surat,Company website,https://tarunmotors.com/,"Multi-brand service center; 80,000+ cars serviced","3,000+ regular customers"
L0354,B,70,Amex Logistics,BPO/Logistics/Print,Logistics/Transport,Surat (Surat operations page),9990847170,Info@amexlogistics.in,https://amexlogistics.in/logistics-company-surat.html,office PCs; server; networking + firewall; warehouse CCTV; barcode/handhelds; AMC,Single-window multimodal expansion (road/air/sea/customs),Dedicated Surat operations page; multimodal services,Operations Manager,Contact found,,Company website,https://amexlogistics.in/logistics-company-surat.html,Mid-large,"Phone +91-9990847170/9990847120; email Info@amexlogistics.in; corp office Delhi, Surat ops page"
L0355,B,70,Printwell Offset,BPO/Logistics/Print,Printing/Packaging,"Udhna-Sachin, Surat",8758828177,,http://printwelloffset.in/,pre-press color workstations (Mac/PC); RIP server; large monitors; networking; CCTV; AMC,Full-range commercial printing + packaging boxes; latest infra,Established 2014; mainstream offset printer with modern infra,Owner / Purchase,Contact found,"E-82 to 85, Laxminarayan Industrial Estate (BRC), Opp Daxeshwar Mahadev BRTS, Udhna-Sachin Road, Udhna, Surat - 394210",Company website,http://printwelloffset.in/,SME-Mid (est. 2014),"Phones +91-8758828177/9724506360 Gimik Patel, 9662522754/8866889829 Avinash Patel"
L0356,B,70,Surat-Ahmedabad Transport,BPO/Logistics/Print,Logistics/Transport,"Puna Kumbharia Road, Surat",0261-2646990,satpvt_srt81@yahoo.in,http://www.suratahmedabadtransport.com/,office PCs; server; networking + firewall; godown CCTV; barcode/handhelds; AMC,Multi-branch surface transport; online tracking,20+ years; multi-branch network,Owner / Operations Manager,Contact found,"Opp. Sport Club, Puna Kumbharia Road, Surat, Gujarat",Company website,http://www.suratahmedabadtransport.com/contact.html,Mid-large (est. 1998),Phone (0261) 2646990/2643324; email satpvt_srt81@yahoo.in
L0357,B,70,FYNXT,Finance & Professional,Fintech,Surat,,,https://tracxn.com/d/explore/fintech-startups-in-surat-india,multi-seat desktops/workstations; servers + NAS backup; networking/firewall; CCTV; UPS; AMC,Recent funding; team growth; office build-out,$5M funding; highest among Surat fintech,Admin,Existence-verified (contact pending),,Startup directory,https://tracxn.com/d/explore/fintech-startups-in-surat-india/__2s5hTjsX_EUHdNkzuyxJc3BVnfQMbXfsqixnWbbwA2s/companies,Funded fintech startup ($5M raised),Top-funded Surat fintech per Tracxn
L0358,B,70,K M Gatecha & Co LLP,Finance & Professional,CA / Audit firm,Surat,+91 8000057972,info@kmgcollp.com,https://kmgcollp.com/ca-chartered-accountant-in-surat-gujarat/,multi-seat desktops; Tally/data server + NAS backup; firewall; CCTV; UPS; AMC,Digitization of bookkeeping/GST/ROC filing,Ahmedabad + Surat presence,Partner,Contact found,,Directory/Blog,https://www.thinkingbridge.in/blog/top-ca-firms-in-surat,"LLP, multi-service practice","Bookkeeping, audit, ROC, income tax, GST"
L0359,B,70,Surat District Panchayat (Jilla Panchayat),Government & PSU,District Administration / Panchayat,Surat,0261-2425751,dpeosurat1@gmail.com,http://www.suratdp.gujarat.gov.in/,bulk office desktops; networking + Wi-Fi; CCTV; servers; AMC (GeM/tender),Rural e-governance/digitization; office IT rollout,New Jilla Panchayat Bhavan; block office IT,DDO office / District Panchayat IT / Purchase (GeM/tender),Contact found,"District Development Office, Adarsh Society, Surat-395001",Official .nic.in,https://surat.nic.in/districtpanchayat/,Large rural admin; many block/village offices,Email/phone are Education Committee (DPEO); covers many talukas/blocks
L0360,B,70,Metropolis Healthcare (Surat),Healthcare,Pathology lab / diagnostics chain,Multiple (Surat),,,https://www.metropolisindia.com/labs/gujarat/surat,LIS servers + storage; networked collection-center desktops; billing desktops; multi-site networking; CCTV; UPS; AMC,Multi-center chain = networked LIS + endpoint fleet,National chain expanding local centers,Regional Lab Head / IT (central procurement),Existence-verified (contact pending),Multiple locations across Surat,National lab chain website,https://www.metropolisindia.com/labs/gujarat/surat,National NABL lab chain; multiple Surat centers,Likely central procurement; many endpoints
L0361,B,70,Velocity Multispeciality Hospital,Healthcare,Multispecialty hospital,Pal / Adajan,+91 7435081000,,https://velocityhospital.com/,HIS/EMR servers; imaging/lab workstations; billing/reception desktops; networking + Wi-Fi; CCTV; UPS; AMC,New-gen facility with full ICU/NICU/lab needs integrated IT,Recently established (Pal-Adajan growth corridor),Hospital Administrator / IT Manager / Owner-doctor,Contact found,"3rd Floor, Velocity Business Hub, Near Madhuvan Circle, LP Savani Road, Adajan, Surat 395009",Hospital website,https://velocityhospital.com/contact-velocity-hospital/,50 beds; 16+ doctors; ICU/NICU/OT/lab,Newer 50-bed; integrated IT/lab opportunity
L0362,B,70,Sai Ram Group,Hospitality & Real Estate,Real estate developer / Builder,Surat,+91-8141-998822,,https://www.thesairamgroup.com/about-us,Site CCTV; sales-gallery & office PCs; networking; server/NAS; AMC,Affordable homes pipeline,Volume residential delivery,Director / Purchase,Contact found,Surat,Builder official site,https://www.thesairamgroup.com/about-us,Affordable-housing focused developer,Phone listed on official site; affordable-housing builder
L0363,B,70,White Wings Group,Hospitality & Real Estate,Real estate developer / Builder,Surat,,,https://www.realestateindia.com/builders-developers-in-surat.htm,Site CCTV; sales-gallery & office PCs; networking; server/NAS; AMC,Prestigious projects pipeline,Decade+ track record,Director / Purchase,Existence-verified (contact pending),Surat,Real estate directory,https://www.realestateindia.com/builders-developers-in-surat.htm,Established (decade+),Known for innovative designs and modern amenities
L0364,B,70,Suvit (Suvit Fintech Pvt. Ltd. / Vyapar TaxOne),IT & Software,AI/SaaS for finance & accounting,"Lal Darwaja (Station Road), Surat",,,https://www.suvit.io/,Dev workstations; server + NAS; firewall + managed switches + Wi-Fi; CCTV; AMC,Founded 2021; raised ~$601K; acquired by Vyapar Nov 2025,Funding + acquisition by Vyapar = integration/expansion phase,Founder (Ankit Virani) or IT/Admin Head,Existence-verified (contact pending),"9th Floor, Infinity Tower, Lal Darwaja Station Road, Beside Ayurvedic College, Surat 395003",Company website (contact page) + Tracxn,https://www.suvit.io/contact-us,Small-Medium (funded; acquired 2025),Recent Vyapar acquisition may trigger office/infra changes; timely outreach
L0365,B,70,TechStaunch Software Solutions Pvt. Ltd.,IT & Software,AI / automation / software development,"Pal, Surat",+91 63529 94955,,https://techstaunch.com/,AI-grade developer workstations; GPU/server for AI; firewall + switches + Wi-Fi; CCTV; AMC,Founded 2020 by Riddhi Parekh; 40+ team; AI/automation focus,Young fast-growing firm (founded 2020) + AI focus = upgrade trajectory,Founder (Riddhi Parekh),Contact found,"302-304 Soham Arcade, B/H Madhav Atria, Gauravpath Road, Pal, Surat 395009",TechBehemoths profile + ContactOut,https://techbehemoths.com/company/techstaunch-solutions,Small-Medium (40+ professionals),Recent founding + AI niche = good growth-signal lead
L0366,B,70,WebOsmotic Pvt. Ltd.,IT & Software,Software development (AI/Fintech/Blockchain),"Bhatar Road, Surat",,,https://webosmotic.com/,Developer workstations; GPU box for AI/ML; rack server + NAS; firewall + switches + Wi-Fi; CCTV; AMC,"14+ years; focus on AI/ML, fintech, blockchain (compute-heavy)",AI/ML practice signals GPU workstation/server demand,Founder/Director or IT Head,Existence-verified (contact pending),"A 6 GF Someshwar Nagar, Opposite Joggers Park, Bhatar Road, Surat 395007",Company website (contact page),https://webosmotic.com/contact-us/,Medium (14+ yrs experience),AI/ML & fintech focus = high-spec compute; publishes Surat IT listicles
L0367,B,70,Gemone Diamonds,Lab-Grown Diamond,LGD manufacturer / wholesaler / exporter,Lal Darwaja (City Centre),+91 93755 20003,info@gemonediamond.com,https://www.gemonediamonds.in/,GPU workstations for planning/grading; rack server + NAS; CCTV + access control; managed switches + Wi-Fi; AMC,IGI-certified lab-grown diamonds + fine jewelry; wholesaler/distributor/exporter,Growing LGD + jewelry export business,Owner/Director,Contact found,A102 City Centre Lal Darwaja Surat 395003,Company website,https://www.gemonediamonds.in/contact-us.htm,Medium - IGI-certified LGD supplier/exporter + jewelry,Phone is WhatsApp; second email gemone.diamonds@gmail.com
L0368,B,70,Dhruvansh Photography,Media/Video/Photo,Wedding photography & cinematography,Surat,,,https://www.dhruvanshphotography.com/,GPU editing rigs; cinematic video storage/NAS; color-grading; backup; AMC,Destination wedding 4K cinematography,25+ yrs; in-house editing team; destination focus,Owner/Founder,Existence-verified (contact pending),"Surat, Gujarat",Company website,https://www.dhruvanshphotography.com/,25+ yrs; in-house editing team,Destination wedding photography & cinematography; in-house editing team
L0369,B,70,Royal Studio,Media/Video/Photo,Photography & videography studio,Gopipura,+91 94289 22951,myroyalstudio2017@gmail.com,https://royalstudio.co.in/,GPU editing workstations; video storage/NAS; color-grading; backup; AMC,Wedding films + corporate video coverage,"Since 2008; weddings, corporate, fashion shows",Owner/Founder,Contact found,"Gopipura, near Post Office, Surat",Company website,https://royalstudio.co.in/contact.html,Since 2008; established,"Weddings, receptions, corporate profiles, fashion shows, cinematography"
L0370,B,70,7Heven Supermarket (franchise) - Gujarat/Surat,Retail & Supermarket,Supermarket chain (franchise),"Gujarat (franchise model, Surat area)",,,https://7heven.com,bulk POS/billing desktops; loss-prevention CCTV; per-store networking + Wi-Fi; AMC,400+ outlets; active franchise expansion in Gujarat,Rapidly expanding supermarket franchise; new Gujarat stores,Franchise Owner / Purchase,Existence-verified (contact pending),Franchise outlets across Gujarat,Company website,https://7heven.com/franchise/,400+ outlets across 14+ states; franchise model,Franchise model = many independent owners (each a fit-out lead); confirm specific Surat outlets
L0371,B,70,Durian Furniture - Surat,Retail & Supermarket,Furniture & home retail,Dumas Rd,,,https://www.durian.in,bulk POS/billing desktops; loss-prevention CCTV; per-store networking + Wi-Fi; digital signage; AMC,First Surat store; 5th in Gujarat,National furniture brand expanding Gujarat/Surat,Store Manager / Purchase,Existence-verified (contact pending),Showroom 1 & 2 1st Floor Icon Business Center Besides Valentine Theatre Opp Central Mall Dumas Rd 395007,Official store,https://www.durian.in/store/furniture-store-in-surat,5431 sq.ft showroom; 5th Durian store in Gujarat,Large showroom format; recent Surat entry = fit-out opportunity
L0372,B,70,Reliance Fashion Factory - Surat,Retail & Supermarket,Branded apparel retail chain,Adajan/Hazira Rd,,,https://reliancefashionfactorystores.com,bulk POS/billing desktops; loss-prevention CCTV; per-store networking + Wi-Fi; digital signage; AMC,Discount fashion store operating Adajan,Reliance Retail discount format expanding,Purchase / Operations Manager,Existence-verified (contact pending),Royal Trade Center Hazira Rd Opp Star Bazaar Adajan Surat,Official store,https://location.reliancefashionfactorystores.com/fashion-factory-ff-surat-royal-trd-clothing-stores-adajan-surat-286952/Home,Multi-brand fashion discount chain (Reliance Retail),Large discount apparel store; high footfall = LP-CCTV + POS
L0373,B,70,Shreeji Super Store,Retail & Supermarket,Supermarket / Departmental store chain (local),Multiple incl. near Udhna,,,,bulk POS/billing desktops; loss-prevention CCTV; per-store networking + Wi-Fi; back-office server; AMC,Recently opened new outlet near Udhna,Local Surat chain actively opening new stores,Owner / Purchase,Existence-verified (contact pending),Shreeji Building Near Mahta Petrol Pump Surat; new outlet near Udhna,JustDial / Sulekha listing,https://www.justdial.com/Surat/Supermarkets/nct-10463784,Local multi-branch superstore chain,Local expanding superstore; decisions local (high relevance) - verify exact branch addresses
L0374,B,70,Surbhi Industries Ltd,Textile Manufacturing,Yarn / Weaving (twisted/filament yarn),Surat,,,https://www.indiamart.com/surbhi-industriesltd/aboutus.html,ERP servers; plant & billing PCs; large-area CCTV; networking + Wi-Fi; biometric attendance; AMC,Yarn + fabric + embroidery integration,Multi-product integrated operation,Owner/Director or Admin manager,Existence-verified (contact pending),"Surat, Gujarat (twisted polyester & filament yarns, fabrics)",IndiaMART,https://www.indiamart.com/surbhi-industriesltd/aboutus.html,Mid-large: twisted polyester/filament yarn + jacquard fabrics + embroidery (Surbhi Group),Surbhi Group yarn/fabric arm; integrated plant IT/CCTV scope
L0375,B,70,Pionex Fab,Textile Trade & Design,Digital-print saree manufacturer,Surat,,,https://pionexfab.com/,bulk billing/POS desktops; CCTV; networking + Wi-Fi; textile-CAD/print workstation; server/NAS; AMC,Digital printing tech adoption; modern production,Digital-print specialization = compute-heavy,Owner / Partner,Existence-verified (contact pending),"Surat, Gujarat",Company website,https://pionexfab.com/digital-print-saree,Digital-print saree manufacturer,Digital print = strong CAD/print-server workstation need
L0376,B,70,Rudraksh Graphics,Textile Trade & Design,Textile/saree CAD design studio,Udhna,+918069728221,,https://textilepages.com/rudraksh-graphics,textile-CAD design workstation; high-spec PCs; networking + Wi-Fi; NAS; CCTV; AMC,Design-services demand; digital print patterns,Specialist textile-design studio - CAD buyer,Owner / Partner,Contact found,"Udhana, Surat, Gujarat",B2B marketplace,https://www.indiamart.com/rudraksh-graphics-surat/,Textile design studio (saree/dress/kaftan),Phone +918069728221; designs for saree/dress/kaftan/allover - core CAD workstation lead
L0377,B,69,Chaitry Offset,BPO/Logistics/Print,Printing/Packaging,"Khatodara / Ring Road, Surat",,,https://www.chaitry.com/,pre-press color workstations; RIP server; large monitors; networking; CCTV; AMC,Sweet/confectionery box printing for national clients,Operating since 1994; supplies prominent sweetmeat makers in India & abroad,Owner / Purchase,Existence-verified (contact pending),"Shed No.6, Survey 38/4, Khatodara, Ring Road, Surat - 395002 (opp Ganesh Dyeing Mill, behind Subjail)",Company website,https://www.chaitry.com/,Mid (est. 1994),M/S Chaitry Offset (I); sweet box printing & packaging specialist
L0378,B,69,Satva Hospital,Healthcare,Multispecialty / trauma hospital,Vesu,+91 7434941000,admin@satvahospital.com,https://satvahospital.com/,HIS/EMR servers; imaging/lab workstations; billing desktops; networking + Wi-Fi; CCTV; UPS; AMC,Trauma + multispecialty in fast-growing Vesu belt,Vesu growth corridor; trauma services,Hospital Administrator / IT Manager,Contact found,"Near Surya Green View, GD Goenka Canal Road, Vesu, Surat 395007",Hospital website,https://www.satvahospital.com/Contact-Us/,Multispecialty + trauma center,Vesu corridor; trauma imaging need
L0379,B,69,EasyCloud Consultants Pvt. Ltd.,IT & Software,Cloud / SaaS consulting & development,"Godadara, Surat",,,https://easycloudconsultants.com/,Dev workstations; rack server + NAS; firewall + managed switches + Wi-Fi; CCTV; AMC,Revenue grew $1.5M (2023) to $2.7M (2024),~80% YoY revenue growth = expansion/hiring signal,Founder/Director or IT Head,Existence-verified (contact pending),"242, Capital Square, Parvat Gam, Shakti Nagar, Godadara Road, Godadara, Surat 395010",JustDial listing + RocketReach,https://www.justdial.com/Surat/Easycloud-Consultants-Pvt-Ltd-Godadara/0261PX261-X261-190516161313-J7H3_BZDET,Small-Medium (revenue $2.7M in 2024),Strong revenue-growth signal; confirm contact before outreach
L0380,B,69,Logicwind (Logicwind Technologies LLP),IT & Software,Custom software / AI / IT staff augmentation,"Vesu/Piplod, Surat",,,https://www.logicwind.com/,Developer workstations; rack server + NAS; firewall + managed switches + Wi-Fi; CCTV; AMC,"Founded 2010; custom software, MVPs, AI models, staff augmentation",Two Surat offices (Vesu + Piplod); AI + augmentation growth,Founder/Director or IT Head,Existence-verified (contact pending),"703, SNS Business Park, University Rd, Vesu, Surat 395007 (also Altair, Piplod)",JustDial listing + D&B + company site,https://www.justdial.com/Surat/Logicwind/0261PX261-X261-221202020557-H3A4_BZDET,Medium (since 2010),Multi-office in Surat; AI + staff-aug implies steady PC additions
L0381,B,69,Krishna Diamonds,Lab-Grown Diamond,CVD diamond manufacturer / supplier,Katargam,+91 99243 83347,krishnadiamond77@gmail.com,https://www.krishnadiamonds.co.in/,GPU workstations for planning/grading; rack server + NAS; multi-camera CCTV + access control; managed switches + Wi-Fi; AMC,Expanded into LGD in 2020; CVD manufacturer/supplier/exporter from Surat,Recent LGD diversification (2020); growth-stage CVD line,Owner/Director,Contact found,A-202 Labh Shubha Apartment Katargam Surat 395004,Company website,https://www.krishnadiamonds.co.in/,"Medium - proprietorship est 1997, LGD since 2020",Diversified from natural to CVD lab-grown in 2020
L0382,B,68,Joban Desai & Associates,Architecture & CAD/Engineering,Architecture / Structural consultancy,Ghod Dod Road,,,https://gharpedia.com/nearby-professional/joban-desai-asso/,GPU workstations for architecture + structural CAD/rendering; dual monitors; NAS/server; backup; networking; AMC,Est. 1984; one of South Gujarat's leading/reputed firms,"Long-established, reputed firm",Principal / Partner,Existence-verified (contact pending),"Bhadani Chamber, Opp. Bank of Maharashtra, Ghod Dod Rd., Surat",GharPedia profile,https://gharpedia.com/nearby-professional/joban-desai-asso/,Mid,Phone not visible on source
L0383,B,68,Studio 17,Architecture & CAD/Engineering,Architecture / Interior firm,Bhatar / Althan,8866830839,info@studio17.in,https://www.studio17.in/,GPU workstations for architecture/interior rendering; dual monitors; NAS; backup; networking; AMC,Co-founded 2017 by Mayur Mangukiya & Ankit Sojitra; project publicity,Young growing practice,Principal Architect / Partner,Contact found,"B113 Bhatar Trade Center, Bhatar Althan, Surat, Gujarat",Company website,https://www.studio17.in/,Small-mid,Architecture & interior design
L0384,B,68,Munjani Motors (Royal Enfield),Automobile Dealership,Two-wheeler dealer (Royal Enfield),Vesu,9619390511,,https://dealers.royalenfield.com/,Billing desktops; showroom + workshop CCTV; networking + guest Wi-Fi; digital signage; AMC,Showroom + service in growth corridor,RE dealer; Munjani group also Toyota-linked,Owner / Admin,Contact found,"Vesu, Surat",Brand dealer site,https://dealers.royalenfield.com/gujarat/surat/vesu-munjani-motors-pvt-ltd-9110069030,"Authorized Royal Enfield dealer, Vesu",RE dealer locator listing
L0385,B,68,Navjivan Honda (Two Wheeler),Automobile Dealership,Two-wheeler dealer (Honda),Udhna,7359501000,,,Billing desktops; showroom + workshop CCTV; networking + guest Wi-Fi; digital signage; AMC,Multiple Honda 2W outlets,Multi-branch Honda 2W dealer,Owner / Admin,Contact found,"Udhna Bhestan Road, Surat 394210",Aggregator listing,https://www.zigwheels.com/bikes/dealers/honda/Surat,"Authorized Honda 2W dealer, multiple locations",Phone from ZigWheels Honda Surat listing
L0386,B,68,Anand Sarees,BPO/Logistics/Print,E-commerce/D2C,"Ring Road, Surat",,,https://anandstore.in/,office/design PCs; e-comm/ERP server; networking + firewall; CCTV; barcode/handhelds; AMC,Early online saree seller (Amazon/Flipkart + own site),Brand of J R Dyeing & Printing Mills; online since 2015,Owner / IT Head,Existence-verified (contact pending),"Shop Z-1201, Surat Textile Market, Ring Road, Surat - 395002",Company website,https://anandstore.in/,Mid (est. 1985),Saree manufacturer + online store (anandstore.in); Surat Textile Market
L0387,B,68,JN Logistics,BPO/Logistics/Print,Logistics/Warehousing,"South Gujarat (Vapi/Valsad, serves Surat)",,jnslogistics15@gmail.com,https://www.jnslogistics.in/,office PCs; server; networking + firewall; warehouse CCTV; barcode/handhelds; AMC,eCommerce fulfillment + warehousing growth across South Gujarat,25 yrs; integrated supply chain incl eCommerce fulfillment,Operations Manager / IT Head,Contact found,"Plot 19 & 20, Survey 333/1, Village Dungra, Taluka Vapi, Dist Valsad - 396191",Company website,https://www.jnslogistics.in/,Mid-large (25 yrs),"Email jnslogistics15@gmail.com; South Gujarat 3PL/4PL, warehousing, eCommerce fulfillment"
L0388,B,68,Patel Roadways,BPO/Logistics/Print,Logistics/Transport,"Udhna, Surat",,,,office PCs; server; networking + firewall; godown CCTV; barcode/handhelds; AMC,FTL national network; 200+ delivery stations,Established 1985; large multi-station network,Operations Manager,Existence-verified (contact pending),"Plot No. A/15, Road No.9, Sardar Patel Road, Udyognagar, Udhna, Surat - 394210 (opp Hindustan Fashion)",Sulekha,https://www.sulekha.com/patel-roadways-udhana-surat-contact-address,"Mid-large (est. 1985, 200+ stations)","FTL transport (3-16 MT + trailers), 200+ stations countrywide; Udhna Surat branch"
L0389,B,68,M.T.B. Arts College,Education,Arts College,Athwalines,0261-2240025,,mtbarts.ac.in,computer-lab desktops; networking + Wi-Fi; CCTV; AMC,Computer/language labs; NAAC upgrades,Part of large SES campus,Principal / IT Head,Existence-verified (contact pending),"MTB College Campus, Athwalines, Surat-395001",Official site,https://www.mtbarts.ac.in/,Large arts college (Sarvajanik Education Society),Arts college with computer labs; SES group campus
L0390,B,68,"Simba Institute, Surat",Education,Computer/IT Training Institute,"Sarthana, Varachha Road",+91-8200533835,contact.simbainstitute@gmail.com,simbainstitute.in,computer-lab desktops (bulk); networking + Wi-Fi; CCTV; AMC,Full-stack/UI-UX/digital-marketing labs; refresh cycles,Growing institute,Director / IT Head,Contact found,"406, MBH-1, Sarthana Jakatnaka, Surat-395006",Official site,https://simbainstitute.in/,Mid-size IT-training institute,Coding labs = desktop demand
L0391,B,68,"Agricultural Produce Market Committee (APMC), Surat",Government & PSU,Cooperative / Market Yard,Surat,,,http://surat.apmc.org.in/,market-yard CCTV + surveillance; bulk desktops; networking + Wi-Fi; weighbridge IT; AMC,Market digitization / e-NAM; new market-yard blocks,Surveillance + access control across yards,Secretary / Market admin / Purchase (tender/GeM),Existence-verified (contact pending),"Sardar Vegetable Market, Puna Kumbhariya Road, Dumbhal, Surat-395001",Official apmc.org.in,http://surat.m.apmc.org.in/,Large market yard; biggest fruit market in Gujarat,"Multiple yard locations (Sahara Darwaja, Nizar, Dumbhal); established 1951"
L0392,B,68,"Regional Transport Office (RTO), Surat (GJ-05)",Government & PSU,State Govt / Transport,"Nanpura, Surat",0261-2464902,,https://cot.gujarat.gov.in/,bulk office desktops; CCTV + access control; servers (Vahan/Sarathi); networking + Wi-Fi; AMC (GeM),e-services / Vahan-Sarathi digitization; queue + camera systems,New Pal RTO facility; rural RTO (GJ-28),RTO admin / Commissionerate of Transport purchase (GeM/tender),Contact found,"Ring Road, Nanpura, Surat-395001",Official .gov.in,https://cot.gujarat.gov.in/contact-us.htm,Large RTO; high footfall office,Also Surat Rural (GJ-28) and Pal Hazira Road RTO; transport commissionerate portal
L0393,B,68,Dr Lal PathLabs (Bhatar Road),Healthcare,Pathology lab / diagnostics chain,Bhatar Road,+918071371254,,https://labs.lalpathlabs.com/location/gujarat/surat,LIS servers + storage; networked collection-center desktops; billing desktops; multi-site networking; CCTV; UPS; AMC,Multiple service centers = networked endpoints + LIS,National chain growing Surat presence,Regional Lab Head / IT (central procurement),Contact found,"U/17 Abhinandan Royale Complex, Opp Rajhans Olympia, Bhatar Road, Surat",National lab chain website,https://labs.lalpathlabs.com/dr-lal-pathlabs-patient-service-centre-diagnostic-centre-bhatar-road-surat-343067/Home,National NABL chain; multiple Surat service centers,National chain; central procurement likely
L0394,B,68,Eye Q Super Speciality Eye Hospital (Udhana),Healthcare,Super-speciality eye hospital,Udhna,02612273777,,https://www.eyeqindia.com/hospital/surat-udhna/,HIS/EMR servers; ophthalmic imaging workstations; reception/billing desktops; networking + Wi-Fi; CCTV; UPS; AMC,18-yr chain; multi-branch ophthalmic imaging,Chain expansion across Surat,Center Manager / Regional IT,Contact found,"2nd Floor SNS House, Udhana Teen Rasta, Opp Silicon Shoppers, Udhana Main Road, Surat 394210",Hospital chain website,https://www.eyeqindia.com/hospital/surat-udhna/,National eye-care chain; multiple Surat units,Chain; networked branches
L0395,B,68,Jiomax Multi Super Speciality Hospital,Healthcare,Multi super-speciality hospital,Althan / City Light,9510976619,,https://www.justdial.com/Surat/Jiomax-Hospital-Near-Btrs-Citylight-Road/0261PX261-X261-210616173309-Z2C3_BZDET,HIS/EMR servers; ortho/trauma imaging workstations; billing desktops; networking + Wi-Fi; CCTV; UPS; AMC,Ayushman empanelment drives digital claims + HIS,Ayushman-empaneled; ortho/trauma focus,Hospital Administrator / IT Manager,Contact found,"1-2-3 Rajvansh Society, New City Light Road, Althan, Surat",Directory / Ayushman empanelment,https://ayushmancardhospitals.com/jiomax-multi-super-speciality-hospital-surat-gujarat/,"Multi super-speciality (ortho, polytrauma, joint replacement)",Ayushman-empaneled = HIS/claims IT need
L0396,B,68,Mahavir Hospital (Shree Mahavir Health Campus),Healthcare,Multispecialty hospital,Nanpura,0261-2471770,,https://www.mahavirhospital.com/,HIS/EMR servers; imaging/lab workstations; billing desktops; networking + Wi-Fi; CCTV; UPS; AMC,Large health campus shared services + imaging,Part of Mahavir health campus; broad services,Hospital Administrator / IT Manager,Contact found,"Shree Mahavir Health Campus, Ring Road, Nanpura, Surat 395001",Hospital website,https://www.mahavirhospital.com/,"General surgery, ENT, OBG, ortho; campus hospital",Campus-scale; shared imaging/HIS opportunity
L0397,B,68,DR World Shopping Mall,Hospitality & Real Estate,Shopping mall / Multiplex,Surat,,,https://www.holidify.com/pages/malls-in-surat-1878.html,Mall management PCs; visitor Wi-Fi + networking; CCTV/access control; AMC,Mall with INOX multiplex,Entertainment + retail,Admin / Mall IT Manager,Existence-verified (contact pending),Surat,Travel guide,https://www.holidify.com/pages/malls-in-surat-1878.html,Large mall with INOX multiplex,"National + international brands, INOX"
L0398,B,68,Harshraj Club & Resort,Hospitality & Real Estate,Resort / Club,Kamrej / Navi Pardi,,,https://www.agoda.com/en-in/harshraj-club-and-resort/hotel/surat-in.html,Front-desk/back-office PCs; guest Wi-Fi + networking; CCTV; banquet AV; AMC,Club/resort with events + playground,Wedding/MICE venue,Owner / Admin,Existence-verified (contact pending),"Near At-Po Navi Pardi, Kamrej, Surat",JustDial listing,https://www.justdial.com/Surat/Harshraj-Club-Resort-Near-At-Po-Navi-Pardi-Kamrej/0261PX261-X261-170728202011-F3H5_BZDET,Resort + club with banquet/garden,"Resort with fitness centre, garden, restaurant; event business"
L0399,B,68,Marvella Mall,Hospitality & Real Estate,Shopping mall,Pal-Adajan,,,https://www.holidify.com/pages/malls-in-surat-1878.html,Mall management PCs; visitor Wi-Fi + networking; CCTV/access control; AMC,First AC mall in Pal-Adajan,Growing Pal-Adajan retail belt,Admin / Mall IT Manager,Existence-verified (contact pending),"Pal-Adajan, Surat",Travel guide,https://www.holidify.com/pages/malls-in-surat-1878.html,River-facing AC mall,Only river-facing mall in Surat
L0400,B,68,Sayaji Hotels (Surat presence),Hospitality & Real Estate,Hotel chain,Surat,,,https://sayajihotels.com/,PMS server; front-desk/back-office PCs; guest Wi-Fi + networking; CCTV; banquet AV; AMC,Premium brand with event venues,Chain expansion in Gujarat,GM / IT Manager,Existence-verified (contact pending),Surat,Hotel chain site,https://sayajihotels.com/,Premium hotel/resort + banquet brand,Premium Indian hotel brand; verify specific Surat property
L0401,B,68,Vraj Group,Hospitality & Real Estate,Real estate developer / Builder,Mota Varachha,,,https://housivity.com/company-profile/vraj-group-in-mota-varachha-surat-sid-66e41db72764bf12770e6e28,Site CCTV; sales-gallery & office PCs; networking; server/NAS; AMC,Quality residential + commercial projects,Active in Mota Varachha,Director / Purchase,Existence-verified (contact pending),"Mota Varachha, Surat",Real estate portal,https://housivity.com/company-profile/vraj-group-in-mota-varachha-surat-sid-66e41db72764bf12770e6e28,Residential + commercial developer,Reputed Surat developer in Mota Varachha
L0402,B,68,Crest Infosystems Pvt. Ltd.,IT & Software,SaaS / ERP / CRM / cloud apps,"Adajan, Surat",,,https://www.crestinfosystems.com/,Developer workstations; rack server + NAS for SaaS/ERP dev; firewall + managed switches + Wi-Fi; CCTV; AMC,Builds SaaS/ERP/CRM platforms; multiple Adajan office listings,SaaS/ERP focus implies server + backup infra needs,Director or IT Head,Existence-verified (contact pending),"#411-414, Wood Square, Opp. TGB Restaurant, L. P. Savani Road, Adajan, Surat 395009",Company website (contact page),https://www.crestinfosystems.com/contact-us/,Medium,Phone not seen on source; SaaS/ERP build infra is a strong angle
L0403,B,68,Mahika Gems,Jewellery,Diamond trader/wholesaler,Surat,,,https://www.mahikagems.com/,high-density CCTV + access control (critical); CAD workstations; networking + Wi-Fi; servers/NAS; AMC,Diamond rings + natural diamond wholesale,Wholesale/distribution growth,Owner/Director,Existence-verified (contact pending),"Surat, Gujarat",company_website,https://www.mahikagems.com/,Medium (trader/wholesaler/distributor),
L0404,B,68,Caratline Diamond,Lab-Grown Diamond,CVD diamond manufacturer / wholesaler,Varachha,,,https://caratlinediamond.in/,GPU workstations for planning/grading; rack server + NAS; CCTV + access control; managed switches + Wi-Fi; AMC,Positions as largest high-quality CVD LGD wholesaler/supplier/exporter in India,Scaling CVD wholesale/export; sector growth,Owner/Director,Existence-verified (contact pending),Shop No 78 1st Floor Mahatma Industrial Society Varachha Road Surat 395006,Company website,https://caratlinediamond.in/,Medium - large high-quality CVD wholesaler/exporter,Inquiry-form only; phone/email not visible
L0405,B,68,N H Sales,Lab-Grown Diamond,CVD & HPHT diamond manufacturer,Nana Varachha,+91 84600 28403,,https://www.nhdiam.com/,GPU workstations for planning/grading; rack server + NAS; multi-camera CCTV + access control; managed switches + Wi-Fi; AMC,Long-standing diamond firm (1997) now manufacturing CVD/HPHT + melee; owner Naimishkumar Lukhi,Diversified into LGD CVD/HPHT manufacturing; melee scale,Owner (Naimishkumar Lukhi),Contact found,Plot No 18 Vandana Soc 2 Nana Varachha Varachha Road Surat 395006,Company website,https://www.nhdiam.com/,"Medium - est 1997, HPHT/CVD/melee manufacturer",Email not visible on source
L0406,B,68,Clickzy Photography & Videography,Media/Video/Photo,Wedding photography & videography,Varachha Road,,,https://www.clickzyphoto.com/,GPU editing rigs; video storage/NAS; color-grading; backup; AMC,Wedding/event 4K video volume,Since 1999; 20+ yrs experience,Owner/Founder,Existence-verified (contact pending),"54, First Floor, Near Harirambapa Nagar, Opp New Saktivijay Society, Varachha Main Rd, Surat 395006",Company website,https://www.clickzyphoto.com/about,Est. 1999; 2+ decades,"Wedding, pre-wedding, engagement, events; established 1999; Varachha"
L0407,B,68,Empty Mind Entertainment,Media/Video/Photo,Film/ad production,Amroli,+91 7942560620,emptymindentertainment@gmail.com,https://www.youtube.com/c/EmptyMindEntertainment1,GPU editing rigs; fast storage for documentary/ad footage; backup; AMC,Documentary & ad-film shoots at 4K,Active since 2016; YouTube channel + commercial work,Owner/Founder (Ankit Kabariya),Contact found,"211 Second Floor Laksh Plaza, Surat - 394107",IndiaMART listing,https://www.indiamart.com/empty-mind-entertainment/,Est. 2016; SME,"Video shoot, production & advertising services; contact person Ankit Kabariya"
L0408,B,68,Bata - Surat,Retail & Supermarket,Branded footwear retail chain,"Citylight/Athwa, Lal Gate, LP Savani Rd, Varachha Rd",,,https://www.bata.com,bulk POS/billing desktops; loss-prevention CCTV; per-store networking + Wi-Fi; AMC,Multiple Bata stores across Surat,National footwear chain - steady store network,Purchase / Store Manager,Existence-verified (contact pending),G-2a Unity Corner Citylight Main Rd Athwa 395007 Near ICICI Bank; Rajmahal Rd Lal Gate 395003,Official store locator + JustDial,https://www.bata.com/in/storesfind,National footwear chain; 4+ Surat stores,Per-store POS + CCTV; procurement likely central but multi-store presence
L0409,B,68,Wellness Forever - Surat,Retail & Supermarket,Pharmacy / medical-store chain,Surat (expanding),,,https://www.wellnessforever.com,bulk POS/billing desktops; loss-prevention CCTV; per-store networking + Wi-Fi; AMC,Mission to expand chain by 2026,Fast-growing pharmacy/wellness retail chain,Purchase / Regional IT,Existence-verified (contact pending),Surat (pharmacy & wellness stores),Company website,https://www.wellnessforever.com/,National pharmacy/wellness chain expanding,Confirm Surat presence/store count; pharmacy POS + LP-CCTV + AMC
L0410,B,68,Akash Dyeing & Printing Mills Pvt Ltd,Textile Manufacturing,Dyeing & Printing (processing house),Pandesara,,,https://www.justdial.com/jdmart/Surat/Akash-Dyeing-Printing-Mills-PVT-LTD-Pandesara/0261PX261-X261-121103160515-S9W5_BZDET/catalogue,ERP/Tally servers; billing & design PCs; large-area CCTV; networking + Wi-Fi; biometric attendance; AMC,Operating processing house in Pandesara cluster,Processing capacity in GIDC,Owner/Director or Admin manager,Existence-verified (contact pending),"Pandesara, Surat 394221",JustDial,https://www.justdial.com/jdmart/Surat/Akash-Dyeing-Printing-Mills-PVT-LTD-Pandesara/0261PX261-X261-121103160515-S9W5_BZDET/catalogue,"Mid: dyeing & printing mill, Pandesara cluster",Listed textile mill in Pandesara; processing-house IT/CCTV scope
L0411,B,68,Jayram Textiles,Textile Manufacturing,Weaving (Lycra/uniform fabric),Surat,,,https://www.jayramtextile.com/,ERP servers; shop-floor & billing PCs; large-area CCTV; networking + Wi-Fi; biometric attendance; AMC,Established weaver; Lycra + uniform fabric lines,Long-running multi-product weaving,Owner/Director or Admin manager,Existence-verified (contact pending),"Surat, Gujarat",Company website,https://www.jayramtextile.com/,Mid-large: est. 1984; Lycra fabric + school uniform fabric manufacturer,Established fabric weaver; shop-floor IT/CCTV scope
L0412,B,68,Oriental Dyeing & Printing Mill Pvt Ltd,Textile Manufacturing,Dyeing & Printing (processing house),Pandesara,,,https://www.justdial.com/Surat/Oriental-Dyeing-Printing-Mill-Pvt-Ltd-Pandesara/0261PX261-X261-110304115331-M8K1_BZDET,ERP/Tally servers; billing & design PCs; large-area CCTV; networking + Wi-Fi; biometric attendance; AMC,Operating processing house in GIDC Pandesara,Multi-plot processing facility,Owner/Director or Admin manager,Existence-verified (contact pending),"Plot No 574-576, GIDC Industrial Estate, Dr Ambedkar Road, Pandesara, Surat 394221",JustDial,https://www.justdial.com/Surat/Oriental-Dyeing-Printing-Mill-Pvt-Ltd-Pandesara/0261PX261-X261-110304115331-M8K1_BZDET,"Mid: dyeing & printing mill, large Pandesara plot",Large multi-plot footprint = strong CCTV/network opportunity
L0413,B,68,Premier Looms Mftrs Pvt Ltd,Textile Manufacturing,Textile machinery (weaving looms),Surat,,,https://www.premierloom.net/,ERP servers; CAD/design & billing PCs; large-area CCTV; networking + Wi-Fi; biometric attendance; AMC,Weaving + spinning machinery export leader,State-of-the-art manufacturing plant,Owner/Director or Admin manager,Existence-verified (contact pending),Surat (state-of-the-art loom manufacturing unit),Company website,https://www.premierloom.net/,"Mid-large: mfr/exporter of rapier looms, rapier dobby, spinning machinery",Loom/spinning machinery maker; design + shop-floor IT/CCTV scope
L0414,B,68,Saanika Industries Pvt Ltd,Textile Manufacturing,Yarn / Texturising (DTY/ATY),Surat,,,https://saanikaindustries.com/,ERP servers; plant & billing PCs; CCTV; networking + Wi-Fi; biometric attendance; AMC,Diversified into knitted fabric + texturising,Yarn + knitting integration,Owner/Director or Admin manager,Existence-verified (contact pending),"Surat, Gujarat (Polyester DTY, ATY, knitted fabric)",Company website,https://saanikaindustries.com/,"Mid: DTY, ATY + knitted fabric manufacturer/exporter",Texturising + knitting; plant CCTV/network opportunity
L0415,B,68,Shailja Polyesters Pvt Ltd,Textile Manufacturing,Yarn / Texturising,Surat,,,https://www.shailjapolyesters.com/,ERP servers; plant & billing PCs; CCTV; networking + Wi-Fi; biometric attendance; AMC,Export-quality yarn; texturising capacity,Export-focused yarn production,Owner/Director or Admin manager,Existence-verified (contact pending),"Surat, Gujarat (yarn texturising unit)",Company website,https://www.shailjapolyesters.com/,"Mid: textile yarn manufacturer/exporter, texturising",Yarn texturising; plant-floor IT and surveillance need
L0416,B,68,Sareez House,Textile Trade & Design,Designer saree manufacturer/wholesaler,Ring Road,,,,bulk billing/POS desktops; CCTV; networking + Wi-Fi; textile-CAD workstation; AMC,Bridal/Bollywood-replica range; export,Designer/bridal range; domestic + intl,Owner / Partner,Existence-verified (contact pending),"Ring Road, Surat",B2B marketplace,https://www.indiamart.com/sareez-house/aboutus.html,Manufacturer + wholesaler; ladies wear,"Designer sarees, bridal, lehengas, suits"
L0417,B,67,Stockarea,BPO/Logistics/Print,Logistics/Warehousing,Surat,9873144145,hello@stockarea.io,https://stockarea.io/warehouse-services-in-surat,office PCs; WMS servers; networking + firewall; warehouse CCTV; barcode/handhelds/scanners; AMC,On-demand warehousing + eCommerce fulfillment in Surat,"Tech-driven digital warehousing, real-time tracking",Operations Manager / IT Head,Contact found,,Company website,https://stockarea.io/warehouse-services-in-surat,Mid (tech 3PL),Phone +91-9873144145; email hello@stockarea.io; Surat warehousing/3PL page
L0418,B,67,SK Diam,Lab-Grown Diamond,CVD diamond manufacturer / exporter,Varachha (Mini Bazar),+91 80458 02722,,https://www.skdiam.co.in/,GPU workstations for planning/grading; rack server + NAS; multi-camera CCTV + access control; managed switches + Wi-Fi; AMC,Long-established (1985) now CVD/synthetic manufacturer + exporter; owner Dholariya Nareshbhai,Diversified into CVD/lab-grown; export expansion,Owner (Dholariya Nareshbhai),Contact found,1st Floor Sy No 19/a Plot No 30+31 Mohan Nagar Varachha Road Near Mini Bazar Surat 395006,Company website,https://www.skdiam.co.in/,"Medium - est 1985, loose + synthetic/CVD diamond manufacturer",Multiple domains skdiam.co.in/.net/.com; email not visible
L0419,B,67,Canonboy Productions,Media/Video/Photo,Wedding photography & cinematography,Vesu / VIP Road,,,https://www.instagram.com/canonboyproductions/,GPU editing rigs; cinematic video storage/NAS; color-grading; backup; AMC,Cinematic wedding video volume,Since 2016; 26K IG followers; pan-India coverage,Owner/Founder (Mohit Chopra),Existence-verified (contact pending),"Sai Ashish Society II, 27/28, near Chandni Chowk Complex, Piplod, Surat 395007",WedMeGood / Instagram,https://www.wedmegood.com/profile/Canonboy-Productions-58947,Since 2016; SME; 26K IG followers,Headed by Mohit Chopra; candid + cinematic; VIP Road/Piplod; strong social presence
L0420,B,67,K.S Films,Media/Video/Photo,Film/ad production house,Surat,,,,GPU editing + VFX workstations; render farm storage; NAS; color-correction monitor; sound; AMC,In-house VFX/post pipeline expansion,"Full pre-to-post incl. VFX, color, sound mixing in-house",Owner/Founder,Existence-verified (contact pending),"Surat, Gujarat",Business directory,https://adbizdirectory.com/business/ksfilms-production-house,SME; in-house post team,"Films, drama, ad commercials, serials; in-house VFX/edit/color/sound"
L0421,B,66,Design Synthesis,Architecture & CAD/Engineering,Architecture / Interior / Landscape,Surat,,,https://www.designsynthesis.in/,GPU workstations for architecture/interior/landscape rendering; dual monitors; NAS; backup; networking; AMC,"Multidisciplinary: architecture, interior, landscape across many sectors (healthcare, hospitality, sports)",Broad multi-sector portfolio,Principal Architect / Partner,Existence-verified (contact pending),"Surat, Gujarat (Opp. Jolly Party Plot area)",Company website,https://www.designsynthesis.in/,Mid,Address partial; contact not visible on source
L0422,B,66,The Brick Tales,Architecture & CAD/Engineering,Architecture firm,Surat,9426101122,thebricktales@outlook.com,https://www.buildofy.com/architects-interior-design-firms-india/the-brick-tales-surat,GPU workstations for 3D rendering/visualisation; large monitors; NAS; backup; networking; AMC,Founded 2017 by Ar. Rini Singhvi; design-award publicity (ArchDaily),Young design-led studio; rising profile,Principal Architect / Owner,Contact found,"Surat, Gujarat",Buildofy profile,https://www.buildofy.com/architects-interior-design-firms-india/the-brick-tales-surat,Small,Design-oriented architecture & interiors; no street address captured
L0423,B,66,The Interior Workshop,Architecture & CAD/Engineering,Interior design studio,Vesu,9879453181,theinteriorworkshop.surat@gmail.com,http://www.theinteriorworkshop.com,GPU workstations for interior 3D visualisation; dual monitors; NAS; backup; networking; AMC,Est. 2011 by Ar. Tejas Mistry; commercial + residential projects,Established Vesu studio,Principal Designer / Owner,Contact found,"302/303 Gokul Solitaire, Opp Nandanvan 2, Near Sun Arcade, Vesu, Surat 395007",Infoline listing,https://www.infoline.com/the-interior-workshop,Small-mid,Commercial & residential interiors
L0424,B,66,"Dhru Motors (Maruti Suzuki True Value, City Light)",Automobile Dealership,Used car dealer (Maruti True Value),City Light,,,https://www.truevalueofcitylight.com/,Billing/inventory desktops; lot + showroom CCTV; networking; AMC,Certified used-car outlet with inspection bay,"Operates multiple True Value outlets (City Light, Katargam)",Owner / Admin,Existence-verified (contact pending),"City Light, Surat",Brand dealer site,https://www.truevalueofcitylight.com/,Authorized Maruti True Value certified used-car outlet,Also runs True Value of Katargam; used-car chain
L0425,B,66,Ganga Honda (Two Wheeler),Automobile Dealership,Two-wheeler dealer (Honda),Ring Road,9974016174,,,Billing desktops; showroom + workshop CCTV; networking + guest Wi-Fi; digital signage; AMC,Prime Ring Road showroom,Honda 2W dealer,Owner / Admin,Contact found,"21st Century House A, Ring Road, Maan Darwaja, Beside World Trade Centre, Surat 395002",Aggregator listing,https://www.zigwheels.com/bikes/dealers/honda/Surat,"Authorized Honda 2W dealer, central Surat",Phone from ZigWheels Honda Surat listing
L0426,B,66,Gujrat Motors (Bajaj),Automobile Dealership,Two-wheeler dealer (Bajaj),Adajan,9825167667,,https://www.bikes4sale.in/,Billing desktops; showroom + workshop CCTV; networking + guest Wi-Fi; digital signage; AMC,Showroom + workshop,Established Bajaj dealer,Owner / Admin,Contact found,"Opera House, Opp Sanghvi Tower, Adajan Road, Surat 395003",Aggregator listing,https://www.bikes4sale.in/new-bike-showrooms/dealer/bajaj/gujarat/surat/1835/gujrat-motors-pvt-ltd,Prominent Bajaj 2W/3W dealer,Also landlines 02622-2783555/2784555
L0427,B,66,Jalaram Auto (Hero MotoCorp),Automobile Dealership,Two-wheeler dealer (Hero),Adajan,,,https://dealers.heromotocorp.com/,Billing desktops; showroom + workshop CCTV; networking + guest Wi-Fi; digital signage; AMC,Showroom + service,Hero 2W dealer (high volume brand),Owner / Admin,Existence-verified (contact pending),"B Wing Sargam Complex, Opp Bhulka Bhavan School, Adajan Road, Surat 395009",Brand dealer site,https://dealers.heromotocorp.com/hero-motocorp-m-s-jalaram-auto-two-wheeler-dealer-adajan-road-surat-25885/Home,"Authorized Hero 2W dealer, Adajan",Hero dealer locator listing
L0428,B,66,Jsn Motors (Royal Enfield),Automobile Dealership,Two-wheeler dealer (Royal Enfield),Adajan,9619409640,,https://dealers.royalenfield.com/,Billing desktops; showroom + workshop CCTV; networking + guest Wi-Fi; digital signage; AMC,Showroom + service,RE dealer in premium 2W segment,Owner / Admin,Contact found,"Adajan, Surat",Brand dealer site,https://dealers.royalenfield.com/gujarat/surat/adajan-jsn-motors-9110109240,Authorized Royal Enfield dealer,RE dealer locator listing
L0429,B,66,Kisan Tractor Traders (Mahindra Tractors),Automobile Dealership,Tractor dealer (Mahindra),Kamrej,9825305556,kisantractorkamrej@rediffmail.com,https://dealer.mahindratractor.com/,Billing desktops; showroom + workshop + yard CCTV; networking; digital signage; AMC,Tractor sales + service yard,Mahindra tractor dealer in agri belt,Owner / Admin,Contact found,"Navagam Udyog Nagar, Kamrej Char Rasta, Kamrej, Surat 394185",Aggregator listing,https://www.carz4sale.in/new-car-showrooms/dealer/mahindra-tractors/gujarat/surat/11543/kisan-tractor-traders,"Mahindra tractor dealer, Kamrej",Contact Rajendra Kumar Patel; email on listing
L0430,B,66,Purav Automobiles (Royal Enfield),Automobile Dealership,Two-wheeler dealer (Royal Enfield),Sarthana Jakat Naka,9619147489,,https://dealers.royalenfield.com/,Billing desktops; showroom + workshop CCTV; networking + guest Wi-Fi; digital signage; AMC,Showroom + service,RE dealer,Owner / Admin,Contact found,"G3 Deepkamal Commercial Hub, Zoo Rd, Near Sarthana Jakat Naka, Nana Varachha, Surat 395010",Brand dealer site,https://dealers.royalenfield.com/gujarat/surat/sarthana-jagat-naka-purav-automobiles-9110050780,Authorized Royal Enfield dealer,RE dealer locator listing
L0431,B,66,The Auto Shoppers,Automobile Dealership,Multi-brand car service & body shop,Surat,,,https://theautoshoppers.co.in/,Billing/job-card desktops; workshop + lot CCTV; networking + Wi-Fi; digital signage; AMC,EFI diagnostics + engine/maintenance bays,Standardized multi-brand chain model,Owner / GM,Existence-verified (contact pending),Surat,Company website,https://theautoshoppers.co.in/,Standardized multi-brand service workshop,"Specializes EFI diagnostics, engine repair"
L0432,B,66,Advance BPO,BPO/Logistics/Print,BPO/Call Center,Surat,,,https://www.indiamart.com/advance-bpo/,bulk desktops/thin clients + headsets; VOIP/dialer servers; networking + firewall; CCTV; AMC,Call center dialer/VOIP rollouts,Selling call-center software/predictive dialer (own infra growth),Operations Manager / IT Head,Existence-verified (contact pending),,IndiaMART,https://www.indiamart.com/advance-bpo/,SME,"Provides call center software, VOIP and predictive dialer services from Surat"
L0433,B,66,DTDC Express,BPO/Logistics/Print,Courier/Logistics,"Ring Road, Surat",,customersupport@dtdc.com,https://www.dtdc.com/in/,branch PCs + label printers; networking; CCTV; barcode/handhelds; AMC,Franchise/branch network expansion,5800+ franchisees nationally; Surat branch,Branch Manager / Purchase,Existence-verified (contact pending),"G-25, Ring Road, Jay Prakash Narayan Marg, Reshamwala Market, Begampura, Surat - 395002",JustDial,https://www.justdial.com/Surat/DTDC-Express-Ltd-Near-Hidaya-Masjid-Ring-Road/0261PX261-X261-190725144554-C1T9_BZDET,Large (franchise network),DTDC Surat Ring Road branch; corporate email customersupport@dtdc.com
L0434,B,66,Pankaj Offset,BPO/Logistics/Print,Printing Press,"Udhna, Surat",,,https://pankajoffset.com/,pre-press color workstations (Mac/PC); RIP server; large color-accurate monitors; networking; CCTV; AMC,Quality color printing + design support; rapid turnaround,Cited as one of Surat's best-quality presses,Owner / Purchase,Existence-verified (contact pending),"A/6-7, City Industrial Estate, Udhna Main Road, Udhna, Surat - 394210 (Behind Swaminarayan Temple)",Company website,https://pankajoffset.com/,SME,"High-quality color printing, design support; Udhna Surat"
L0435,B,66,Bhanderi (BLGD Corporation),Diamond & Bourse,Lab-grown (CVD) diamond manufacturer,Katargam,+91 8500385003,info@blgdlab.com,https://blgdlab.com/,CVD process workstations; managed networking; CCTV + access control; servers + NAS; AMC,CVD lab-grown growth,Scaling LGD manufacturer,Owner/Partner or IT head,Contact found,"4th Floor, BLGD Corporation, Akshar Building, Opp Mehta Petrol Pump, Katargam, Surat 395004",Company site + search snippet,https://blgdlab.com/contact-bhanderi-diamonds,Prime CVD lab-grown manufacturer,Bhanderi prime CVD lab-grown diamonds
L0436,B,66,RRP Diamonds (R R P Diamond),Diamond & Bourse,Natural loose & melee diamond manufacturer,Mahidharpura,+91 9016106290,info@rrpdiamonds.com,https://www.rrpdiamonds.com/,Diamond-planning workstations; managed networking; CCTV + access control; servers + NAS; AMC,Separate office + factory premises,Established melee specialist,Owner/Partner or IT head,Contact found,"301 Ashok Chamber, Moti Bazaar, Mahidharpura, Surat 395008; Factory 177 Ghanshyam Nagar",Company site + search snippet,https://www.rrpdiamonds.com/contact-us/,Natural loose & real melee diamonds; office + factory,Office Mahidharpura + factory Ghanshyam Nagar
L0437,B,66,V. Jayantilal & Co.,Diamond & Bourse,Diamond manufacturer,Katargam,+91 9638135135,,https://vjayantilal.com/,Diamond-planning workstations; managed networking; CCTV + access control; office desktops; AMC,Established manufacturer with BDB presence,Surat + Mumbai BDB ops,Owner/Partner or IT head,Contact found,"201/202, 2nd Floor, Plot 95/B, Prayosha Diamond Building, Sagar Industrial Society, Vasta Devdi Road, Surat 395004",Company site + search snippet,https://vjayantilal.com/contact/,Diamond manufacturer; BDB Mumbai office also,Manufacturing in Katargam; office at Bharat Diamond Bourse Mumbai
L0438,B,66,Aum Insurance Brokers Pvt Ltd,Finance & Professional,Insurance broker,L P Savani,,9825264988,,multi-seat desktops; data server + NAS backup; networking/firewall; CCTV; UPS; AMC,IRDAI compliance; client-data security,Active IRDAI broker license,Admin,Contact found,"School, L P Savani Circle, Surat-395009",IRDAI registry,https://policyholder.gov.in/en/web/guest/list-of-brokers,IRDAI-registered Life & General broker,IRDAI Life & General broker; LP Savani
L0439,B,66,FinTax Corporate Professionals LLP,Finance & Professional,CS / Corporate compliance,Surat,+91 7210000746,info@fintaxx.in,https://www.fintaxx.in/,multi-seat desktops; data server + NAS backup; firewall; CCTV; UPS; AMC,SEBI/RBI/stock-exchange listing & ROC compliance work,Corporate-law / listing practice growth,Partner,Contact found,,Company site,https://www.fintaxx.in/,LLP team of CS/CA/corporate lawyers,"ROC, company law, SEBI, RBI, listing"
L0440,B,66,Pawan Siddharth Advisors Private Limited,Finance & Professional,Financial advisory,Ring Road,,,https://pawansiddharth.site123.me/,multi-seat desktops/workstations; data server + NAS backup; firewall; CCTV; UPS; AMC,Multi-disciplinary finance team; digitization,Long-established multi-disciplinary firm,Director,Existence-verified (contact pending),"Beside Apple Hospital, Ring Road, Surat",JustDial,https://www.justdial.com/Surat/Pawan-Siddharth-Advisors-Beside-Apple-Hospital-Ring-Road/0261PX261-X261-170626021501-V1C7_BZDET,Incorporated 1988; team of CA/CFA/CMA/CS/tax lawyers,"Directors Kavita Jain, Pawan Jain; finance advisory"
L0441,B,66,Sunidhi Securities & Finance Ltd,Finance & Professional,Stock / commodity broker,Surat,,,https://www.sunidhi.com/,multi-seat desktops + dealing terminals; data server + NAS backup; networking/firewall; CCTV + access control; UPS; AMC,Trading-app/platform tech; data security,Stock & commodity trading solutions,Admin,Existence-verified (contact pending),,Company site,https://www.sunidhi.com/,Stock & commodity broking firm,Listed among Surat brokers
L0442,B,66,Globela Pharma Pvt Ltd,GIDC Manufacturing,Pharmaceuticals,GIDC Sachin,+91 78618 51969,sales@globelapharma.com,https://globelapharma.com/,ERP servers + storage; plant & office desktops; industrial PCs; large-area CCTV; networking + Wi-Fi; biometric access; AMC,Exports; oncology/nephrology formulations; GMP compliance,Founded 1996; WHO-GMP certified formulations,IT Manager / QA Head / Purchase,Contact found,"Plot No. 357 & 358, Road No 3, Near Ginza Industries, GIDC Sachin, Surat 394230, Gujarat",Company website,https://globelapharma.com/contact/,Medium (WHO-GMP/ISO; oncology & nephrology),Oncology & nephrology finished/semi-finished formulations
L0443,B,66,National Engineers & Steel Fabricators (NESF),GIDC Manufacturing,Engineering / Heavy Steel Fabrication,GIDC Sachin,,,https://nationalengrs.com/,ERP/design workstations; CAD desktops; industrial PCs; CCTV; networking + Wi-Fi; biometric access; AMC,Custom-fabricated process equipment for Hazira/Sachin plants; infra project demand,"Serves Hazira, Sachin & GIDC estates; growth in heavy fabrication",Plant Head / Purchase / Director,Existence-verified (contact pending),"Plot No. 1022, Cross Road No. 87, Sachin GIDC, Surat 394230, Gujarat",Company website,https://nationalengrs.com/contact,"Medium (estd 1990; serves oil&gas, petrochem, fertilizer, ETP)","Pressure vessels, heat exchangers, tanks, piping skids, structural steel"
L0444,B,66,Sun Textile Engineers,GIDC Manufacturing,Engineering / Heavy Fabrication,GIDC Sachin,,,https://www.suntextile.in/,ERP/design workstations; CAD desktops; industrial PCs; CCTV; networking + Wi-Fi; biometric access; AMC,Fabrication of pressure vessels & chemical plants; established capability,Since 1976; critical pressure vessel fabrication,Plant Head / Purchase / Director,Existence-verified (contact pending),"A-1, Shed No. 441/2, GIDC, Sachin, Surat 394230, Gujarat",Company website,https://www.suntextile.in/,Medium (~150 staff; 30000 sq.ft shop floor),"Thermic fluid heaters, dyeing machines, vessels, boilers"
L0445,B,66,Tapi Fruit Processing Ltd (Tapi Food),GIDC Manufacturing,Food / Agro Processing,"Pipodara (Mangrol, Surat dist)",+91 261 2551206,tapifood@gmail.com,https://www.tapifood.com/,ERP servers; office & plant desktops; process/cold-chain CCTV; networking + Wi-Fi; biometric access; AMC,Exports; solar energy adoption; product range expansion,India's first solar-powered fruit processing unit,IT Manager / Purchase / Director,Contact found,"Plot No 17A, Block No 124-125, NH No 8, Post Pipodara, Tal Mangrol, Dist Surat, Gujarat",Company website,https://www.tapifood.com/tapi-fruit-product-contact-details.html,Medium (estd 1999; fruit processing & exports; solar-powered),"Jelly candies, gummies, jams, ketchup, sauces, fruit crush"
L0446,B,66,Surat Municipal Corporation - East Zone Office (Varachha),Government & PSU,Municipal Zonal Office,"Varachha, Surat",0261-2547750,,https://www.suratmunicipal.gov.in/,bulk office desktops; zone-office CCTV; networking + Wi-Fi; AMC (tender/GeM),Zonal e-governance/civic-center digitization,Civic center + zone IT rollout,Zonal office admin / SMC Purchase (GeM/tender),Contact found,"Vahivati Bhavan, Nr Saifee Society, Opp. Panchwati Wadi, Lambe Hanuman Road, Surat",Official .gov.in,https://www.suratmunicipal.gov.in/home/zoneofficials,Large zonal office (covers Varachha wards),Densely populated zone; other phones 2548365/2551363
L0447,B,66,Surat Municipal Corporation - South West Zone Office (Athwa),Government & PSU,Municipal Zonal Office,"Athwalines, Surat",0261-2663049,,https://www.suratmunicipal.gov.in/,bulk office desktops; zone-office CCTV; networking + Wi-Fi; AMC (tender/GeM),Zonal e-governance/civic-center digitization,Civic center + zone IT rollout,Zonal office admin / SMC Purchase (GeM/tender),Contact found,"Vahivati Bhavan, Municipal Shopping Center, Nr Aadarsh Nagar Society, Athwalines, Surat",Official .gov.in,https://www.suratmunicipal.gov.in/home/zoneofficials,Large zonal office (covers Athwa wards),One of SMC zones; buys via SMC central tender; other phones 2667926/2665511
L0448,B,66,Centre For Sight Eye Hospital (City Light),Healthcare,Super-speciality eye hospital,City Light,,,https://www.centreforsight.net/eye-hospitals-india/surat,HIS/EMR servers; ophthalmic imaging workstations; reception/billing desktops; networking + Wi-Fi; CCTV; UPS; AMC,3-decade chain; two Surat centers; imaging endpoints,Chain with City Light + Rander Road centers,Center Manager / Regional IT,Existence-verified (contact pending),"201/301/401 Unity Corner, 13 Vardhman Mahaveer Marg, Above Zudio, Opp Bank of Baroda, City Light, Surat",Hospital chain + Practo,https://www.practo.com/surat/hospital/centre-for-sight-eye-hospital-city-light-town,National eye-care chain; 2 Surat centers,Chain; capture local contact
L0449,B,66,"Dr Agarwals Eye Hospital / Prizma (Ring Road, Majura Gate)",Healthcare,Super-speciality eye hospital,Ring Road / Majura Gate,9594924026,,https://www.dragarwal.com/eye-hospital/ring-road/,HIS/EMR servers; ophthalmic imaging workstations; reception/billing desktops; networking + Wi-Fi; CCTV; UPS; AMC,Branch network; ophthalmic imaging endpoints,Chain branch (Prizma unit),Center Manager / Regional IT,Contact found,"Pyramid Point, Beside Krushi Mangal Hall, Ring Road, Majura Gate, Surat 395001",Hospital chain website,https://www.dragarwal.com/eye-hospital/ring-road/,National eye-care chain branch,Distinct branch; chain procurement
L0450,B,66,LifeLine Multispeciality Hospital,Healthcare,Multispecialty hospital,Rander Road,02612766000,info@lifelinesurat.com,https://lifelinesurat.com/,HIS/EMR servers; imaging/OT workstations; billing desktops; networking + Wi-Fi; CCTV; UPS; AMC,Robotic surgery + multispecialty = imaging/compute upgrades,Robotic joint replacement program; growing,Hospital Administrator / IT Manager,Contact found,"1st Floor Shreenathji Complex, Opp Jhulelal Temple, Ramnagar Char Rasta, Rander Road, Surat 395007",Hospital website,https://lifelinesurat.com/,"35 beds; robotic joint replacement, multi-specialty",Robotic surgery angle; email present
L0451,B,66,New Civil Hospital Surat,Healthcare,Government tertiary teaching hospital,Majura Gate,,,https://prognohealth.com/blog/list-of-government-hospitals-in-surat/,HIS/EMR servers + storage; radiodiagnosis/PACS workstations; teaching-lab + billing desktops; campus networking; CCTV; UPS; AMC,Govt tertiary hospital; large radiology + records,State teaching hospital; institutional scale,Hospital Superintendent / Govt Purchase (tender),Existence-verified (contact pending),"Majura Gate area, Surat (Govt Medical College attached)",Directory / blog list,https://prognohealth.com/blog/list-of-government-hospitals-in-surat/,Large govt teaching/tertiary hospital,Govt tender buying; very large; verify exact contact
L0452,B,66,Ginger Surat,Hospitality & Real Estate,Hotel (budget/3-star),City Centre,,,https://www.gingerhotels.com/hotels/ginger-surat,PMS server; front-desk PCs; guest Wi-Fi + networking; CCTV; AMC,Taj/IHCL budget brand,Lean-IT smart hotel model,GM / IT Manager,Existence-verified (contact pending),"Near Surat Railway Station, Surat",Hotel official site,https://www.gingerhotels.com/hotels/ginger-surat,Mid budget business hotel,Ranked #10/87 hotels Surat on Tripadvisor; chain standardized IT
L0453,B,66,Modi Resort & Amusement Park,Hospitality & Real Estate,Resort / Amusement park,Near Surat,,,https://www.holidify.com/hotel-collections/resorts-near-surat,Ticketing/reception PCs; Wi-Fi + networking; CCTV across park; AMC,Resort with amusement attractions,High-footfall leisure venue,Owner / Admin,Existence-verified (contact pending),Near Surat,Travel guide,https://www.holidify.com/hotel-collections/resorts-near-surat,Resort + amusement park,Amusement park adds extensive CCTV/ticketing IT needs
L0454,B,66,Reliance Mega Mall,Hospitality & Real Estate,Shopping mall,Ring Road,,,https://www.holidify.com/pages/malls-in-surat-1878.html,Mall management PCs; visitor Wi-Fi + networking; CCTV/access control; AMC,Established Ring Road mall,High footfall retail,Admin / Mall IT Manager,Existence-verified (contact pending),"Ring Road, Surat",Travel guide,https://www.holidify.com/pages/malls-in-surat-1878.html,Large mall,Listed Surat mall on Ring Road
L0455,B,66,Sahjanand Group / Sahajanand,Hospitality & Real Estate,Real estate developer / Builder,Surat,,,https://www.99acres.com/builders-in-surat-bffid,Site CCTV; sales-gallery & office PCs; networking; server/NAS; AMC,Residential + commercial projects,Active pipeline,Director / Purchase,Existence-verified (contact pending),Surat,Real estate portal,https://www.99acres.com/builders-in-surat-bffid,Established developer,Listed Surat builder on 99acres
L0456,B,66,Sairam Builders,Hospitality & Real Estate,Real estate developer / Builder,Surat,,,https://sairambuilders.co/,Site CCTV; sales-gallery & office PCs; networking; server/NAS; AMC,Active residential projects,Ongoing delivery,Director / Purchase,Existence-verified (contact pending),Surat,Builder official site,https://sairambuilders.co/,Residential builder,Distinct from Sai Ram Group; own site
L0457,B,66,Coruscate Solutions Pvt. Ltd.,IT & Software,Web / mobile / blockchain app development,"Station Road (Lal Darwaja), Surat",+91 261 333 2299,marketing@coruscatesolution.com,https://www.coruscatesolution.com/,Developer workstations; server + NAS; firewall + switches + Wi-Fi; CCTV; AMC,Grew from 4 founders to 40+ members in ~5 years; blockchain/Flutter/Node,Headcount growth 4 to 40+; in shared Infinity Tower tech hub,Founder/Director or Marketing/Admin,Contact found,"9th Floor, Infinity Tower, Lal Darwaja Station Road, Surat 395003 (Beside Ayurvedic College)",JustDial listing + IndiaMART,https://www.justdial.com/Surat/Coruscate-Solutions-Pvt-Ltd-Beside-Ayurvedic-College-Station-Road/0261PX261-X261-220313014011-A1M4_BZDET,Small-Medium (40+ members),In Infinity Tower (dense Surat IT building); blockchain workloads
L0458,B,66,IBL Infotech,IT & Software,App development / cloud / web,Surat,,,https://www.indiamart.com/ibl-infotech/,Developer workstations; rack server + NAS; firewall + managed switches + Wi-Fi; CCTV; AMC,Since 2014; 300+ apps; 85+ full-stack team (India/Canada),Cross-border team; cloud + web services scale,Director or IT Head,Existence-verified (contact pending),"Surat, India",IndiaMART profile + LinkedIn,https://www.indiamart.com/ibl-infotech/,"Medium (85+ experts, India + Canada)",85+ team = meaningful workstation/infra need; confirm Surat HQ contact
L0459,B,66,Vision Infotech,IT & Software,Software outsourcing / web & mobile dev,"Sahara Darwaja, Surat",84016 52525,sales@visioninfotech.net,https://visioninfotech.net/,Developer workstations; server + NAS; firewall + switches + Wi-Fi; CCTV; AMC,"Multi-stack (React, Node, .NET, Flutter); multiple Surat listings over years",Established multi-tech team; steady operations,Director or IT/Admin Head,Contact found,"3001, 3rd Floor APMC, Krushi Bazaar, Beside North Extension, Sahara Darwaja, Surat 395002",Company website (contact page),https://visioninfotech.net/contact-us/,Medium,Multiple Surat addresses historically; verify current floor for infra sizing
L0460,B,66,Sk Cad,Jewellery,Jewellery CAD design studio,Surat,,,https://sk-cad.ueniweb.com/,jewellery CAD workstations (high-spec); CCTV; networking + Wi-Fi; server/NAS for design files; AMC,Jewellery CAD design services,Design-services niche,Owner/Director,Existence-verified (contact pending),"Surat, Gujarat",company_website,https://sk-cad.ueniweb.com/,Small (CAD design studio),CAD-workstation buyer profile
L0461,B,66,Craft Diamonds,Lab-Grown Diamond,LGD rough/polished manufacturer / jewelry,Surat,,,https://www.craftdiamonds.co/,GPU workstations for planning/grading; reactor-control PCs; rack server + NAS; CCTV + access control; managed switches + Wi-Fi; AMC,Leading manufacturer of lab-grown rough + polished diamonds + jewelry; US market,Vertically integrated rough-to-jewelry; export growth,Owner/Director,Existence-verified (contact pending),"Surat, Gujarat (manufacturing) markets to USA",Company website,https://www.craftdiamonds.co/,Medium - manufacturer of LGD rough + polished + jewelry,Phone/email not visible on source
L0462,B,66,Keystar Gems LLP,Lab-Grown Diamond,CVD diamond manufacturer,Varachha,,keystargems@gmail.com,https://keystarlgd.co/,GPU workstations for planning/grading; rack server + NAS; multi-camera CCTV + access control; managed switches + Wi-Fi; AMC,Manufacturing LGDs since 2019; incorporated as LLP Dec 2022; growth-stage,Recent incorporation (2022) and growing LGD output,Owner/Director,Contact found,Ground Floor Plot No 5 Block No 4 Kohinoor Industrial Estate Varachha Road Surat 395006,IndiaMART listing,https://www.indiamart.com/keystar-gems/aboutus.html,"Medium - LGD manufacturer since 2019, LLP since 2022",Phone not visible on source
L0463,B,66,CK Studio,Media/Video/Photo,Product video & ecommerce photography,Athwa Lines / Varachha / Piplod,+91 8700258773,,https://ckstudio.in/surat/,GPU workstations for product video edit; fast storage; color-accurate monitors; NAS; backup; AMC,Ecommerce/Amazon/Flipkart product video volume,8+ yrs; serves brands/retailers across Surat,Owner/Founder,Contact found,"Serving Ring Road, Varachha, Vesu, Surat",Company website,https://ckstudio.in/gujarat/product-video-maker-in-surat/,8+ yrs; SME,"Product videography, ecommerce + jewellery photography; multi-area Surat coverage"
L0464,B,66,FF Studio,Media/Video/Photo,Wedding photography & cinematography,Katargam,,,,GPU editing rigs; cinematic video storage/NAS; color-grading; backup; AMC,Cinematic wedding film volume,Covering weddings since 2015; Surat/Ahmedabad/Mumbai (FF Films),Owner/Founder (Sachin),Contact found,"A 602, RJD Business Hub, Kasanagar Road, Katargam, Surat, Near Naginawadi",WedMeGood profile,https://www.wedmegood.com/profile/FF-Studio-88511,Since 2015; SME,Contact person Sachin; +91 8010667788; cinematic + candid + traditional; ~75k/day packages
L0465,B,66,Mahir Films,Media/Video/Photo,Ad film production house,Surat,,,https://www.mahirfilms.com/,GPU editing workstations; render storage; NAS; color-grading; AMC,TV commercials & cinema ads volume,Franchise of Isha TV Mumbai; TVC for FMCG/jewellers,Owner/Founder (Jigar Padaya),Existence-verified (contact pending),"Surat, Gujarat",Company website,https://www.mahirfilms.com/,SME; Isha TV franchise,"Owner Mr. Jigar Padaya; TVCs, cinema ads, e-commerce/jewellery ads. JustDial corporate-ad-filmmaker listing also confirms"
L0466,B,66,QMedia Production,Media/Video/Photo,Wedding photography & cinematography,Surat,+91 97236 39636,,,GPU editing rigs; cinematic video storage/NAS; color-grading; backup; AMC,Cinematic wedding film volume,7 yrs; high average booking value,Owner/Founder,Contact found,"Surat, Gujarat",WedMeGood profile,https://www.wedmegood.com/profile/QMedia-Production-177168,7 yrs; avg booking ~151k,"Pre-wedding, candid, cinematic wedding film, albums; strong booking value"
L0467,B,66,Snapito Studio,Media/Video/Photo,Wedding/portrait photography studio,Vesu,+91 99253 76601,,https://snapitostudio.com/,GPU editing workstations; fast storage/NAS; color-grading monitor; backup; AMC,Wedding/maternity/baby shoot volume,7+ yrs experience; Vesu studio,Owner/Founder,Contact found,"B-203 Aagam Shopping World, VIP Road, near Rajhans Cinemas, Vesu, Surat 395007",Company website,https://snapitostudio.com/contact/,7+ yrs; SME,"Wedding, pre-wedding, baby, maternity; also runs Snapito Rental"
L0468,B,66,Pocket Stores,Retail & Supermarket,Departmental store chain (local),"Kamrej, Amroli, Choryasi",,,,bulk POS/billing desktops; loss-prevention CCTV; per-store networking + Wi-Fi; AMC,"Multi-location local chain (Kamrej, Amroli)",Local nearby South Gujarat dept-store chain,Owner / Store Manager,Existence-verified (contact pending),Bus Stand JIN Compound Near Kamrej Choryasi Surat,JustDial + Facebook,https://www.justdial.com/Surat/Pocket-Stores-Near-Bus-Stand-Jin-Compound-Near-Kamrej-Kamrej/0261PX261-X261-200318141208-K9C4_BZDET,Local dept-store chain (Kamrej + Amroli),Nearby Surat (Kamrej/Amroli); local owner-led - easier direct approach
L0469,B,66,Wooden Street - Surat,Retail & Supermarket,Furniture & home retail,Surat (multiple studios),,,https://www.woodenstreet.com,bulk POS/billing desktops; loss-prevention CCTV; per-store networking + Wi-Fi; digital signage; AMC,Several furniture studios in Surat,National furniture brand expanding Surat studios,Store Manager / Purchase,Existence-verified (contact pending),Surat (furniture experience studios),Official store page,https://www.woodenstreet.com/furniture-store-surat,Furniture chain with several Surat stores,Multiple experience studios; digital signage + POS + CCTV
L0470,B,66,Ashoka Dyeing And Printing Mill Pvt Ltd,Textile Manufacturing,Dyeing & Printing (processing house),Pandesara,,,https://www.justdial.com/Surat/Ashoka-Dyeing-And-Printing-Mill-PVTLTD-Surat-Pandesara/0261PX261-X261-110105214150-D2F3_BZDET,ERP/Tally servers; billing & design PCs; large-area CCTV; networking + Wi-Fi; biometric attendance; AMC,Operating processing house in Pandesara cluster,Processing capacity in GIDC,Owner/Director or Admin manager,Existence-verified (contact pending),"Pandesara, Surat 394221",JustDial,https://www.justdial.com/Surat/Ashoka-Dyeing-And-Printing-Mill-PVTLTD-Surat-Pandesara/0261PX261-X261-110105214150-D2F3_BZDET,"Mid: dyeing & printing mill, Pandesara",Listed processing house; standard mill IT/CCTV scope
L0471,B,66,Creative Trendz,Textile Manufacturing,Embroidery (Schiffli),Surat,,,https://www.creativetrendz.com/,ERP servers; design/digitizing & billing PCs; CCTV; networking + Wi-Fi; biometric attendance; AMC,Computerized Swiss embroidery technology,Swiss LASSER machine adoption,Owner/Director or Admin manager,Existence-verified (contact pending),"Surat, Gujarat",Company website,https://www.creativetrendz.com/,Mid: Schiffli embroidered fabrics + laces; Swiss LASSER computerized machines,Schiffli embroidery maker; design + shop-floor IT/CCTV need
L0472,B,66,Devika Group,Textile Manufacturing,Yarn / Texturising (PTY),Surat,,,https://dir.indiamart.com/surat/polyester-yarn.html,ERP servers; plant & billing PCs; CCTV; networking + Wi-Fi; biometric attendance; AMC,Established texturising scale since 1992,Major PTY market player,Owner/Director or Admin manager,Existence-verified (contact pending),"Surat, Gujarat (polyester texturized yarn)",IndiaMART directory,https://dir.indiamart.com/surat/polyester-yarn.html,Mid-large: est. 1992; major polyester texturized yarn player,Established texturising group; plant-floor surveillance/network scope
L0473,B,66,Ganga Fashions Pvt Ltd,Textile Manufacturing,Dyeing & Processing (EPC member),Pandesara,,,http://www.txcindia.gov.in/html/Consolidated%20list%20of%20EPC%20member%20units%20yet%20to%20submit%20returns%20online.pdf,ERP/Tally servers; billing & design PCs; large-area CCTV; networking + Wi-Fi; biometric attendance; AMC,Export Promotion Council member; export operations,EPC-registered exporter,Owner/Director or Admin manager,Existence-verified (contact pending),"Plot No. 287, GIDC, Pandesara, Surat 394221",Govt EPC member list,http://www.txcindia.gov.in/html/Consolidated%20list%20of%20EPC%20member%20units%20yet%20to%20submit%20returns%20online.pdf,"Mid: textile processing/export unit, GIDC Pandesara",Govt EPC-listed unit in Pandesara; processing/export IT need
L0474,B,66,J.R. Dyeing & Printing Mills Pvt Ltd,Textile Manufacturing,Dyeing & Printing (processing house),Pandesara,,,https://www.exportersindia.com/jrdyeing/,ERP/Tally servers; billing & design PCs; large-area CCTV; networking + Wi-Fi; biometric attendance; AMC,Fabric processing + designing services,Processing + design operations,Owner/Director or Admin manager,Existence-verified (contact pending),"GIDC Main Road, GIDC, Pandesara, Surat 394221",ExportersIndia,https://www.exportersindia.com/jrdyeing/,"Mid: fabric processing, designing, dyeing & printing",Processing house on GIDC Main Road; design + processing IT need
L0475,B,66,Jay Bharat Dyeing & Printing Mills,Textile Manufacturing,Dyeing & Printing (processing house),Palsana (Kadodara Char Rasta),,,https://www.mapsofindia.com/whitepages/businesses/index/jaybhadye,ERP/Tally servers; billing & design PCs; large-area CCTV; networking + Wi-Fi; biometric attendance; AMC,Man-made fabric processing in Palsana/Kadodara cluster,Processing capacity Palsana belt,Owner/Director or Admin manager,Existence-verified (contact pending),"Plot No. 216, Kadodara Char Rasta, Taluka Palsana, Surat",Maps of India,https://www.mapsofindia.com/whitepages/businesses/index/jaybhadye,Mid: processing of man-made fabrics,Palsana-Kadodara processing house; CCTV/network opportunity
L0476,B,66,Skilled Industries,Textile Manufacturing,Textile machinery (dyeing/processing),Sachin GIDC,,,https://www.skilledindustries.com/,ERP servers; design (CAD) & billing PCs; CCTV across machine-build shop; networking + Wi-Fi; biometric attendance; AMC,Machinery manufacturer/exporter; ongoing production,Export of processing machinery,Owner/Director or Admin manager,Existence-verified (contact pending),"5412, Road No 54, Sachin GIDC, Sachin, Surat",Company website,https://www.skilledindustries.com/,"Mid: est. 1989; mfr/exporter of jet dyeing, soft flow, winch, jigger, beam machines",Machinery maker; CAD/design + shop-floor IT and CCTV need
L0477,B,66,Ambaji Tex Fab,Textile Trade & Design,Dress material / fabric manufacturer,Saroli,,,,bulk billing/POS desktops; CCTV; networking + Wi-Fi; textile-CAD workstation; AMC,Manufacturing growth,Established apparel/fabric manufacturer (2005),Owner / Partner,Existence-verified (contact pending),"Saroli, Surat",B2B marketplace,https://www.indiamart.com/ambaji-tex-fabsurat/profile.html,Estd 2005; apparel/fabric brand,Saroli industrial belt manufacturer
L0478,B,66,Ekta Fashion Pvt Ltd,Textile Trade & Design,Dress material wholesaler,Ring Road / Shree Mahalaxmi Market,,,,bulk billing/POS desktops; CCTV; networking + Wi-Fi; server/NAS; AMC,Wholesale digitization,"Pvt Ltd, established 1997",Owner / Partner,Existence-verified (contact pending),"Shop 518-521, Upper Ground, Shree Mahalaxmi Market, Ring Road, Surat 395002",Business directory,https://www.justdial.com/Surat/Ekta-Fashion-Pvt-Ltd-Ring-Road/0261PX261-X261-110406194143-S5F1_BZDET,Pvt Ltd; estd 1997,Dress material wholesaler
L0479,B,66,Keshav Madhav Fashion,Textile Trade & Design,Designer saree manufacturer,Surat,+918047633966,,https://www.keshavmadhavfashion.com/,bulk billing/POS desktops; CCTV; networking + Wi-Fi; textile-CAD workstation; AMC,Printed/designer range; digital selling,Branded saree manufacturer w/ own site,Owner / Partner,Contact found,"Surat, Gujarat",Company website,https://www.keshavmadhavfashion.com/printed-saree.html,Ladies fancy designer saree manufacturer,Phone +918047633966; printed/designer sarees
L0480,B,66,Rudraksh Sarees,Textile Trade & Design,Designer/party-wear saree manufacturer,New Textile Market,,,,bulk billing/POS desktops; CCTV; networking + Wi-Fi; textile-CAD workstation; AMC,Bridal/designer range; export,"Party-wear, designer, bridal sarees",Owner / Partner,Existence-verified (contact pending),"New Textile Market, Surat",B2B marketplace,https://www.indiamart.com/rudrakshsarees/profile.html,Party-wear/designer/bridal manufacturer,Modern fancy/bridal sarees; exporter
L0481,B,66,Sachin Prints,Textile Trade & Design,Dress material / saree wholesaler,Ring Road / Raghukul Market,,,,bulk billing/POS desktops; CCTV; networking + Wi-Fi; AMC,Wholesale digitization; catalogue selling,Established print fabric wholesaler,Owner / Partner,Existence-verified (contact pending),"B-3126-29, Lift No. 13-15, B-Wing, 1st Floor, Gate No.3, Raghukul Market, Near Kamela Darwaza, Ring Road, Surat",B2B marketplace,https://www.indiamart.com/sachin-prints-surat/,Estd 2004; wholesaler/distributor,"Printed rayon/cotton fabric, sarees, kurtis, readymade"
L0482,B,66,Shree Binni Prints,Textile Trade & Design,Saree manufacturer,Silk City Textile Market,,,,bulk billing/POS desktops; CCTV; networking + Wi-Fi; textile-CAD workstation; AMC,Export to international markets; embroidered range,Domestic + international customer base,Owner / Partner,Existence-verified (contact pending),"Silk City Textile Market, Surat",Industry guide,https://ajmeratrends.com/details/top-10-saree-manufacturer-in-surat,Manufacturer; domestic + intl,Embroidered sarees and dresses; export
L0483,B,66,Shree Sarees,Textile Trade & Design,Saree manufacturer,Ring Road,,,,bulk billing/POS desktops; CCTV; networking + Wi-Fi; textile-CAD workstation; AMC,Embroidered/party-wear range expansion,Long-established manufacturer (since 1996),Owner / Partner,Existence-verified (contact pending),"Ring Road, Surat",B2B marketplace,https://www.indiamart.com/shree-sarees-surat/profile.html,Estd 1996; manufacturer,"Embroidered sarees, party wear, traditional"
L0484,B,65,Mahak Logistic,BPO/Logistics/Print,Logistics/Transport,"Hazira, Surat",9173558998,info@mahaklogistic.com,https://mahaklogistic.com/,office PCs; server; networking; warehouse/container-yard CCTV; handhelds; AMC,Container fleet (20/32/40 ft) + warehouse services,Long-running Surat transporter with warehousing,Owner / Operations Manager,Contact found,"Hazira, Surat, Gujarat",Company website,https://mahaklogistic.com/transport-company-in-surat.html,Mid,Phone 9173558998; email info@mahaklogistic.com; container + warehouse services
L0485,B,65,Angel One Ltd - Surat Office,Finance & Professional,Stock / commodity broker,Rustampura,,,https://stockbroker.angelone.in/location/gujarat/surat,multi-seat desktops + dealing terminals; data server + NAS backup; networking/firewall; CCTV; UPS; AMC,Branch broking office; trading-tech,Angel One Surat branch,Admin,Existence-verified (contact pending),"Rustampura, Surat",Company site,https://stockbroker.angelone.in/angel-one-ltd-surat-office-stock-broker-rustampura-surat-528841/Contact-Us,National broker branch office,"Online trading & broking, Rustampura"
L0486,B,65,Finaccle Advisory Private Limited,Finance & Professional,Tax / GST consultant,Ring Road,,cajssj.co@gmail.com,https://finaccle.in/,multi-seat desktops; Tally/data server + NAS backup; firewall; CCTV; UPS; AMC,Startup advisory & accounting digitization,Broad service catalogue; startup advisory,Partner,Contact found,"602, Empire State Building, Ring Road, Nr Udhna Darwaja, Surat-395002",Company site,https://finaccle.in/,Pvt Ltd advisory (financial/accounting/legal),"Accounting, GST returns, startup & legal advisory"
L0487,B,65,Employees Provident Fund Organisation (EPFO) - Regional Office Surat,Government & PSU,Central Govt / Statutory Body,"Ghod Dod Road, Surat",+91-261-2652760,ro.Surat@epfindia.gov.in,https://www.epfindia.gov.in/,bulk office desktops; CCTV + access control; servers/storage; networking + Wi-Fi; AMC (GeM),e-governance/UAN digitization; office IT refresh,Office modernization; record-room digitization,RO administration / Purchase (GeM/tender),Contact found,"Bhavishya Nidhi Bhawan, Ghod Dod Road, Ram Chowk, Surat-395001",Official .gov.in,https://www.epfindia.gov.in/site_en/Location_an_office.php,Large regional office; high public footfall,PRO 0261-2652730; statutory central body; fax 2652752
L0488,B,65,ASG Super Speciality Eye Hospital,Healthcare,Super-speciality eye hospital,Surat,,,https://asgeyehospital.com/hospital/city/surat/,HIS/EMR servers; ophthalmic imaging workstations (OCT/biometry); reception/billing desktops; networking + Wi-Fi; CCTV; UPS; AMC,Full surgical eye services = imaging + OT IT,Expanding national chain in Surat,Center Manager / Regional IT,Existence-verified (contact pending),Surat (ASG eye-care chain unit),Hospital chain website,https://asgeyehospital.com/hospital/city/surat/,National eye-care chain; full surgical suite,Chain; surgical imaging endpoints
L0489,B,65,Eye Q Super Speciality Eye Hospital (Parle Point),Healthcare,Super-speciality eye hospital,Parle Point / Athwalines,8035240555,,https://www.eyeqindia.com/hospital/parle-point-surat/,HIS/EMR servers; ophthalmic imaging workstations; reception/billing desktops; networking + Wi-Fi; CCTV; UPS; AMC,Branch ophthalmic imaging fleet,Chain branch,Center Manager / Regional IT,Contact found,"3rd Floor SNS House, Above TBZ Showroom, Near Court Building, Parle Point, Athwalines, Surat 395007",Hospital chain website,https://www.eyeqindia.com/hospital/parle-point-surat/,National eye-care chain branch,Distinct Parle Point branch
L0490,B,65,Sanjeevani Multi Speciality Hospital,Healthcare,Multispecialty / trauma hospital,Vesu,+91 2612215777,smshospital@yahoo.com,https://surat.nic.in/public-utility/sanjeevani-multi-speciality-hospital/,HIS/EMR servers; imaging/lab workstations; billing desktops; networking + Wi-Fi; CCTV; UPS; AMC,Surgical focus needs imaging + OT IT,Vesu corridor; surgical specialty growth,Hospital Administrator / Owner-doctor,Contact found,"2nd Floor Western Business Park, Opp SD Jain School, Vesu Char Rasta, Udhana-Magdalla Rd, Surat 395007",Government directory,https://surat.nic.in/public-utility/sanjeevani-multi-speciality-hospital/,35 beds; trauma/joint replacement/laparoscopy,Mid-size; surgical imaging + CCTV
L0491,B,65,Atologist Infotech,IT & Software,Custom software / AI engineering / mobile apps,"Ghod Dod Road, Surat",+91 99091 66110,info@atologistinfotech.com,https://atologistinfotech.com/,Developer workstations; GPU/server for AI engineering; firewall + switches + Wi-Fi; CCTV; AMC,Full-stack digital studio since 2014; AI/software engineering,AI engineering positioning = compute upgrade signal,Founder/Director or IT Head,Contact found,"506-507, Poddar Plaza, Opp. Majura Fire Station, Ghoddod Road, Surat 395001",Company website (contact page) + JustDial,https://atologistinfotech.com/contact-us.php,Small-Medium (since 2014),Ghod Dod Road business district; AI focus
L0492,B,65,LogicGo Infotech LLP,IT & Software,Software dev + IT training institute,"Katargam (Singanpore), Surat",+91 96389 87317,info@logicgoinfotech.com,https://logicgoinfotech.com/,Developer + lab/training workstations; server + NAS; firewall + managed switches + Wi-Fi; CCTV; AMC,Software dev + training institute (2 use-cases),Training arm = classroom of PCs + networking + CCTV,Founder/Director or Admin,Contact found,"301 Silverstone Arcade, Singanpore Causeway Road, Katargam, Surat 395004",Company website (contact page) + JustDial,https://logicgoinfotech.com/contact/,Small-Medium,Institute + dev firm = bulk PC + lab networking + CCTV opportunity
L0493,B,65,Trezix (Trezix Software Pvt. Ltd.),IT & Software,SaaS (export-import / trade software),"Athwa (SVNIT Campus), Surat",,,https://trezix.io/,Dev workstations; server + NAS; firewall + switches + Wi-Fi; CCTV; AMC,Founded 2022; end-to-end import/export SaaS platform,Recent founding (2022); product build-out phase,Founder/Director or IT Head,Existence-verified (contact pending),"Ashine Building, SVNIT Campus, Athwa, Surat 395007",Company website (contact page) + ZaubaCorp,https://trezix.io/contact/,Small-Medium (founded 2022),Located in SVNIT incubation area; early-stage growth = setup needs
L0494,B,65,Kunthu Gems,Lab-Grown Diamond,HPHT & CVD diamond manufacturer / exporter,Mahidharpura,,,https://www.kunthugems.co.in/,GPU workstations for planning/grading; rack server + NAS; CCTV + access control; managed switches + Wi-Fi; AMC,Manufactures/exports lab-grown (HPHT/CVD) diamonds + jewelry; contact Sapan Chaudhari,Range of polished + rough HPHT/CVD; export focus,Owner/Director (Sapan Chaudhari),Existence-verified (contact pending),Office 405 to 412 4th Floor Diamond Village-A Jadakhadi Mahidharpura Surat 395003,Company website,https://www.kunthugems.co.in/contact-us.htm,Medium - manufacturer/exporter of HPHT/CVD + jewelry,Phone not visible on fetched info
L0495,B,65,Taj Studio,Media/Video/Photo,Photography studio,Bhatar Road,+91 95581 94459,info@taj.studio,https://www.taj.studio/,GPU editing workstations; video storage/NAS; color-grading; backup; AMC,Candid/pre-wedding 4K volume,Established Bhatar Road studio,Owner/Founder,Contact found,"401, Sakar Complex, Near Rupali Naher, Bhatar Road, Surat 395001",Company website,https://www.taj.studio/contact-us/,SME,"Candid, pre-wedding, wedding photography & video; Bhatar Road"
L0496,B,64,BplusK Architects,Architecture & CAD/Engineering,Architecture firm,Piplod,,,http://bplusk.in/,GPU workstations for architecture/interior rendering; dual monitors; NAS; backup; networking; AMC,Active client-focused design practice,Studio in prime Piplod commercial hub,Principal Architect / Partner,Existence-verified (contact pending),"302, 3rd Floor, Union Heights, B/H Lalbhai Contractor Stadium, Rahulraj Mall Lane, Maharana Pratap Rd, Piplod, Surat, Gujarat 395007",Company website,https://www.bplusk.in/contact,Small-mid,Phone not visible on source
L0497,B,64,Tej Consultant,Architecture & CAD/Engineering,Architecture / Structural / Urban planning,Adajan,,,https://www.indiamart.com/tej-consultants/,GPU workstations for architecture + structural design + interior CAD/rendering; dual monitors; NAS; backup; networking; AMC,"Architecture, structural design, interior, project mgmt & valuation; many Surat projects (5 yrs)",Broad service mix; steady local volume,Principal / Partner,Existence-verified (contact pending),"S-7-8-9-10, Meghdhanush Apartment, B/s Kalpana Society, Adajan Patiya, Surat 395005",IndiaMART profile,https://www.indiamart.com/tej-consultants/aboutus.html,Small-mid,Multi-discipline consultancy
L0498,B,64,Patel Motors (TVS),Automobile Dealership,Two-wheeler dealer (TVS),Udhna Darwaja,918153828788,,https://dealers.tvsmotor.com/,Billing desktops; showroom + workshop CCTV; networking + guest Wi-Fi; digital signage; AMC,Showroom + service,TVS 2W + iQube EV growth,Owner / Admin,Contact found,"Plot No 867/AF/P6, Near Kotak Mahindra Bank, Udhna Darwaja, Surat",Brand dealer site,https://dealers.tvsmotor.com/tvs-motors/tvs-patel-motors-two-wheeler-dealer-udhnaa-darwaja-surat-178162/Home,Authorized TVS 2W dealer,TVS dealer locator listing
L0499,B,64,Vinod Honda (Two Wheeler),Automobile Dealership,Two-wheeler dealer (Honda),Jahangirpura,7387875048,,,Billing desktops; showroom + workshop CCTV; networking + guest Wi-Fi; digital signage; AMC,Showroom + workshop,Honda 2W dealer,Owner / Admin,Contact found,"1-4 Sarita Society, Near Jahangirpura Dabholi Bridge, Near LG Service Centre, Jahangirpura Main Road, Surat 395005",Aggregator listing,https://www.zigwheels.com/bikes/dealers/honda/Surat,Authorized Honda 2W dealer,Phone from ZigWheels Honda Surat listing
L0500,B,64,Zealay Automotive (Royal Enfield),Automobile Dealership,Two-wheeler dealer (Royal Enfield),Udhna,9619870419,,https://dealers.royalenfield.com/,Billing desktops; showroom + workshop CCTV; networking + guest Wi-Fi; digital signage; AMC,Showroom + service,RE dealer,Owner / Admin,Contact found,"Plot No 30, J B Compound, Opp Laxmi-narayan Temple, Udhna, Surat 394210",Brand dealer site,https://dealers.royalenfield.com/gujarat/surat/udhna-zealay-automotive-9110142860,"Authorized Royal Enfield dealer, Udhna",RE dealer locator listing
L0501,B,64,Pirates BPO Services,BPO/Logistics/Print,BPO/Call Center,Surat,,,,bulk desktops + headsets; servers; networking + firewall; CCTV; AMC,Seat expansion,"GST/TrustSEAL verified, 3.9 rating, 86% response rate",Operations Manager / Owner,Existence-verified (contact pending),,JustDial,https://www.justdial.com/Surat/BPO/nct-10055809,SME,"Pirates BPO Services (OPC) Pvt Ltd, listed on JustDial Surat BPO"
L0502,B,64,Tasveer Digital Press,BPO/Logistics/Print,Printing/Digital,"Delhi Gate / Ring Road, Surat",0261-4017272,info@tasveercolorlab.com,https://www.tasveercolorlab.com/,pre-press color workstations; photo-book RIP; large color monitors; networking; CCTV; AMC,"Photo books, albums, catalogs; digital + offset",Long-established (1948); digital photo & offset printing,Owner / Purchase,Contact found,"A-2, Shree Kuberji Textile Park, Behind Belgium Tower, Opp Linear Bus Stand, Delhi Gate, Ring Road, Surat - 395003",IndiaMART / Company website,https://www.indiamart.com/tasveerdigitalpress/profile.html,SME (est. 1948),"Phone 0261-4017272, mobile 9727727279; email info@tasveercolorlab.com"
L0503,B,64,The Boo Boo Club,BPO/Logistics/Print,E-commerce/D2C,Surat,,,https://www.firstcry.com/the-boo-boo-club/6/0/1006953,office/design PCs; e-comm/ERP server; networking; CCTV; barcode/handhelds; AMC,Kidswear D2C scaling on marketplaces + own channel,Leading Surat kidswear e-comm brand (0-4 yrs segment),Owner / Operations Manager,Existence-verified (contact pending),,FirstCry / retailer listing,https://www.firstcry.com/the-boo-boo-club/6/0/1006953,SME-Mid (D2C),"D2C kidswear (Muslin Jhablas, frocks, night suits); Surat-based"
L0504,B,64,Nakrani Rabadiya & Co,Finance & Professional,CA / Audit firm,Nana Varachha,,,https://nakranirabadiyanco.in/,multi-seat desktops; Tally/data server + NAS backup; firewall; CCTV; UPS; AMC,Virtual CFO/company registration services; digitization,Virtual CFO service line,Partner,Existence-verified (contact pending),"Vikas Shoppers, 247-248, Vraj Chowk Rd, Sarthana Jakat Naka, Zeal Park, Nana Varachha, Surat-395013",Company site,https://nakranirabadiyanco.in/chartered-accountant-in-surat/,Full-service CA firm,"Audit, GST, income tax, company reg, virtual CFO"
L0505,B,64,Navjivan Nagrik Co-operative Credit & Supply Society Ltd,Finance & Professional,Credit co-op society,Surat,,,https://www.navjivannagrikcoopsociety.com/,multi-seat desktops; data server + NAS backup; networking/firewall; CCTV + access control; UPS; AMC,Member/credit data digitization & security,Operating credit society with insurance arm,Branch Manager,Existence-verified (contact pending),,Company site,https://www.navjivannagrikcoopsociety.com/Home/Contact,Co-op credit & supply society,Credit & supply society; insurance services
L0506,B,64,Gautam Industrial Corporation Pvt Ltd,GIDC Manufacturing,Engineering / Pipe Fittings & Valves,GIDC Sachin,,,https://gautamindustrial.com/,ERP/design workstations; CAD desktops; industrial PCs; CCTV; networking + Wi-Fi; biometric access; AMC,"Supplies pipe fittings/flanges/valves to oil & gas, refineries, power, nuclear",3-decade supplier to refineries/petrochem/power,Plant Head / Purchase / Director,Existence-verified (contact pending),"Plot No. 5420, Road No. 54, Sachin GIDC, Surat 394520, Gujarat",Company website,https://gautamindustrial.com/,"Medium (estd 1980; serves oil & gas, refineries, nuclear)","SS/CS/alloy pipe fittings, flanges, ball valves, spools"
L0507,B,64,Mahavir Synthesis Pvt Ltd,GIDC Manufacturing,Dyes & Dye Intermediates,GIDC Sachin,,,https://www.mahavirsynthesis.com/,ERP servers; plant & office desktops; industrial PCs; CCTV; networking + Wi-Fi; biometric access; AMC,Large producer of dye intermediates; export demand,Pioneer since 1973; biggest regional dye-intermediate maker,IT Manager / Purchase / Director,Existence-verified (contact pending),"Block No. 304B & 305, Sachin Magdalla Road GIDC, Sachin, Surat 394230, Gujarat",Company website,https://www.mahavirsynthesis.com/,Medium (estd 1973; major dye intermediates producer),Dyes intermediates; ~Rs 4.5cr capital
L0508,B,64,Sahajanand Valves Pvt Ltd (Swastik),GIDC Manufacturing,Engineering / Industrial Valves,GIDC Sachin,+91 261 2397367,sales@swastikvalves.in,https://www.swastikvalves.in/,ERP/design workstations; CAD desktops; industrial PCs; CCTV; networking + Wi-Fi; biometric access; AMC,Supplies valves to process industries; brand expansion (Swastik),Top valve manufacturer in Surat; process-industry supplier,Plant Head / Purchase / Director,Contact found,"Plot No 5616, Road No 56, GIDC Sachin, Surat 394520, Gujarat",IndiaMART / company,https://www.indiamart.com/svpl/profile.html,Medium (industrial valve manufacturer for process industries),Ball/needle/industrial valves; brand 'Swastik'
L0509,B,64,"Income Tax Department, Surat (Aaykar Bhavan)",Government & PSU,Central Govt / Revenue,"Majura Gate, Surat",,,https://www.incometax.gov.in/,bulk office desktops; CCTV + access control; servers/storage; networking + Wi-Fi; AMC (GeM),e-governance/digitization; office IT refresh,Office modernization; record digitization,CCIT Surat HQ / Administration purchase (GeM/tender),Existence-verified (contact pending),"Aaykar Bhavan, Opp. Civil Hospital, Majura Gate, Surat-395002",Official income tax directory,https://www.incometaxindia.gov.in/documents/d/gujarat/directory-officers,Large multi-floor office; many ranges/wards,Houses multiple ITOs; CCIT Surat issues hiring/security tenders
L0510,B,64,PP Savani Hospital (Kapodra),Healthcare,Multispecialty hospital,Kapodra / Varachha,,,https://www.practo.com/surat/hospital/p-p-savani-hospital-kapodra,HIS/EMR servers; imaging/lab workstations; billing desktops; networking + Wi-Fi; CCTV; UPS; AMC,Group-backed expansion across Surat,PP Savani group multi-unit growth,Hospital Administrator / Group Purchase,Existence-verified (contact pending),"Varachha Main Road, Kapodra area, Surat 395006",Practo listing,https://www.practo.com/surat/hospital/p-p-savani-hospital-kapodra,Multispecialty (PP Savani group),Group unit; verify if distinct from Heart Institute
L0511,B,64,Prabhat Pathology Laboratory,Healthcare,Pathology lab / diagnostics,Varachha Road,,,https://prabhatlab.in/,LIS servers + storage; analyzer-integrated workstations; reception/billing desktops; networking + Wi-Fi; CCTV; UPS; AMC,High test volume needs LIS + reporting infra,Established lab; broad test menu,Lab Director / Owner / IT,Existence-verified (contact pending),"Hira Baug, Varachha Road, Surat",Lab website,https://prabhatlab.in/,1000+ clinical tests; diagnostic centre,Established lab; capture contact
L0512,B,64,Udhna Dental Multispeciality Clinic & Oral Cancer Rehabilitation Centre,Healthcare,Multispeciality dental hospital,Udhna,,,https://udhnahospital.com/,HIS/EMR servers; dental + oncology imaging workstations; reception/billing desktops; networking + Wi-Fi; CCTV; UPS; AMC,50-bed dental + oral cancer rehab = HIS + imaging,Combined dental hospital + oral cancer rehab; institutional scale,Hospital Administrator / Owner-doctor,Existence-verified (contact pending),Southern Surat (Udhna region) - 50-bed multispecialty dental hospital,Hospital website,https://udhnahospital.com/,ISO-certified 50-bed multispecialty dental + oral cancer centre,50-bed dental hospital = HIS scale; capture contact
L0513,B,64,Sri Sairam Group,Hospitality & Real Estate,Real estate developer / Builder,Surat,,,https://srisairamgroup.com/about-us/,Site CCTV; sales-gallery & office PCs; networking; server/NAS; AMC,Active project pipeline,Growing developer,Director / Purchase,Existence-verified (contact pending),Surat,Builder official site,https://srisairamgroup.com/about-us/,Residential + commercial developer,Distinct Surat developer; own site
L0514,B,64,Instance IT Solutions Pvt. Ltd.,IT & Software,IT solutions / software development,"Dabholi/Causeway, Surat",+91 82001 82588,,https://www.instanceit.com/,Developer workstations; server + NAS; firewall + switches + Wi-Fi; CCTV; AMC,Celebrating 10 years; also a Vesu/VR Mall location,10-year milestone; multi-location in Surat,Director or IT Head,Contact found,"13-17, 1st Floor, Shivan Avenue, Causeway Link Rd, opp. Hyundai Service Center, Surat 395004",Company website (contact page) + Sulekha,https://www.instanceit.com/reach-us,Small-Medium (10 yrs),Phone captured; multi-location indicates networking/CCTV need
L0515,B,64,Upmetrics,IT & Software,SaaS (business-plan / ERP software),"Utran, Surat",,,https://upmetrics.co/,Dev workstations; server + NAS; firewall + switches + Wi-Fi; CCTV; AMC,Founded 2019; cloud SaaS (business planning / ERP),Growing SaaS product team in Utran IT belt,Founder/Director (Vinay Kevadiya),Existence-verified (contact pending),"3082, Silver Business Point, Utran, Surat 394105",Company website + Tracxn + Glassdoor,https://upmetrics.co/,Small-Medium (since 2019),Product SaaS team; confirm contact; steady compute need
L0516,B,64,Gehna Shop,Jewellery,Jewellery showroom/retailer,Ghod Dod Road,+91-96383-10354,,,high-density CCTV + access control (critical); POS/billing PCs; networking + Wi-Fi; AMC,Ghod Dod Road retail corridor,Established showroom,Store/Admin manager,Contact found,"G-9, Rangeela Park Shopping Center, Ghod Dod Road, Surat 395007",directory,https://www.scribd.com/document/879082529/Jewellers-in-Surat-Contact-Details,Small-medium (showroom),
L0517,B,64,Premvati Gold,Jewellery,Gold jewellery showroom/manufacturer,Katargam,,,https://premvatigold.org/,high-density CCTV + access control (critical); POS/billing PCs; networking + Wi-Fi; AMC,Katargam retail/manufacturing,Sister unit to Premvati Diamond,Owner/Director,Existence-verified (contact pending),"Behind Kantareshwar Mahadev Mandir, Lalita Chokdi, Katargam, Surat",company_website,https://premvatigold.org/,Small-medium (gold jewellery showroom/mfr),
L0518,B,64,Aom Diamond,Lab-Grown Diamond,CVD & HPHT diamond manufacturer / exporter,Utran (Varachha),,,,GPU workstation for planning/grading; rack server + NAS; CCTV + access control; managed switches + Wi-Fi; AMC,Manufacturer/trader/wholesaler/exporter of CVD/LGD/HPHT since 2017; partner Ashwin Nakrani,Founded 2017; expanding LGD trade,Owner (Ashwin Nakrani),Existence-verified (contact pending),604 Victoriya Heritage Opposite Shaligram Status Utran Pow Varachha Surat 394101,IndiaMART listing,https://www.indiamart.com/aomdiamond/about-us.html,"Small-medium - est 2017, CVD/HPHT manufacturer/trader/exporter",Phone/email not visible on source
L0519,B,64,Mahant Exports,Lab-Grown Diamond,CVD & HPHT diamond manufacturer / wholesaler,Katargam,,,,GPU workstation for planning/grading; rack server + NAS; CCTV + access control; managed switches + Wi-Fi; AMC,Manufacturer/wholesaler of LGD CVD/HPHT since 2017; growth-stage,Founded 2017; growing CVD/HPHT wholesale,Owner/Director,Existence-verified (contact pending),Plot No 8 R.S.No 407 Pramukh Gems Building Bambawadi Katargam Surat 395004,IndiaMART listing,https://www.indiamart.com/mahant-exports/profile.html,"Small-medium - est 2017, CVD/HPHT manufacturer/wholesaler",Phone/email not visible on source
L0520,B,64,The Dream Stories,Media/Video/Photo,Wedding photography & videography,Mota Varachha / Piplod,,,,GPU editing rigs; cinematic video storage/NAS; color-grading; backup; AMC,4K candid + cinematic wedding volume,20+ yrs in still & videography,Owner/Founder,Existence-verified (contact pending),"Sai Ashish Society II, 27/28, near Chandni Chowk Complex, Piplod, Surat 395007",WeddingWire profile,https://www.weddingwire.in/wedding-photographers/the-dream-stories--e76648,2+ decades; SME,"Candid & traditional photography, wedding albums, pre-wedding, videography"
L0521,B,64,Metro Shoes - Surat,Retail & Supermarket,Branded footwear retail chain,Bhaga Talav,,,https://stores.metroshoes.com,bulk POS/billing desktops; loss-prevention CCTV; per-store networking + Wi-Fi; AMC,Store operating Bhaga Talav,National footwear retailer present in Surat,Purchase / Store Manager,Existence-verified (contact pending),Bhaga Talao Main Rd Surat,Official store,https://stores.metroshoes.com/metro-shoes-bhaga-talao-main-road-surat-gujarat-srt,National footwear chain; Surat store,Footwear retail; POS + CCTV per store
L0522,B,64,Army Looms & Textiles Company,Textile Manufacturing,Textile machinery (weaving looms),Surat,,,https://www.armylooms.in/,ERP servers; CAD/design & billing PCs; CCTV; networking + Wi-Fi; biometric attendance; AMC,Loom manufacturer/exporter; multi-machine range,Jacquard + waterjet loom production,Owner/Director or Admin manager,Existence-verified (contact pending),"Surat, Gujarat",Company website,https://www.armylooms.in/,"Mid: mfr/exporter of rapier, power loom, jacquard, waterjet looms",Loom maker; design/shop-floor IT/CCTV need
L0523,B,64,Bright Weaves Pvt Ltd,Textile Manufacturing,Weaving (EPC member),Pandesara,,,http://www.txcindia.gov.in/html/Consolidated%20list%20of%20EPC%20member%20units%20yet%20to%20submit%20returns%20online.pdf,ERP/Tally servers; shop-floor & billing PCs; large-area CCTV; networking + Wi-Fi; biometric attendance; AMC,EPC member exporter; weaving operations,EPC-registered exporter,Owner/Director or Factory manager,Existence-verified (contact pending),"Plot No. 130, Jay Jalaram Industrial Society, Pandesara, Surat 394221",Govt EPC member list,http://www.txcindia.gov.in/html/Consolidated%20list%20of%20EPC%20member%20units%20yet%20to%20submit%20returns%20online.pdf,"Mid: weaving/export unit, Pandesara",Govt EPC-listed weaving unit; shop-floor IT/CCTV need
L0524,B,64,Tulsi Syntex Pvt Ltd,Textile Manufacturing,Synthetic fabric / Processing (EPC member),Pandesara,,,http://www.txcindia.gov.in/html/Consolidated%20list%20of%20EPC%20member%20units%20yet%20to%20submit%20returns%20online.pdf,ERP/Tally servers; billing & shop-floor PCs; large-area CCTV; networking + Wi-Fi; biometric attendance; AMC,EPC member exporter; synthetic fabric operations,EPC-registered exporter,Owner/Director or Admin manager,Existence-verified (contact pending),"Plot No. 123-124, GIDC, Pandesara, Surat 394221",Govt EPC member list,http://www.txcindia.gov.in/html/Consolidated%20list%20of%20EPC%20member%20units%20yet%20to%20submit%20returns%20online.pdf,"Mid: synthetic textile/export unit, GIDC Pandesara",Govt EPC-listed synthetic textile unit; multi-plot Pandesara footprint
L0525,B,64,Weavetech Engineers Ltd,Textile Manufacturing,Textile machinery (weaving looms),Surat,,,https://www.weavetech.in/power-loom-machine.html,ERP servers; CAD/design & billing PCs; CCTV; networking + Wi-Fi; biometric attendance; AMC,Automatic loom + electronic jacquard production,Electronic jacquard weaving lines,Owner/Director or Admin manager,Existence-verified (contact pending),"Surat, Gujarat",Company website,https://www.weavetech.in/power-loom-machine.html,Mid: mfr of automatic power loom + rapier electronic jacquard weaving machines,Automatic loom maker; design/shop-floor IT/CCTV scope
L0526,B,64,Ekta International,Textile Trade & Design,Saree wholesaler,Ring Road / Millennium Market,,,,bulk billing/POS desktops; CCTV; networking + Wi-Fi; AMC,Wholesale digitization,Long-established (since 1997),Owner / Partner,Existence-verified (contact pending),"I-2491-92, Upper Ground, Millennium Textile Market, Ring Road, Surat 395002",Business directory,https://www.justdial.com/Surat/Ekta-International-Ring-Road/0261PX261-X261-131212152240-N9I5_BZDET,Estd 1997; wholesaler,Saree wholesaler in Millennium market
L0527,B,64,Sunrise Fashion,Textile Trade & Design,Designer saree wholesaler,Ring Road / Millennium Market,,,,bulk billing/POS desktops; CCTV; networking + Wi-Fi; AMC,Wholesale digitization,Established 2008; two locations,Owner / Partner,Existence-verified (contact pending),"D-2177, 2178 Millennium Textile Market, 80 Feet Road, Ring Road, Surat 395002",Business directory,https://www.justdial.com/Surat/Sunrise-Fashion-Exclusive-Fancy-Printed-Designer-Sarees-Ring-Road/0261PX261-X261-131210214644-S5L8_BZDET,Estd 2008; fancy printed designer sarees,Also at Vardhman Textile Market; fancy printed/designer sarees
L0528,B,63,Sarvoday Enterprise,BPO/Logistics/Print,Printing/Packaging,"Udhana, Surat",,,https://www.sarvodayenterprise.com/,pre-press design workstations; RIP server; large monitors; networking; CCTV; AMC,Diverse packaging-box printing (garment/cosmetic/confectionery),Wide packaging product range; proprietor Kamlesh Dobariya,Owner / Purchase,Existence-verified (contact pending),"Ground Floor, Plot 18,19, Revanagar Industrial Society, South Zone Office Road, Udhana, Surat - 394210",Company website,https://www.sarvodayenterprise.com/,SME,Manufacturer of printing services & packaging boxes; Udhana Surat
L0529,B,63,Prakash Kapooria & Associates,Finance & Professional,CA / Audit firm,Magob,,,,multi-seat desktops; Tally/data server + NAS backup; firewall; CCTV; UPS; AMC,GST filing volume; MSME loan advisory,MSME loan/finance advisory expansion,Partner,Existence-verified (contact pending),"324 Times Square, Opp Landmark Empire, Near Vakil Wadi, Magob Parvat Patiya, Surat-395010",Directory/Blog,https://www.thinkingbridge.in/blog/top-ca-firms-in-surat,Tax-focused practice,"Direct & indirect tax, GST, MSME loans"
L0530,B,63,Forefront Infotech,IT & Software,ASP.NET software dev / web / SEO,"Adajan / Railway Station, Surat",,,https://in.linkedin.com/company/forefront-infotech,Developer workstations; server + NAS; firewall + switches + Wi-Fi; CCTV; AMC,"Actively hiring ASP.NET Developer, SEO Executive, HR Executive",Active hiring across roles = headcount growth (workstation demand),Founder/Director or HR/Admin,Existence-verified (contact pending),"Adajan & Railway Station area, Surat",LinkedIn company page (hiring posts),https://in.linkedin.com/company/forefront-infotech,Small-Medium,Hiring signal strong; confirm exact address/phone before outreach
L0531,B,63,iRoid Solutions,IT & Software,Mobile app / web development (AI-powered),Surat,+91 90238 68898,business@iroidsolutions.in,https://iroidsolutions.com/,Developer workstations; server + NAS; firewall + switches + Wi-Fi; CCTV; AMC,"Founded 2015 in Surat; iOS/Android origin, now AI-powered dev",AI repositioning + ~10 yrs in market,Founder/Director,Contact found,"318, 3rd Floor, Fortune High Street, Opp. Western Arena, Surat",Instagram (Surat) + company site,https://www.instagram.com/iroid_solutions/,Small-Medium (founded 2015),Phone/email captured from source; confirm full address
L0532,B,63,iVIPANAN Digital Marketing,IT & Software,Digital marketing agency + institute,"Adajan, Surat",+91 98794 56211,info@ivipanan.co.in,https://www.ivipanan.co.in/,Creative workstations + training-lab PCs; NAS; firewall + switches + Wi-Fi; CCTV; AMC,Founded 2014; agency + digital marketing institute,Institute arm = classroom PCs + networking + CCTV,Founder/Director or Admin,Contact found,"401, Shiven Shoppers, Opp. Gangeshwar Mahadev Temple Rd, Adajan, Surat 395009",Company website + Sulekha,https://www.ivipanan.co.in/,Small-Medium (7+ yrs; since 2014),Phone + email captured; agency + training = bulk PC opportunity
L0533,B,63,Excellent Diamond,Lab-Grown Diamond,IGI-certified CVD diamond manufacturer / exporter,Surat,,,https://www.excellentdiamond.in/,GPU workstation for planning/grading; rack server + NAS; CCTV + access control; managed switches + Wi-Fi; AMC,IGI-certified CVD diamond manufacturer/supplier/exporter (certified emerald/polished),Active CVD exporter; sector growth,Owner/Director,Existence-verified (contact pending),"Surat, Gujarat (street address not visible on source)",Company website,https://www.excellentdiamond.in/company-profile.html,Small-medium - IGI-certified CVD manufacturer/supplier/exporter,Distinct from Excellent Corporation; phone/email not visible
L0534,B,63,Hirpara Export,Lab-Grown Diamond,CVD diamond manufacturer / exporter,Varachha (Mini Bazar),,,https://www.hirparaexport.in/,GPU workstation for planning/grading; rack server + NAS; CCTV + access control; managed switches + Wi-Fi; AMC,Manufacturer/exporter of lab-grown diamonds + designer jewelry; CVD focus,Export-oriented LGD + jewelry; sector growth,Owner/Director,Existence-verified (contact pending),821 Rajhansh Tower Near Opera House Mini Bazar Surat 395006,Company website,https://www.hirparaexport.in/contact-us.htm,Small-medium - LGD + natural diamond jewelry manufacturer/exporter,Related person Hirpara Samir (CVD diamond machine background)
L0535,B,63,HRB Exports,Lab-Grown Diamond,CVD rough & polished diamond manufacturer / exporter,Surat,,,https://www.hrb-exports.com/,GPU workstation for planning/grading; reactor/rough handling PCs; rack server + NAS; CCTV + access control; managed switches + Wi-Fi; AMC,Manufacturer/supplier of white CVD rough + lab-grown diamonds from Surat,Active CVD rough supplier; sector growth,Owner/Director,Existence-verified (contact pending),"Surat, Gujarat (street address not visible on source)",Company website,https://www.hrb-exports.com/lab-grown-diamond.htm,Small-medium - white CVD rough + LGD manufacturer/supplier,Rough CVD focus suggests growing/processing; phone/email not visible
L0536,B,63,Meet My Media,Media/Video/Photo,Video production,Surat,,,https://meetmymedia.com/video-production-surat/,GPU editing workstations; fast NAS; backup; color-grading; AMC,Brand films/social ads volume growth,Described as one of fastest-growing video cos in Surat,Founder/Creative Director,Existence-verified (contact pending),"Surat, Gujarat",Company website,https://meetmymedia.com/video-production-surat/,Fast-growing SME,"Brand films, testimonials, social media ads for brands & creators"
L0537,B,62,Mstudio Interior,Architecture & CAD/Engineering,Interior design studio,Adajan,,,https://mstudiointerior.com/,GPU workstations for interior 3D rendering; dual monitors; NAS; backup; networking; AMC,350+ completed projects (homes & offices),High project throughput,Principal / Owner,Existence-verified (contact pending),"Business Bay Centre, 110, opp. Adajan, Surat 395005",Company website,https://mstudiointerior.com/,Mid,Phone not visible on source
L0538,B,62,Nirman Design Studio (Nirman Architects),Architecture & CAD/Engineering,Architecture / Interior firm,Surat,,,https://www.nirman-architects.com/,GPU workstations for architecture/interior rendering & furniture design; dual monitors; NAS; backup; networking; AMC,Founded 2014; 100+ projects across residential/commercial/hospitality,11+ years collective expertise; multidisciplinary growth,Principal Architect / Partner,Existence-verified (contact pending),"SNS Business Park, Surat (partial)",Company website,https://www.nirman-architects.com/,Small-mid,Address partial on source; serves clients globally
L0539,B,62,Optima Engineers & Developers,Architecture & CAD/Engineering,Structural consultant,Surat,,,https://www.optimadevelopers.com/structural-consultancy/index.html,GPU workstations for structural analysis/design software (latest tools); dual monitors; NAS; backup; networking; AMC,"Residential, commercial, institutional & industrial structural consultancy",Diversified project sectors,Principal Engineer / Partner,Existence-verified (contact pending),"Surat, Gujarat",Company website,https://www.optimadevelopers.com/structural-consultancy/index.html,Small-mid,Uses latest structural software per source
L0540,B,62,Ambika Motors (TVS),Automobile Dealership,Two-wheeler dealer (TVS),Jahangir Pura,917824006952,,https://dealers.tvsmotor.com/,Billing desktops; showroom + workshop CCTV; networking + guest Wi-Fi; digital signage; AMC,Showroom + service,TVS 2W dealer,Owner / Admin,Contact found,"Plot No 42/3, Olpad Road, Near Shell Petrol Pump, Jahangir Pura, Surat",Brand dealer site,https://dealers.tvsmotor.com/tvs-motors/amp/tvs-ambika-motors-two-wheeler-dealer-jahangir-pura-surat-242136/Home,Authorized TVS 2W dealer,TVS dealer locator listing
L0541,B,62,KDN Automobiles (Hero MotoCorp),Automobile Dealership,Two-wheeler dealer (Hero),Una Pani Road,,,https://dealers.heromotocorp.com/,Billing desktops; showroom + workshop CCTV; networking + guest Wi-Fi; digital signage; AMC,Showroom + service,Hero 2W dealer,Owner / Admin,Existence-verified (contact pending),"Moti Raghewji Compound, Lal Darwaja, Una Pani Road, Surat 395003",Brand dealer site,https://dealers.heromotocorp.com/k-d-n-automobiles-hero-motocorp-two-wheeler-dealer-una-pani-road-surat-33702/Home,Authorized Hero 2W dealer,Hero dealer locator listing
L0542,B,62,Power Bikes (Yamaha),Automobile Dealership,Two-wheeler dealer (Yamaha),Adajan,,,https://www.bikes4sale.in/,Billing desktops; showroom + workshop CCTV; networking + guest Wi-Fi; digital signage; AMC,Showroom + service,Yamaha 2W dealer,Owner / Admin,Existence-verified (contact pending),"G1 G2 G3 Western Corridor, Near Pramukh Swami Hospital, Adajan Char Rasta, Surat 395009",Aggregator listing,https://www.bikes4sale.in/new-bike-showrooms/dealer/yamaha/gujarat/surat/1516/power-bikes-pvt-ltd,Authorized Yamaha 2W dealer,Power Bikes Pvt Ltd
L0543,B,62,Padmavati Printing Press,BPO/Logistics/Print,Printing Press,"Ring Road / Udhna, Surat",,,,pre-press design workstations; RIP server; large monitors; networking; CCTV; AMC,Offset printing + sheetfed machine dealership,Authorized dealer of sheetfed offset machines (capex-active),Owner / Purchase,Existence-verified (contact pending),"No.33/1-2, Jairam Kalidas Wadi, Opp Ganesh Dyeing Mill, Behind Subjail, Ring Road, Surat - 395001",IndiaMART,https://www.indiamart.com/company/29950827/,SME,Offset printing + sheetfed offset machine retail dealer; Ring Road Surat
L0544,B,62,Plactive Group,BPO/Logistics/Print,BPO/Call Center,Surat,,,https://www.indiamart.com/plaptive-group/bpo-services.html,bulk desktops + headsets; servers; networking + firewall; CCTV; AMC,New seats / client wins,BPO + call center service provider,Operations Manager,Existence-verified (contact pending),,IndiaMART,https://www.indiamart.com/plaptive-group/bpo-services.html,SME,"BPO and call center services provider, Surat"
L0545,B,62,Dirgh Diamond Pvt Ltd,Diamond & Bourse,Diamond wholesaler/manufacturer,Mahidharpura,+91 9925666966,,,Diamond-planning workstations; managed networking; CCTV + access control; office desktops; AMC,Long-established 21-yr operation,Established wholesaler/manufacturer,Owner/Partner or Admin head,Contact found,"203, 2nd Floor, Shubham Complex, Pipla Street, Mahidharpura, Surat 395003",JustDial + search snippet,https://www.justdial.com/Surat/Dirgh-Diamond-Pvt-Ltd-Mahidharpura/0261PX261-X261-150115122755-A8D4_BZDET,21 yrs in business; certified & non-certified loose diamonds,Certified & fancy-colored loose diamonds; phone captured
L0546,B,62,Smit Diamonds (Greenlab founders),Diamond & Bourse,Lab-grown (CVD) diamond manufacturer,Surat,,,,CVD process workstations; managed networking; CCTV + access control; servers + NAS; AMC,Part of fast-growing LGD wave,Rapid LGD sector growth,Owner/Partner or IT head,Existence-verified (contact pending),"Surat, Gujarat",National Jeweler article,https://nationaljeweler.com/articles/12769-indian-lab-grown-diamond-manufacturers-keep-growing,CVD lab-grown maker (Smit & Sanket Patel of Greenlab),Surat CVD lab-grown segment; affiliated with Greenlab founders
L0547,B,62,Mirae Asset Sharekhan (K M Jhaveri) - Kanpith,Finance & Professional,Stock / commodity broker (sub-broker),Kanpith,,,https://stockbroker-branch.sharekhan.com/,multi-seat desktops + dealing terminals; data server + NAS backup; networking/firewall; CCTV; UPS; AMC,Franchise broking office; trading-tech,Sharekhan authorised partner,Admin,Existence-verified (contact pending),"No 9/1651 & 1794, Opposite Lal Gate, Kanpith, Surat",Company site,https://stockbroker-branch.sharekhan.com/sharekhan-k-m-jhaveri-stock-broker-kanpith-surat-9221/Home,Authorised partner/sub-broker office,"Sharekhan branch, Kanpith"
L0548,B,62,Motilal Oswal (Dhruvesh Mehta) - Machiwad,Finance & Professional,Stock / commodity broker (sub-broker),Machiwad,,,https://stockbroker.motilaloswal.com/,multi-seat desktops + dealing terminals; data server + NAS backup; networking/firewall; CCTV; UPS; AMC,Franchise broking office; trading-tech,Motilal Oswal authorised branch,Admin,Existence-verified (contact pending),"UG-5, Highfield Ascot, VIP Road, Machiwad, Surat",Company site,https://stockbroker.motilaloswal.com/motilal-oswal-financial-services-limited-dhruvesh-mehta-stock-broker-machiwad-surat-121153/Home,Authorised broker franchise office,"Motilal Oswal branch, Machiwad"
L0549,B,62,Pradip Dave & Associates,Finance & Professional,CS / Corporate compliance,Surat,,,https://cspradipdave.com/about-us,multi-seat desktops; data server + NAS backup; firewall; CCTV; UPS; AMC,Secretarial/compliance for listed & unlisted cos,SEBI/startup services expansion,Partner,Existence-verified (contact pending),,Company site,https://cspradipdave.com/about-us,Practicing Company Secretaries firm,"Secretarial, compliance, SEBI, startup services"
L0550,B,62,Aceto Chem Pvt Ltd,GIDC Manufacturing,Dyes & Dye Intermediates,Pandesara,0261-2890998,info@acetochemindia.com,https://www.acetochemindia.in/,ERP servers; plant & office desktops; industrial PCs; CCTV; networking + Wi-Fi; biometric access; AMC,Manufacture/export of dye intermediates; export demand,Established 1976; intermediates exporter,IT Manager / Purchase / Director,Contact found,"Plot No. 90/A, GIDC Pandesara, Surat 394221, Gujarat",Company website,https://www.acetochemindia.in/profile.html,Medium (estd 1976; dye intermediates manufacturer/exporter),N-Phenyl-1-Naphthylamine and other dye intermediates
L0551,B,62,Eskay Speciality Chemicals (SK Group),GIDC Manufacturing,Specialty Chemicals,GIDC Sachin (SEZ),,,https://www.sk1932.com/,ERP servers + storage; plant & office desktops; industrial PCs; CCTV; networking + Wi-Fi; biometric access; AMC,"Serves pharma, food/feed additives, nylon industries; export/SEZ",SEZ-based specialty chemicals; multi-industry,IT Manager / Purchase / Director,Existence-verified (contact pending),"Plot no. 207-B/208, Surat Special Economic Zone, Road no. 4, GIDC Sachin, Surat, Gujarat",Company website,https://www.sk1932.com/eskay-speciality-chemicals,Medium (pharma/food/nylon chemicals; SEZ),"Pharma, food & feed additives, nylon allied chemicals"
L0552,B,62,Bharuch Municipal Corporation (Nagar Seva Sadan),Government & PSU,Municipal Body (South Gujarat),Bharuch,02642-220143,,https://bharuchnagarpalika.com/,bulk office desktops; city CCTV; networking + Wi-Fi; servers; AMC (tender/GeM),Urban e-governance/digitization; surveillance rollout,City IT + camera modernization,Municipal IT / Purchase / Tender cell (GeM),Contact found,"Javahar Municipal Bhavan, Civil Hospital Road, Bharuch",Official site,https://bharuchnagarpalika.com/ContactUs.aspx,Mid-large municipal body,Nearby South Gujarat ULB; alt phone 02642-243525
L0553,B,62,"Central GST & Central Excise Commissionerate, Surat",Government & PSU,Central Govt / Revenue,"Chowk Bazar, Surat",,,https://cgstvadodarazone.gov.in/surat/,bulk office desktops; CCTV + access control; servers/storage; networking + Wi-Fi; AMC (GeM),e-governance/GST digitization; office IT refresh,Audit Commissionerate (Althan) IT build-out,Commissionerate administration / Purchase (GeM/tender),Existence-verified (contact pending),"Ground Floor, Central Excise Building, Opp. Gandhi Baug, Chowk Bazar, Surat-395003",Official .gov.in,https://cgstvadodarazone.gov.in/surat/,Large commissionerate + audit office,"Merged Surat-I, Surat-II, Valsad; audit office at Magnus Bldg Althan"
L0554,B,62,Navsari Municipal Corporation (Mahanagarpalika),Government & PSU,Municipal Body (South Gujarat),Navsari,,,https://nmc.gujarat.gov.in/,bulk office desktops; city CCTV; networking + Wi-Fi; servers; AMC (tender/GeM),Urban e-governance/digitization; surveillance rollout,City IT + camera modernization,Municipal IT / Purchase / Tender cell (GeM),Existence-verified (contact pending),"Near Swami Vivekananda Vegetable Market, Dudhia Talav, Navsari-396445",Official .gov.in,https://nmc.gujarat.gov.in/,Mid-large municipal body,Nearby South Gujarat ULB; recently a corporation
L0555,B,62,DentiCare Dental Care Centre,Healthcare,Multispeciality dental hospital,Parle Point,,,https://denticareindia.com/,Practice-management servers; dental imaging (CBCT/OPG) workstations; reception/billing desktops; networking + Wi-Fi; CCTV; UPS; AMC,"Multi-floor, multi-chair = networked endpoints + imaging",Large established dental hospital with education centre,Owner-doctor / Practice Manager,Existence-verified (contact pending),"Behind Sargam Shopping Centre, Somnath Mahadev Road, Parle Point, Surat 395007",Dental hospital website,https://denticareindia.com/contact-us/,5-floor multispecialty dental hospital; 7 operatories; since 1982,5-floor dental hospital = multi-endpoint + CBCT
L0556,B,62,Sparsh Multispeciality Hospital,Healthcare,Multispecialty hospital,Mota Varachha,,,https://www.justdial.com/Surat/Sparsh-Hospital-Near-Lajamani-Cross-Road-Mota-Varachha/0261PX261-X261-140512152623-B1J4_BZDET,HIS/EMR servers; imaging/lab workstations; billing/reception desktops; networking + Wi-Fi; CCTV; UPS; AMC,Located in fast-developing Mota Varachha residential belt,Mota Varachha expansion corridor,Hospital Administrator / Owner-doctor,Existence-verified (contact pending),"318, 3rd Floor Apple Square, Satellite Road, Near Lajamani Cross Road, Mota Varachha, Surat 394101",Directory (JustDial/Drlogy),https://www.drlogy.com/surat/hospital/sparsh-multispeciality-hospital,Multispecialty (Mota Varachha growth belt),Growth-belt multispecialty; contact pending
L0557,B,62,Greenland Resort,Hospitality & Real Estate,Resort,Palsana,,,https://weddingz.in/surat/greenland-resort-palsana/,Front-desk PCs; guest Wi-Fi + networking; CCTV; banquet AV; AMC,Wedding/events resort,Event-season demand,Owner / Admin,Existence-verified (contact pending),"Next to Sanskar Vidhya Sankul, Palsana-Baleshwar Rd, Palsana, Surat",Wedding venue portal,https://weddingz.in/surat/greenland-resort-palsana/,Resort with wedding lawns/halls,Allows mandap/hawan; events-driven venue
L0558,B,62,Imperial Square Mall,Hospitality & Real Estate,Shopping mall,Surat,,,https://www.holidify.com/pages/malls-in-surat-1878.html,Mall management PCs; visitor Wi-Fi + networking; CCTV/access control; AMC,Established mall,Retail footfall,Admin / Mall IT Manager,Existence-verified (contact pending),Surat,Travel guide,https://www.holidify.com/pages/malls-in-surat-1878.html,Mall,Listed among Surat malls
L0559,B,62,Iscon Mall Surat,Hospitality & Real Estate,Shopping mall,Surat,,,https://www.holidify.com/pages/malls-in-surat-1878.html,Mall management PCs; visitor Wi-Fi + networking; CCTV/access control; AMC,Established mall,Retail footfall,Admin / Mall IT Manager,Existence-verified (contact pending),Surat,Travel guide,https://www.holidify.com/pages/malls-in-surat-1878.html,Mall,Listed among Surat malls
L0560,B,62,Synthesis Group,Hospitality & Real Estate,Real estate developer / Builder,Surat,,,https://www.99acres.com/builders-in-surat-bffid,Site CCTV; sales-gallery & office PCs; networking; server/NAS; AMC,Active project pipeline,Growing developer,Director / Purchase,Existence-verified (contact pending),Surat,Real estate portal,https://www.99acres.com/builders-in-surat-bffid,Developer,Listed Surat builder on 99acres
L0561,B,62,The Country Club Surat,Hospitality & Real Estate,Club / Banquet venue,Adajan,,,https://www.countryclubmail.com/,Front-desk PCs; guest Wi-Fi + networking; CCTV; banquet AV; AMC,Club with event halls + lawns,Membership/events venue,Admin / Owner,Existence-verified (contact pending),"623-624, Mahadevbhai Desai Road, Next to Pramukh Swami Hospital, Adajan, Surat",Venue portal,https://www.venuelook.com/surat/resorts,Club + banquet halls,Family/celebration venue in Adajan
L0562,B,62,Veneziano Mall,Hospitality & Real Estate,Shopping mall,Vesu,,,https://www.holidify.com/pages/malls-in-surat-1878.html,Mall management PCs; visitor Wi-Fi + networking; CCTV/access control; AMC,Mall in upscale Vesu,Vesu growth corridor,Admin / Mall IT Manager,Existence-verified (contact pending),"Vesu, Surat",Travel guide,https://www.holidify.com/pages/malls-in-surat-1878.html,Mall,Located in upscale Vesu
L0563,B,62,Differenz System Pvt. Ltd.,IT & Software,Web & mobile app development,"Adajan, Surat",+91 261 457 4179,,https://www.differenzsystem.com/,Developer workstations; server + NAS; firewall + switches + Wi-Fi; CCTV; AMC,Incorporated 2013; web & mobile app dev,Established Adajan dev shop,Director or IT/Admin Head,Contact found,"307-308 Shivalik Western, LP Savani Rd, Adajan Gam, Surat 395009",Company website (contact page) + Sulekha,https://www.differenzsystem.com/contact,Small-Medium (since 2013),Landline captured from source; Adajan IT cluster
L0564,B,62,RJSquare Infotech,IT & Software,Web / app / UI-UX / offshore dev,"Mota Varachha (Digital Valley), Surat",,info@rjsquareinfotech.com,https://www.rjsquareinfotech.com/,Developer workstations; server + NAS; firewall + switches + Wi-Fi; CCTV; AMC,"7+ years; 100+ mobile apps, web, IoT products",Located in IT Park / Digital Valley cluster; IoT work,Founder/Director,Contact found,"901-902, IT Park, Mota Varachha - Digital Valley, Surat 394105",Company website + JustDial,https://www.rjsquareinfotech.com/,Small-Medium (7+ yrs; 100+ apps),In Surat IT Park; email on site; IoT adds hardware lab angle
L0565,B,62,Sassy Infotech Pvt. Ltd.,IT & Software,Web design & development / digital marketing,"Udhana Darwaja (Ring Road), Surat",+91 87806 38433,info@sassyinfotech.com,https://www.sassyinfotech.com/,Developer/designer workstations; server + NAS; firewall + switches + Wi-Fi; CCTV; AMC,"Incorporated 2013; web design, SEO, PPC, e-commerce",Established agency on Ring Road business corridor,Director or IT/Admin Head,Contact found,"101, Meridian Tower 2, Udhana Darwaja, Ring Road, Surat 395002",Company website (contact page) + ZaubaCorp,https://sassyinfotech.com/contact-us,Small-Medium (since 2013),Phone + email captured; design team = higher-spec PCs
L0566,B,62,White Orange Software,IT & Software,"Software development (MERN, Flutter, UI/UX)","Varachha, Surat",,,https://whiteorangesoftware.com/,Developer workstations; small server/NAS; firewall + switches + Wi-Fi; CCTV; AMC,Founded 2014; rapidly growing; MERN/Flutter focus,Described as rapidly growing dev firm,Founder/Director,Existence-verified (contact pending),"2nd Floor, Manikunj Building, L.H. Road, Varachha, Surat 395006",Company website + listicle,https://whiteorangesoftware.com/,Small-Medium (est. 2014),Phone/email not seen on source; address confirmed
L0567,B,62,Khushalbhai Jewellers,Jewellery,Jewellery retailer/showroom,Surat,,,https://www.khushalbhaijewellers.com/,high-density CCTV + access control (critical); POS/billing PCs; networking + Wi-Fi; AMC,Online + retail presence,Established jeweller,Owner/Director,Existence-verified (contact pending),"Surat, Gujarat",company_website,https://www.khushalbhaijewellers.com/,Small-medium (retail showroom),Distinct from D Khushalbhai Jewellers
L0568,B,62,Nathdhwar Diamonds,Jewellery,Diamond/gold ornament dealer-manufacturer,Mahidharpura,,,,high-density CCTV + access control (critical); CAD workstations; networking + Wi-Fi; server/NAS; AMC,Mahidharpura diamond market wholesale,Diamond cluster location,Owner/Director,Existence-verified (contact pending),"202, Mahidharpura, Surat",directory,https://www.justdial.com/Surat/Gold-Jewellery-Wholesalers-in-Mahidharpura/nct-10931221,Small-medium (diamond + gold ornament dealer),
L0569,B,62,Satva Gold,Jewellery,Gold jewellery retailer (online + Surat),Surat,,,https://www.satvagold.com/,high-density CCTV + access control (critical); POS/billing PCs; networking + Wi-Fi; AMC,Online gold shopping for Surat market,E-commerce + retail growth,Owner/Director,Existence-verified (contact pending),"Surat, Gujarat",company_website,https://www.satvagold.com/surat/,Small-medium (gold jewellery retailer),
L0570,B,62,Gemone Diamond (Jewelry brand),Lab-Grown Diamond,LGD jewelry manufacturer / retailer,Surat,,gemone.diamonds@gmail.com,https://gemonediamond.com/,GPU workstation for jewelry CAD/planning; rack server + NAS; CCTV + access control; managed switches + Wi-Fi; AMC,Lab-grown diamonds + fine jewelry brand (retail arm of Gemone Diamonds),Growing LGD jewelry retail; sector growth,Owner/Director,Contact found,"Surat, Gujarat (street address not visible on source)",Company website,https://gemonediamond.com/pages/contact-us,Small-medium - lab-grown diamonds + fine jewelry brand,Distinct jewelry-brand domain from gemonediamonds.in
L0571,B,62,Lepdo (Lepdo LLC),Lab-Grown Diamond,CVD & HPHT diamond retailer / exporter,Mota Varachha / Mini Bazar,,,https://www.lepdollc.com/,GPU workstation for planning/grading; rack server + NAS; CCTV + access control; managed switches + Wi-Fi; AMC,"Trader-retailer of CVD/HPHT lab-grown diamonds; custom sizes, wholesale + export",Two locations; growing export/retail,Owner/Director,Existence-verified (contact pending),No 1212 Pragati IT Park Building B Opp AR Mall Utran Mota Varachha Surat 394105; also 8th Floor Office 807 Rajhans Heights Near Choksi Bazar Mini Bazar Varachha 395006,Company website,https://www.lepdollc.com/profile.html,Small-medium - CVD/HPHT LGD retailer/exporter,Phone/email not visible on source
L0572,B,62,Vala Brothers,Lab-Grown Diamond,CVD & HPHT diamond manufacturer / exporter,Mahidharpura,,,https://www.valabrothers.in/,GPU workstation for planning/grading; rack server + NAS; CCTV + access control; managed switches + Wi-Fi; AMC,Manufacturer/exporter of all LGD types since 2012; CVD + HPHT,Established 2012; steady export growth,Owner/Director,Existence-verified (contact pending),6/1766 2nd Floor Sainath Building G Gundis Sheri Mahidharpura Surat,Company website,https://www.valabrothers.in/,Small-medium - all-types LGD manufacturer/exporter since 2012,GST 24ABYPV2441F1ZB; phone/email not visible
L0573,B,62,Aj Films,Media/Video/Photo,Wedding photography & cinematography,Surat,,,,GPU editing rigs; cinematic video storage/NAS; color-grading; backup; AMC,Cinematic wedding film volume,Popular Surat wedding photo & cinema brand,Owner/Founder,Existence-verified (contact pending),"Surat, Gujarat",WedMeGood profile,https://www.wedmegood.com/profile/Aj-Films-Surat-2337754,SME,"Candid, wedding films, traditional, pre-wedding; blend traditional + contemporary"
L0574,B,62,Fpoint7 Media Production,Media/Video/Photo,Photography & film production,Surat,,,https://www.fpoint7.com/,Color-accurate workstations; fast storage/NAS; backup; AMC,Wedding + jewellery + event shoot volume,"Wedding, pre-wedding + jewellery photography",Owner/Founder,Existence-verified (contact pending),"Surat, Gujarat",Company website,https://www.fpoint7.com/jewellery-photography-surat-india,SME; multi-segment,Wedding/pre-wedding + jewellery & event photography; Surat (Diamond City)
L0575,B,62,Maya Mediaworks,Media/Video/Photo,Video / motion graphics / advertising,Pal Gam,,,https://www.mayamediaworks.com/,GPU workstations for 2D-3D/motion graphics; render storage; NAS; AMC,2D-3D animation & motion graphics demand,Founded 2021; creative video + animation focus,Owner/Creative Director,Existence-verified (contact pending),"Shop No.412-A, The Galleria, Opp Pal RTO, Near Sanjivkumar Auditorium, Pal Gam, Surat-395009",Company website,https://www.mayamediaworks.com/,Est. 2021; SME,"2D-3D animation, motion graphic, logo animation; advertising agency"
L0576,B,62,Verona Film City,Media/Video/Photo,Film city / shoot location & studio,Lingad,,,,Networking/CCTV for sets; NAS for shoot media; editing rigs; AMC,Pre-wedding/film shoot demand; 35+ sets,"Large film city; 35+ sets, 45+ backdrops",Owner/Manager,Existence-verified (contact pending),"Lingad, Surat",JustDial listing,https://www.justdial.com/Surat/Verona-Film-City-Lingad/0261PX261-X261-230205072544-U3Y5_BZDET,35+ sets; 45+ backdrops,Film city with 35+ sets & 45+ backdrops; pre-wedding & film shoots
L0577,B,62,Adinath Furniture Mall,Retail & Supermarket,Furniture & home retail,Surat,,,,bulk POS/billing desktops; loss-prevention CCTV; per-store networking + Wi-Fi; AMC,Established 30+ years; growth ambition stated,Local furniture retailer with expansion vision,Owner / Store Manager,Existence-verified (contact pending),"Surat (large furniture store, 30+ yrs)",threebestrated listing,https://threebestrated.in/furniture-stores-in-surat-gj,Aims to be Surat's biggest furniture provider; 30+ yrs,Long-established; aims to be Surat's biggest - growth signal; verify contact
L0578,B,62,Pepperfry Studio - Surat,Retail & Supermarket,Furniture & home retail,Udhna-Magdalla Rd,,,https://www.pepperfry.com,bulk POS/billing desktops; loss-prevention CCTV; per-store networking + Wi-Fi; digital signage; AMC,Studio operating Udhna-Magdalla Rd,National furniture marketplace expanding physical studios,Store Manager / Purchase,Existence-verified (contact pending),Ambica Industrial Soc 1st Floor 132/A Udhna Magdalla Rd Surat,Official store locator,https://www.pepperfry.com/stores/city/furniture-store-in-surat.html,Furniture studio chain; Surat outlet,Experience studio; POS + signage + CCTV
L0579,B,62,Spice Hotspot - Surat,Retail & Supermarket,Mobile retail chain,Surat (multiple),,,,bulk POS/billing desktops; loss-prevention CCTV; per-store networking + Wi-Fi; AMC,Authorized brand dealer; multiple Surat showrooms,Mobile retail chain operating in Surat,Owner / Purchase,Existence-verified (contact pending),Surat (Motorola authorized dealer showroom),inrdeals dealer listing,https://inrdeals.com/dealer/motorola-mobile-phones/gujarat/motorola-showroom-in-surat/spice-hotspot-150223,Authorized mobile retail showroom chain,Authorized Motorola dealer; mobile retail = POS + CCTV; verify branch list
L0580,B,62,Bhagyarekha Engineers Pvt Ltd,Textile Manufacturing,Textile machinery (dyeing),Sachin GIDC,,,https://www.devrekha.com/,ERP servers; CAD/design & billing PCs; CCTV; networking + Wi-Fi; biometric attendance; AMC,Machinery manufacturer; pressure-vessel + dyeing lines,Dyeing machine + vessel production,Owner/Director or Admin manager,Existence-verified (contact pending),"A-2, 6/102, GIDC Sachin, Sachin, Surat 394230",Company website,https://www.devrekha.com/,"Mid: mfr of dyeing machines, jet dyeing, air receiver tanks, heat exchangers",Dyeing machine + vessel maker; design/shop-floor IT/CCTV need
L0581,B,62,Hariom Zarilon Pvt Ltd,Textile Manufacturing,Zari / Synthetic textile (EPC member),Pandesara,,,http://www.txcindia.gov.in/html/Consolidated%20list%20of%20EPC%20member%20units%20yet%20to%20submit%20returns%20online.pdf,ERP/Tally servers; billing PCs; CCTV; networking + Wi-Fi; biometric attendance; AMC,EPC member exporter; zari/textile production,EPC-registered exporter,Owner/Director or Admin manager,Existence-verified (contact pending),"550-551, GIDC, Pandesara, Surat 394221",Govt EPC member list,http://www.txcindia.gov.in/html/Consolidated%20list%20of%20EPC%20member%20units%20yet%20to%20submit%20returns%20online.pdf,"Mid: zari/textile export unit, GIDC Pandesara",Govt EPC-listed zari/textile unit in Pandesara
L0582,B,62,Indo Asia Machines Pvt Ltd,Textile Manufacturing,Textile machinery (embroidery/weaving),Surat,,,https://www.textileinfomedia.com/INDO-ASIA-MACHINES-PVT-LTD,ERP servers; CAD/design & billing PCs; CCTV; networking + Wi-Fi; biometric attendance; AMC,Multi-category textile machinery supplier,Embroidery + weaving + printing lines,Owner/Director or Admin manager,Existence-verified (contact pending),"Surat, Gujarat",TextileInfomedia directory,https://www.textileinfomedia.com/INDO-ASIA-MACHINES-PVT-LTD,"Mid: est. 2007; mfr/supplier of embroidery, printing, weaving machines",Machinery maker/supplier; design/showroom IT/CCTV scope
L0583,B,62,Luthra Dyeing & Printing Mills,Textile Manufacturing,Dyeing & Printing (processing house),Pandesara,,,https://www.exportersindia.com/luthra-dyeing-3761061/,ERP/Tally servers; billing PCs; CCTV; networking + Wi-Fi; biometric attendance; AMC,Operating dyeing/printing in Pandesara,Processing operations,Owner/Director or Admin manager,Existence-verified (contact pending),"Pandesara, Surat, Gujarat",ExportersIndia,https://www.exportersindia.com/luthra-dyeing-3761061/,Small-mid: fabrics & dyeing,Pandesara processing unit; standard IT/CCTV scope
L0584,B,62,Om Satya Exim Pvt Ltd,Textile Manufacturing,Textile machinery (embroidery),Surat,,,https://www.indiamart.com/omsatyaexim/,ERP servers; CAD/design & billing PCs; CCTV; networking + Wi-Fi; biometric attendance; AMC,Embroidery + knitting machinery manufacturer,Computerized machine production,Owner/Director or Admin manager,Existence-verified (contact pending),"Annpurna Textile Market, Surat, Gujarat",IndiaMART,https://www.indiamart.com/omsatyaexim/,"Mid: est. 1996; mfr of computerized embroidery, jacquard + flat knitting machines",Embroidery machinery maker; design + showroom IT/CCTV need
L0585,B,62,Rajashwi Fashion Hub,Textile Manufacturing,Embroidery (Schiffli) + Digital print,Surat,,,https://www.rajashwifashionhub.com/,ERP/Tally servers; design & billing PCs; CCTV; networking + Wi-Fi; biometric attendance; AMC,Newer firm (2020); digital print + embroidery growth,Digital printing + embroidery scale-up,Owner/Director,Existence-verified (contact pending),"Surat, Gujarat",Company website,https://www.rajashwifashionhub.com/,Small-mid: est. 2020; Schiffli + digital printed fabric manufacturer/exporter,Growing 2020-founded embroidery+print firm; modernization opportunity
L0586,B,62,Sapru Machines Pvt Ltd,Textile Manufacturing,Textile machinery (uptwisters/yarn),Surat,,,http://www.saprumachines.com/,ERP servers; CAD/design & billing PCs; CCTV; networking + Wi-Fi; biometric attendance; AMC,Machinery manufacturer/exporter,Uptwister machinery production,Owner/Director or Admin manager,Existence-verified (contact pending),"Surat, Gujarat",Company website,http://www.saprumachines.com/,Mid: mfr/exporter of textile machinery incl. uptwisters,Yarn machinery maker; design + shop-floor IT/CCTV need
L0587,B,62,Sumeet Industries (Saanika Polytex DTY),Textile Manufacturing,Yarn / Texturising (DTY),Surat,,,https://www.saanikapolytex.co.in/polyester-yarn.html,ERP servers; plant & billing PCs; CCTV; networking + Wi-Fi; biometric attendance; AMC,Texturising yarn production capacity,DTY production line,Owner/Director or Admin manager,Existence-verified (contact pending),Surat (Polyester Draw Textured Yarn),Company website,https://www.saanikapolytex.co.in/polyester-yarn.html,Mid: polyester draw textured yarn manufacturer,Saanika Polytex DTY brand; yarn plant IT/CCTV need
L0588,B,62,Ekta Creation,Textile Trade & Design,Saree wholesaler,Ring Road,,,,bulk billing/POS desktops; CCTV; networking + Wi-Fi; AMC,Wholesale digitization,Active IndiaMART wholesaler,Owner / Partner,Existence-verified (contact pending),"Ring Road, Surat, Gujarat",B2B marketplace,https://www.indiamart.com/ekta-creation-surat/,Wholesaler of ladies/Indian sarees,"Ladies saree, Indian saree wholesaler"
L0589,B,62,Sitaram Sarees,Textile Trade & Design,Saree manufacturer,Ring Road,,,,bulk billing/POS desktops; CCTV; networking + Wi-Fi; AMC,Wholesale digitization,Bollywood/fancy saree manufacturer,Owner / Partner,Existence-verified (contact pending),"Ring Road, Surat",B2B marketplace,https://www.indiamart.com/sitaramsarees/,Bollywood/fancy saree manufacturer,Distinct from Sitaram Creation; Bollywood fancy sarees
L0590,B,61,AFIV Data Outsourcing,BPO/Logistics/Print,Data Entry,Surat,,,https://www.indiamart.com/afiv-data-outsourcing/,data-entry workstations; scanning/imaging PCs; server; networking; CCTV; AMC,Document scanning/indexing + data conversion contracts,"Growing since 2019, 50+ employees",Operations Manager / Owner,Existence-verified (contact pending),,IndiaMART,https://www.indiamart.com/afiv-data-outsourcing/,"SME (50+ staff, est. 2019)","Data entry, data conversion, image scanning & indexing, BPO services"
L0591,B,61,Banthia Venture Private Limited,Finance & Professional,Financial advisory,Surat,,,https://banthiaconsultancy.com/,multi-seat desktops; data server + NAS backup; firewall; CCTV; UPS; AMC,Statutory compliance & corporate finance services,New company (2019) scaling,Director,Existence-verified (contact pending),,Company registry,https://www.thecompanycheck.com/company/banthia-venture-private-limited/U74999GJ2019PTC108790,"Pvt Ltd, incorporated 2019","Directors Sunita & Gautam Banthia; tax, IP, corporate finance"
L0592,B,61,Nanty Shah & Associates,Finance & Professional,Cost accountant (CMA),Surat,,,http://www.cmansa.com,multi-seat desktops; data server + NAS backup; firewall; CCTV; UPS; AMC,Cost audit/GST audit workload; digitization,Expanding audit & consultancy lines,Proprietor,Existence-verified (contact pending),,Company site,http://www.cmansa.com,"CMA firm, formed 2012","CMA Nanty Shah; cost audit, GST audit, internal audit"
L0593,B,61,Tax Doctors,Finance & Professional,Tax / GST consultant,Surat,,,https://taxdoctors-surat.com/,multi-seat desktops; Tally/data server + NAS backup; firewall; CCTV; UPS; AMC,GST/ITR filing volume; digitization,Dedicated business-centre office,Proprietor,Existence-verified (contact pending),"Costart Solarium Business Centre, 411-412, Surat-395007",Company site,https://taxdoctors-surat.com/,Tax/GST consultancy office,GST & income tax services
L0594,B,61,Bigscal Technologies,IT & Software,Custom software development,Surat,,,https://www.bigscal.com/,Dev workstations; server + NAS; firewall + switches + Wi-Fi; CCTV; AMC,Custom software solutions; appears in Surat Adajan job listings,Hiring in Surat (Adajan) per Indeed,Founder/Director or HR/IT Head,Existence-verified (contact pending),"Surat, Gujarat",Company website + Indeed (Surat jobs),https://www.bigscal.com/,Small-Medium,Surfaced via Surat-Adajan hiring; confirm exact address/contact
L0595,B,61,Social 101,IT & Software,Digital marketing / branding agency,"Althan, Surat",+91 88795 63616,,https://social101.in/,Designer/creative workstations; NAS for media; firewall + switches + Wi-Fi; CCTV; AMC,Full-service digital + branding + video marketing,Video/creative production = high-spec + storage need,Founder/Director,Contact found,"607, Titanium Business Hub, Althan, Surat, Gujarat",Company website (about page),https://social101.in/about/,Small-Medium,Phone captured; media workloads favor strong PCs + NAS
L0596,B,61,Underscore Media,IT & Software,Creative / digital marketing agency,"VIP Road, Surat",+91 95102 73527,aditya@underscoremedia.in,https://www.underscoremedia.in/,Creative/video workstations; NAS for media; firewall + switches + Wi-Fi; CCTV; AMC,Aims to assist 1000+ Indian brands; end-to-end social/video,Video production workloads = high-spec PCs + storage,Founder/Director (Aditya),Contact found,"303, Highfield Ascot, Nr. Black Bunny, VIP Road, Surat 395007",Company website + LinkedIn,https://www.underscoremedia.in/,Small-Medium,Phone + email captured; media production infra fit
L0597,B,61,C6 Diamonds,Lab-Grown Diamond,LGD jewelry manufacturer / exporter,Surat,,,https://c6diamonds.com/,GPU workstation for planning/grading; rack server + NAS; CCTV + access control; managed switches + Wi-Fi; AMC,IGI-certified lab-grown (CVD) diamond jewelry maker/exporter from Surat,Export-oriented LGD jewelry; sector growth,Owner/Director,Existence-verified (contact pending),"Surat, Gujarat (street address not visible on source)",Company website,https://c6diamonds.com/contact-us,Small-medium - IGI-certified CVD jewelry from Surat,Phone/email not visible on source
L0598,B,61,JWelDim,Lab-Grown Diamond,CVD & HPHT diamond manufacturer,Surat,,,https://www.jweldim.in/,GPU workstation for planning/grading; rack server + NAS; CCTV + access control; managed switches + Wi-Fi; AMC,Manufacturer of CVD and HPHT lab-grown diamonds from Surat,Active CVD/HPHT manufacturer; sector growth,Owner/Director,Existence-verified (contact pending),"Surat, Gujarat (street address not visible on source)",Company website,https://www.jweldim.in/cvd-and-hpht-lab-grown-diamond.html,Small-medium - CVD/HPHT lab-grown diamond manufacturer,Phone/email/full address not visible on source
L0599,B,61,Nayani Brothers,Lab-Grown Diamond,LGD manufacturer,Surat,+91 71022 11021,,,GPU workstation for planning/grading; rack server + NAS; CCTV + access control; managed switches + Wi-Fi; AMC,"Manufacturer of lab-grown, loose, oval, rose-cut and rustic diamonds in Surat",Active LGD manufacturer; sector growth,Owner/Director,Contact found,"Surat, Gujarat (street address not visible on source)",IndiaMART listing,https://www.indiamart.com/company/26103062/,Small-medium - LGD + loose/oval/rose-cut diamond manufacturer,Phone partially formatted on source; treat as tentative
L0600,B,61,Vraj Diamond,Lab-Grown Diamond,LGD manufacturer / jewelry,Surat,,,https://vrajdiamond.com/,GPU workstation for planning/grading; rack server + NAS; CCTV + access control; managed switches + Wi-Fi; AMC,Surat-based LGD and fine jewelry manufacturer; multiple fancy shapes,Active LGD manufacturer; sector growth,Owner/Director,Existence-verified (contact pending),"Surat, Gujarat (street address not visible on source)",Company website,https://vrajdiamond.com/,Small-medium - LGD + fine jewelry manufacturer,Address/phone/email not visible on source; alt source: https://www.indiamart.com/vrajdiamond/profile.html
L0601,B,61,Kenit Patel Photography,Media/Video/Photo,Product/ecommerce photography studio,Vesu,,,https://kenitpatel.com/product-photography-surat,Color-accurate workstations; fast storage for high-res product images; NAS; backup,Marketplace-ready ecommerce shoot volume (Amazon/Flipkart/Myntra/Meesho),"Trusted by 100+ Surat sellers, textile & jewellers",Owner/Founder (Kenit Patel),Existence-verified (contact pending),"Studio in Vesu, Surat",Company website,https://kenitpatel.com/,SME; 100+ sellers served,"Ecommerce, jewellery, saree/garment product photography; walk-in studio Vesu"
L0602,B,60,I-CON Architects & Urban Planners,Architecture & CAD/Engineering,Architecture / Urban planning,Surat,,,https://www.houzz.in/professionals/architects-and-building-designers/i-con-architects-and-urban-planners-pfvwin-pf~311231442,GPU workstations for architecture + urban-planning rendering; dual monitors; NAS; backup; networking; AMC,Architecture + urban planning practice,Urban-planning scope,Principal Architect / Partner,Existence-verified (contact pending),"Surat, Gujarat",Houzz profile,https://www.houzz.in/professionals/architects-and-building-designers/i-con-architects-and-urban-planners-pfvwin-pf~311231442,Small-mid,Address/phone not visible on source
L0603,B,60,Karka Architectural & Interior Designers,Architecture & CAD/Engineering,Architecture / Interior firm,Adajan,,,http://www.karkagroup.in/,GPU workstations for interior/architecture rendering; dual monitors; NAS; backup; networking; AMC,Established 2018; turnkey residential/commercial interiors,"Relatively new, growing studio",Principal / Owner,Existence-verified (contact pending),"Shop No 11 Vaishali Row House, Opposite Nishal Arcade, Nr. Nishal Circle, Adajan Dn, Surat 395009",Company website,http://www.karkagroup.in/,Small,Phone not visible on source
L0604,B,60,Prakash Design Studio,Architecture & CAD/Engineering,Interior design studio,Nanpura,,,https://interiorprakash.in/,GPU workstations for interior 3D rendering & furniture design; dual monitors; NAS; backup; networking; AMC,Since 2003 (22 yrs); commercial & residential interiors,Long-running studio,Principal / Owner,Existence-verified (contact pending),"303, C-Block, 3rd Floor, President Plaza, beside Mahavir Cardiac Hospital, near Old R.T.O., Nanpura, Surat 395001",Houzz profile,https://www.houzz.in/professionals/interior-designers-and-decorators/prakash-design-studio-pfvwin-pf~1865379868,Small-mid,Phone not visible on source
L0605,B,60,PTH Consultancy Services LLP (Pramukh Test House),Architecture & CAD/Engineering,Structural / Geotechnical consultant,Nana Varachha,,,https://www.indiamart.com/pth-consultancy-services/profile.html,"Workstations + servers for structural analysis, geotechnical/material-testing data; NAS; backup; networking; CCTV; AMC","Founded 2016; geotechnical, structural & building-material testing",Newer LLP scaling testing+consultancy,Director / Principal Engineer,Existence-verified (contact pending),"40/1 Mansukh Nagar, Near Vraj, Nana Varachha, Surat 395003",IndiaMART profile,https://www.indiamart.com/pth-consultancy-services/profile.html,Small-mid,Lab + consultancy; data-storage/CCTV potential
L0606,B,60,Parikh Bikes (Yamaha),Automobile Dealership,Two-wheeler dealer (Yamaha),Parvat Gam,,,,Billing desktops; showroom + workshop CCTV; networking + guest Wi-Fi; digital signage; AMC,Showroom + service,Yamaha 2W dealer,Owner / Admin,Existence-verified (contact pending),"Puna Godadra Road, Parvat Gam, Shop No-4, Midas Square, Surat",Aggregator listing,https://www.bikewale.com/dealer-showrooms/yamaha/surat/,Authorized Yamaha 2W dealer,Parikh Bikes Pvt Ltd
L0607,B,60,Parth Print Point,BPO/Logistics/Print,Printing Press,"Varachha Road, Surat",,,https://www.parthprintpoint.co.in/,pre-press design workstations; RIP server; large monitors; networking; CCTV; AMC,Commercial offset printing services,Active commercial printer on Varachha Road,Owner / Purchase,Existence-verified (contact pending),"L.H. Road, Varachha Road, Surat",Company website,https://www.parthprintpoint.co.in/offset-printing-service.htm,SME,"Offset printing service provider, Varachha Road Surat"
L0608,B,60,Specturm Outsourcing,BPO/Logistics/Print,Data Entry,"Varachha Road, Surat",,,,bulk desktops; data-entry workstations; server; networking + firewall; CCTV; AMC,24-hour data entry operations,"Established 2013, 3.9 rating, offers 24-hr data entry",Operations Manager,Existence-verified (contact pending),"Near Pani Ni Taki, Yogi Chowk, Varachha Road, Surat",JustDial,https://www.justdial.com/Surat/Specturm-Outsourcing-Near-Pani-Ni-Taki-Yogi-Chowk-Varachha-Road/0261PX261-X261-140804160310-X7V5_BZDET,SME (est. 2013),"Online data entry job works, Varachha Road Surat"
L0609,B,60,Lukhi Diamond Pvt Ltd,Diamond & Bourse,Diamond manufacturer & merchant,Varachha (Mini Bazar),,,,Diamond-planning workstations; managed networking; CCTV + access control; office desktops; AMC,Long-running 24h operation,Established mid-size diamond firm,Owner/Partner or Admin head,Existence-verified (contact pending),"Office 610, 6th Floor, Diamond World Tower-A, Mangadh Chowk, Mini Bazar, Varachha Road, Surat 395006",JustDial + search snippet,https://www.justdial.com/Surat/Lukhi-Diamond-Pvt-Ltd-Mini-Bazar-Mangadh-Chowk-Varachha-Road/0261PX261-X261-150220151639-I3Q9_BZDET,11 yrs listed; open 24h,Diamond World tower office; 24-hour operation
L0610,B,60,H V Shah & Company,Finance & Professional,CA / Audit firm,Surat,,,,multi-seat desktops; Tally/data server + NAS backup; firewall; CCTV; UPS; AMC,Newer firm scaling up post-2017,"Founded 2017, building client base",Partner,Existence-verified (contact pending),,Directory,https://www.sulekha.com/chartered-accountants/surat,Est. 2017; full-service accounting/tax/audit,Founder CA Hardik Shah
L0611,B,60,Naik Vaywala & Associates,Finance & Professional,CA / Audit firm,Surat,,,https://www.indiamart.com/naik-vaywala-and-associates/,multi-seat desktops; Tally/data server + NAS backup; firewall; CCTV; UPS; AMC,Computerized accounting; digitization,Computerized accounting service line,Partner,Existence-verified (contact pending),,IndiaMart,https://www.indiamart.com/naik-vaywala-and-associates/,Accounting/CA services provider,"Accounting, computerized accounting, CA services"
L0612,B,60,U J Shah & Associates,Finance & Professional,CA / Audit firm,Surat,,,https://www.indiamart.com/u-j-shah-and-associates/,multi-seat desktops; Tally/data server + NAS backup; firewall; CCTV; UPS; AMC,Audit workload; digitization,Audit + accounting service lines,Partner,Existence-verified (contact pending),,IndiaMart,https://www.indiamart.com/u-j-shah-and-associates/,Accounting & audit services provider,"Accounting, audit, CA services"
L0613,B,60,Zawar & Co,Finance & Professional,CA / Audit firm,Nanpura,,,,multi-seat desktops; Tally/data server + NAS backup; firewall; CCTV; UPS; AMC,GST audit & IEC/FSSAI compliance work,Growing compliance service lines,Partner,Existence-verified (contact pending),"Near Kailash Sweets, Nanpura, Surat",JustDial,https://www.justdial.com/Surat/Zawar-Co-Near-Kailash-Sweets-Nanpura/0261P2629-2629-121118183305-F5H1_BZDET,Est. 2012,"Led by CA Atit Morakhiya; GST, IEC, FSSAI, ITR"
L0614,B,60,Devchand Engineers Pvt Ltd,GIDC Manufacturing,Engineering / Pressure Vessels & Industrial Supplies,GIDC Sachin,,,,ERP/design workstations; CAD desktops; industrial PCs; CCTV; networking + Wi-Fi; biometric access; AMC,Manufacturing & supply of pressure vessels and industrial supplies,Long-established (1957) engineering firm,Plant Head / Purchase / Director,Existence-verified (contact pending),"Plot No A4/5, Dandi Road, Road No 11, Sachin, Surat 394230, Gujarat",IndiaMART,https://www.indiamart.com/devchand-engineers/profile.html,Medium (estd 1957; industrial supplies & pressure vessels),Pressure vessels; industrial supplies group
L0615,B,60,Manish Packaging Pvt Ltd,GIDC Manufacturing,Packaging / PVC & Laminate Films,GIDC Sachin,,,https://www.manishpackaging.net/,ERP servers; plant & office desktops; industrial PCs; CCTV; networking + Wi-Fi; biometric access; AMC,Specialty packaging films; R&D-driven product expansion,40+ years; ISO-certified specialty PVC films,Purchase / IT Manager / Director,Existence-verified (contact pending),"Plot No. 539, Road No. 5, GIDC Sachin, Surat 394230, Gujarat",Company website,https://www.manishpackaging.net/contact-us.htm,Medium (estd 1970; 40+ yrs PVC films; ISO 9000),PVC twist/laminated/heat-shrink/stretch films
L0616,B,60,Nova Dyestuff Industries Pvt Ltd,GIDC Manufacturing,Dyes & Dye Intermediates,Pandesara,,,,ERP servers; plant & office desktops; industrial PCs; CCTV; networking + Wi-Fi; biometric access; AMC,Manufacture of dye intermediates & disperse dyes; export demand,Established dyestuff manufacturer in Pandesara,IT Manager / Purchase / Director,Existence-verified (contact pending),"250/1/2, GIDC Estate, Nr Rachana Dyeing, Pandesara, Surat 394221, Gujarat",IndiaMART,https://www.indiamart.com/nova-dyestuff-industries-ltd/,Medium (dyes & intermediates manufacturer),"Red Dyestuff BF HC, dye intermediates"
L0617,B,60,"ESIC Sub-Regional Office, Surat",Government & PSU,Central Govt / Statutory Body,"Adajan-Pal, Surat",,,https://srosurat.esic.gov.in/,bulk office desktops; CCTV; servers; networking + Wi-Fi; AMC (GeM),e-governance/digitization; dispensary IT,Branch + dispensary network IT,SRO administration / Purchase (GeM/tender),Existence-verified (contact pending),"2nd Floor, Samarth House, Opp. Pal Lake, Adajan-Pal, Surat-394510",Official .esic.gov.in,https://srosurat.esic.gov.in/ro-sro-contact-us,Mid-large office + dispensaries/branches,Runs multiple branch offices and dispensaries in Surat
L0618,B,60,Summirow Dental Care,Healthcare,Multispeciality dental clinic/hospital,Vesu,,,https://www.summirow.com/,Practice-management servers; dental imaging (CBCT/OPG) workstations; reception/billing desktops; networking + Wi-Fi; CCTV; UPS; AMC,CBCT/digital dental imaging needs workstations,Leading multispeciality dental in Vesu; growth,Owner-doctor / Practice Manager,Existence-verified (contact pending),"6th Floor, Western Vesu Point, Vesu, Surat",Dental clinic website,https://www.summirow.com/,Multispeciality dental; 11+ specialists; 15+ yrs,Dental imaging (CBCT) workstation prospect
L0619,B,60,Vision Eye Hospital,Healthcare,Eye hospital,Surat,,,https://visioneyehospital.net/,HIS/EMR servers; ophthalmic imaging workstations; reception/billing desktops; networking + Wi-Fi; CCTV; UPS; AMC,Surgical eye services need imaging + records IT,Independent eye hospital; growing,Owner-doctor / Center Manager,Existence-verified (contact pending),Surat (cataract/glaucoma/retina/LASIK),Hospital website,https://visioneyehospital.net/,Standalone eye hospital; surgical services,Independent; owner-doctor decision; capture contact
L0620,B,60,Bhagwati Group / Shree Bhagwati,Hospitality & Real Estate,Real estate developer / Builder,Surat,,,https://www.justdial.com/Surat/Builders-Developers/nct-10059258,Site CCTV; sales-gallery & office PCs; networking; server/NAS; AMC,Active project pipeline,Growing developer,Director / Purchase,Existence-verified (contact pending),Surat,JustDial listing,https://www.justdial.com/Surat/Builders-Developers/nct-10059258,Developer,Listed Surat builder on JustDial
L0621,B,60,Chaitanya Vatika,Hospitality & Real Estate,Banquet venue / Party plot,Surat,,,https://www.venuelook.com/surat/banquet-halls,Reception PCs; Wi-Fi + networking; CCTV; banquet AV; AMC,Managed celebration property,Group-booking event venue,Owner / Admin,Existence-verified (contact pending),Surat,Venue portal,https://www.venuelook.com/surat/banquet-halls,Celebration halls + guest rooms + lawns,"Halls, guest rooms and party lawns in single premise"
L0622,B,60,Dhartii River View Resort,Hospitality & Real Estate,Resort,Near Surat,,,https://www.holidify.com/hotel-collections/resorts-near-surat,Front-desk PCs; guest Wi-Fi + networking; CCTV; AMC,Leisure/weekend resort,Weekend-getaway demand,Owner / Admin,Existence-verified (contact pending),Near Surat,Travel guide,https://www.holidify.com/hotel-collections/resorts-near-surat,River-view resort,Listed weekend resort near Surat
L0623,B,60,Regent Arcade Mall,Hospitality & Real Estate,Shopping mall,Surat (market area),,,https://www.holidify.com/pages/malls-in-surat-1878.html,Mall management PCs; visitor Wi-Fi + networking; CCTV/access control; AMC,Mall within market place,Dense commercial footfall,Admin / Mall IT Manager,Existence-verified (contact pending),Surat,Travel guide,https://www.holidify.com/pages/malls-in-surat-1878.html,Market-area mall,Only mall in centre of a market place
L0624,B,60,Tirupati Developers,Hospitality & Real Estate,Real estate developer / Builder,Surat,,,https://www.justdial.com/Surat/Builders-Developers/nct-10059258,Site CCTV; sales-gallery & office PCs; networking; server/NAS; AMC,Active residential projects,Ongoing delivery,Director / Purchase,Existence-verified (contact pending),Surat,JustDial listing,https://www.justdial.com/Surat/Builders-Developers/nct-10059258,Developer,Listed Surat builder on JustDial
L0625,B,60,Codezee Solutions,IT & Software,Web / mobile / software development,"Katargam, Surat",,,https://codezeesolutions.com/,Developer workstations; small server/NAS; firewall + switches + Wi-Fi; CCTV; AMC,Growing IT company in Surat; web/app/software services,Newer JustDial listing (2024) suggests recent setup/growth,Founder/Director,Existence-verified (contact pending),"Katargam, Surat (area per JustDial)",JustDial listing + company site,https://www.justdial.com/Surat/Codezee-Solutions-Katargam/0261PX261-X261-240201105804-N3M5_BZDET,Small-Medium,Exact address/phone not on source; confirm before outreach
L0626,B,60,Generation Next (GNHUB),IT & Software,Web design / mobile apps / SEO,"Ghod Dod Road, Surat",,,https://www.gnhub.com/,Designer/developer workstations; server + NAS; firewall + switches + Wi-Fi; CCTV; AMC,"15+ years; web, apps, SEO",Long-established Ghod Dod Road agency,Founder/Director,Existence-verified (contact pending),"2160, Westfield Complex, 4th Floor, Opp. Surya Kiran Complex, Ghod Dod Road, Surat 395007",Company website (about page),https://www.gnhub.com/about-us.aspx,Small-Medium (15+ yrs),Phone not on source; address confirmed
L0627,B,60,Green Hightech,IT & Software,Website / software / mobile / digital marketing,Surat,,,https://www.greenhightech.in/,Developer/designer workstations; server + NAS; firewall + switches + Wi-Fi; CCTV; AMC,"Since 2014; web, software, app, hosting, digital marketing",Multi-service IT firm; hosting implies server familiarity,Founder/Director or IT Head,Existence-verified (contact pending),"Surat, India",Company website + listicle,https://www.greenhightech.in/,Small-Medium (since 2014),No contact on source page; broad services = bundle opportunity
L0628,B,60,HelixWebi,IT & Software,Web design & development,Surat,,,https://www.helixwebi.net/,Designer/developer workstations; server + NAS; firewall + switches + Wi-Fi; CCTV; AMC,Since 2009; 1200+ websites delivered,Long-running web agency; steady team,Founder/Director,Existence-verified (contact pending),"Surat, India",Company website + listicle,https://www.helixwebi.net/,Small-Medium (since 2009; 1200+ sites),No contact on source page; verify before outreach
L0629,B,60,Kyros Solution,IT & Software,Branding / digital marketing agency,"Vesu, Surat",+91 95126 08708,hr@kyrossolution.com,https://kyrossolution.com/,Creative workstations; NAS for media; firewall + switches + Wi-Fi; CCTV; AMC,Branding + social media marketing specialist,Vesu business hub; growing client base,Founder/Director or HR/Admin,Contact found,"306, Western Business Park, Vesu, Surat 395007",Company website,https://kyrossolution.com/,Small-Medium,Phone + email captured; creative team = higher-spec PCs
L0630,B,60,Techvizor,IT & Software,Website / software / app development,"Vesu, Surat",,,https://techvizor.in/,Developer workstations; server + NAS; firewall + switches + Wi-Fi; CCTV; AMC,Results-oriented Surat IT firm; web/software/app,Vesu business hub location,Founder/Director,Existence-verified (contact pending),"Sh. No. 1 to 8, 4th Floor, Roongta Shopping Center, VIP Road, Vesu, Surat 395007",Company website (contact page) + JustDial,https://techvizor.in/contact-us,Small-Medium,Phone not on contact page snippet; address verified
L0631,B,60,Govindji Jewellers,Jewellery,Jewellery showroom/retailer,Katargam,,,,high-density CCTV + access control (critical); POS/billing PCs; networking + Wi-Fi; AMC,Katargam retail area,Established local jeweller,Owner/Director,Existence-verified (contact pending),"Vijay Complex, Katargam, Surat",directory,https://secondbombay.com/jewellery-shops-in-surat-district/,Small-medium (retail showroom),
L0632,B,60,Nathubhai Soni and Sons,Jewellery,Jewellery showroom/retailer,Soni Falia,,,,high-density CCTV + access control (critical); POS/billing PCs; networking + Wi-Fi; AMC,Traditional jewellery market (Soni Falia),Long-established family business,Owner/Director,Existence-verified (contact pending),"Soni Falia Main Road, Surat",directory,https://secondbombay.com/jewellery-shops-in-surat-district/,Small-medium (established family jeweller),
L0633,B,60,3 Star Diamond,Lab-Grown Diamond,LGD manufacturer / exporter,Varachha,,,,GPU workstation for planning/grading; rack server + NAS; CCTV + access control; managed switches + Wi-Fi; AMC,Lab-grown diamond manufacturer/exporter based in Varachha Surat,Active LGD business; sector growth,Owner/Director,Existence-verified (contact pending),Varachha Surat Gujarat (street address not visible on source),ExportersIndia listing,https://www.exportersindia.com/3-star-diamond/about-us.htm,Small-medium - LGD manufacturer/exporter in Varachha,Phone/email/full address not visible on source
L0634,B,60,Ayra Star (Noor Diamond),Lab-Grown Diamond,CVD diamond manufacturer / jewelry,Surat,,,https://www.noordiamond.in/,GPU workstation for planning/grading; rack server + NAS; CCTV + access control; managed switches + Wi-Fi; AMC,Lab-grown CVD diamonds + jewelry; Surat-based,Active CVD manufacturer; sector growth,Owner/Director,Existence-verified (contact pending),"Surat, Gujarat (street address not visible on source)",Company website,https://www.noordiamond.in/,Small-medium - lab-grown CVD diamonds + diamond rings,Address/phone/email not visible on source
L0635,B,60,GMSRK Diamond,Lab-Grown Diamond,LGD manufacturer / exporter,Varachha (Mini Bazar),,,,GPU workstation for planning/grading; rack server + NAS; CCTV + access control; managed switches + Wi-Fi; AMC,Exporter of lab-grown diamonds from Mini Bazar Surat,Active LGD exporter; sector growth,Owner/Director,Existence-verified (contact pending),Princes Plaza Mangadh Rd Mini Bazar Varachha Road Surat,ExportersIndia listing,https://www.exportersindia.com/gmsrk-diamond/,Small-medium - lab-grown diamond exporter,Phone/email not visible on source
L0636,B,60,Jupiter Exim,Lab-Grown Diamond,LGD manufacturer / exporter,Varachha (Mini Bazar),,,,GPU workstation for planning/grading; rack server + NAS; CCTV + access control; managed switches + Wi-Fi; AMC,Lab-grown diamond manufacturer/exporter in Mini Bazar Surat,Active LGD exporter; sector growth,Owner/Director,Existence-verified (contact pending),Mini Bazar Surat Gujarat (street address not visible on source),ExportersIndia listing,https://www.exportersindia.com/jupiter-exim-surat/about-us.htm,Small-medium - lab-grown diamond exporter in Mini Bazar,Phone/email/full address not visible on source
L0637,B,60,New Grown Diamond,Lab-Grown Diamond,LGD CVD & HPHT manufacturer / retailer,Katargam,,,,GPU workstation for planning/grading; rack server + NAS; CCTV + access control; managed switches + Wi-Fi; AMC,"Deals lab-created, CVD, HPHT, synthetic, man-made diamonds in Katargam",Active LGD CVD/HPHT business; sector growth,Owner/Director,Existence-verified (contact pending),Katargam Surat Gujarat (street address not visible on source),ExportersIndia listing,https://www.exportersindia.com/new-grown-diamond/,Small-medium - lab-created/CVD/HPHT manufacturer-retailer,Phone/email/full address not visible on source
L0638,B,60,RRP Diamond,Lab-Grown Diamond,LGD / melee diamond manufacturer,Surat,,,https://www.rrpdiamond.in/,GPU workstation for planning/grading; rack server + NAS; CCTV + access control; managed switches + Wi-Fi; AMC,"Manufacturer of natural loose, real melee and lab-grown diamonds in Surat",Active manufacturer; sector growth,Owner/Director,Existence-verified (contact pending),"Surat, Gujarat (street address not visible on source)",Company website,https://www.rrpdiamond.in/,Small-medium - natural loose + real melee + LGD manufacturer,Phone/email not visible on source
L0639,B,60,Shiv Krishna Diamond,Lab-Grown Diamond,LGD manufacturer / jewelry,Surat,,,,GPU workstation for planning/grading; rack server + NAS; CCTV + access control; managed switches + Wi-Fi; AMC,Manufacturer of lab-grown diamonds + diamond jewellery in Surat,Active LGD manufacturer; sector growth,Owner/Director,Existence-verified (contact pending),"Surat, Gujarat (street address not visible on source)",IndiaMART listing,https://www.indiamart.com/shiv-krishna-diamond/,Small-medium - LGD + diamond jewellery manufacturer,Phone/email/full address not visible on source
L0640,B,60,Shree Madhusudan Impex,Lab-Grown Diamond,HPHT diamond manufacturer,Varachha,,,,GPU workstation for planning/grading; rack server + NAS; CCTV + access control; managed switches + Wi-Fi; AMC,HPHT-method lab-grown diamond manufacturer on Varachha Road,Active HPHT manufacturer; sector growth,Owner/Director,Existence-verified (contact pending),Varachha Road Surat Gujarat (street address not visible on source),IndiaMART listing,https://dir.indiamart.com/surat/lab-grown-diamond.html,Small-medium - HPHT lab-grown diamond manufacturer,GST/TrustSEAL verified seller; phone not visible
L0641,B,60,Sky Exports,Lab-Grown Diamond,LGD wholesaler / merchant,Varachha (Mini Bazar),,,,GPU workstation for planning/grading; rack server + NAS; CCTV + access control; managed switches + Wi-Fi; AMC,Lab-grown diamond merchant/wholesaler in Mini Bazar Surat,Active LGD merchant; sector growth,Owner/Director,Existence-verified (contact pending),Mini Bazar Surat Gujarat (street address not visible on source),JustDial listing,https://www.justdial.com/jdmart/Surat/Sky-Exports-Lab-Grown-Diamonds-Mini-Bazar/0261PX261-X261-230601110942-M4Y5_BZDET/catalogue,Small-medium - lab-grown diamond merchant,Phone/email not visible on JustDial catalogue
L0642,B,60,Vitrag Gems,Lab-Grown Diamond,LGD manufacturer,Surat,,,,GPU workstation for planning/grading; rack server + NAS; CCTV + access control; managed switches + Wi-Fi; AMC,"Manufacturer of lab-grown diamond, loose diamond, oval-shape diamond in Surat",Active LGD manufacturer; sector growth,Owner/Director,Existence-verified (contact pending),"Surat, Gujarat (street address not visible on source)",IndiaMART listing,https://www.indiamart.com/vitrag-gems/,Small-medium - LGD + loose diamond manufacturer,Phone/email not visible on source
L0643,B,60,Vivir Diamonds & Jewelry,Lab-Grown Diamond,LGD manufacturer / jewelry,Varachha,,,,GPU workstation for planning/grading; rack server + NAS; CCTV + access control; managed switches + Wi-Fi; AMC,IGI-certified lab-grown diamonds + jewelry supplier in Surat,Active LGD supplier; sector growth,Owner/Director,Existence-verified (contact pending),Varachha Road Surat Gujarat (street address not visible on source),IndiaMART listing,https://dir.indiamart.com/surat/lab-grown-diamond.html,Small-medium - IGI-certified LGD + jewelry supplier,GST/TrustSEAL verified seller; phone not visible
L0644,B,60,Cassidix Media Works,Media/Video/Photo,Photography / videography / branding,Vesu (team in South Gujarat),,,https://cassidixmediaworks.in/,GPU editing/design workstations; fast storage/NAS; color-grading; backup; AMC,People/product/fashion shoot + branding growth,Founded by students/entrepreneurs; multi-disciplinary,Founder/Creative Director,Existence-verified (contact pending),"Surat (Vesu) / Anand, Gujarat",ZoomInfo company profile,https://www.zoominfo.com/pic/cassidix-media-works/510351633,Young team; SME,"Photography, videography & brand designing; people/product/fashion/glamour; emails @cassidixmediaworks.in"
L0645,B,60,Fortune Photo Studio,Media/Video/Photo,Wedding photography & cinematography,Piplod,,,,GPU editing rigs; cinematic video storage/NAS; color-grading; backup; AMC,Cinematic wedding film volume,Offers cinematic wedding video films; Piplod,Owner/Founder,Existence-verified (contact pending),"Piplod, Surat",Bookeventz profile,https://www.bookeventz.com/photographer/surat/fortune-photo-studio,SME,Cinematic wedding video films; Piplod area
L0646,B,60,Sanskruti,Media/Video/Photo,Video/music-video production,Surat,,,https://sanskruti.ueniweb.com/,GPU editing rigs; fast storage for music-video footage; backup; AMC,Music videos & social shorts at 4K,"Creative direction, broadcast, events coverage",Founder/Creative Director,Existence-verified (contact pending),"Surat, Gujarat",Company website (UENI),https://sanskruti.ueniweb.com/,SME,"Music video + video production; storyboarding, broadcast, social shorts"
L0647,B,60,Oria Homes,Retail & Supermarket,Furniture & home retail,Surat,,,https://www.theoriahomes.com,bulk POS/billing desktops; loss-prevention CCTV; per-store networking + Wi-Fi; digital signage; AMC,Premium furniture showroom operating,Local premium furniture retailer,Owner / Store Manager,Existence-verified (contact pending),Surat (premium furniture store),Company website,https://www.theoriahomes.com/pages/furniture-store-in-surat,Premium furniture retailer in Surat,Premium showroom; verify multi-store; signage + POS + CCTV
L0648,B,60,Apex Engineers,Textile Manufacturing,Textile machinery (dyeing),Sachin GIDC,,,https://www.justdial.com/Surat/Apex-Engineers-Sachin-Industrial-Park-Flyover-Ends-Towards-Hazira-Gidc-Sachin/0261PX261-X261-191128211453-P4X2_BZDET,ERP/Tally servers; CAD & billing PCs; CCTV; networking + Wi-Fi; biometric attendance; AMC,Machinery manufacturer in Sachin GIDC,Dyeing machinery production,Owner/Director,Existence-verified (contact pending),"Sachin Industrial Park, Flyover Ends Towards Hazira GIDC Sachin, Surat",JustDial,https://www.justdial.com/Surat/Apex-Engineers-Sachin-Industrial-Park-Flyover-Ends-Towards-Hazira-Gidc-Sachin/0261PX261-X261-191128211453-P4X2_BZDET,Small-mid: dyeing machine manufacturer,Dyeing machine maker; basic design/shop-floor IT/CCTV scope
L0649,B,60,Soham Creation,Textile Trade & Design,Saree manufacturer/wholesaler,Umarwada / Ring Road,,,,bulk billing/POS desktops; CCTV; networking + Wi-Fi; AMC,Wholesale digitization,Listed saree manufacturer,Owner / Partner,Existence-verified (contact pending),"Umarwada, Surat",Business directory,https://magicpin.in/Surat/Umarwada/Fashion/Soham-Creations/store/207357/reviews/,Saree manufacturer,Top saree manufacturer listing near Ring Road
L0650,B,60,V.S. Prints,Textile Trade & Design,Saree wholesaler,Ring Road,,,,bulk billing/POS desktops; CCTV; networking + Wi-Fi; AMC,Wholesale digitization,Listed Ring Road wholesaler,Owner / Partner,Existence-verified (contact pending),"Ring Road, Surat",Business directory,https://www.justdial.com/Surat/VS-Prints-Ring-Road/0261PX261-X261-131215190831-B2G2_BZDET,Saree wholesaler,"Saree wholesaler, Ring Road"
L0651,C,59,Shreeji Printers,BPO/Logistics/Print,Printing Press,"Udhna, Surat",,,,pre-press design workstations; RIP; large monitors; networking; CCTV; AMC,Designing + printing services,Established 2007; designing & printing,Owner / Purchase,Existence-verified (contact pending),"Shop No 6, Devchand Nagar, Opp Navjivan Motors, South Zone Office Road, Udhna, Surat - 394210",JustDial,https://www.justdial.com/Surat/Shreeji-Printers-Opposite-Navjivan-Motors-Udhna/0261PX261-X261-190206105149-T7J2_BZDET,SME (est. 2007),"Shreeji Printers, Udhna Surat (designing & printing)"
L0652,C,59,Dreamsdesign,IT & Software,Web design / development / digital marketing,Surat,,krishna@dreamsdesign.in,https://dreamsdesign.in/,Designer/developer workstations; server + NAS; firewall + switches + Wi-Fi; CCTV; AMC,20+ years building brands; web + digital marketing,Long-running multi-city agency with Surat presence,Founder/Director (Krishna),Contact found,"Surat, Gujarat",Company website (Surat page),https://dreamsdesign.in/website-development-company/surat/,Small-Medium (20+ yrs),"Email captured; HQ may be Vadodara, Surat office listed"
L0653,C,59,E Launch Solution Pvt. Ltd.,IT & Software,Web design / IT outsourcing / iOS dev,Surat,,,https://elaunchinfotech.com/,Developer workstations; server + NAS; firewall + switches + Wi-Fi; CCTV; AMC,Software + mobile app development company in Surat,Established outsourcing provider,Founder/Director,Existence-verified (contact pending),"Surat, Gujarat",IndiaMART profile + LinkedIn,https://www.indiamart.com/elaunch-infotech/,Small-Medium,Confirm contact via website before outreach
L0654,C,59,Live Shot Filmcity,Media/Video/Photo,Film city / shoot studio,Surat,,,,Networking/CCTV; NAS for shoot media; editing rigs; AMC,Photography/cinematography shoot demand,Indoor + outdoor setups for photo/cinema industry,Owner/Manager,Existence-verified (contact pending),"Surat, Gujarat",Wedding.net listing,https://surat.wedding.net/other/1593075/,Indoor/outdoor setups,Film city for photography & cinematography; varied setups
L0655,C,59,Movie Makers Digital Studio,Media/Video/Photo,Film/video production studio,Katargam Road,,,,GPU editing workstations; video storage/NAS; color-grading; backup; AMC,Wedding/event video volume,Digital studio on Katargam Road,Owner/Founder,Existence-verified (contact pending),"Katargam Road, Surat 395004",Sulekha listing,https://www.sulekha.com/movie-makers-digital-studio-katargam-road-surat-contact-address,SME,Movie/video digital studio; Katargam Road
L0656,C,59,The Feelings Photography,Media/Video/Photo,Wedding & pre-wedding photography,Surat,,,https://thefeelingsphoto.com/,GPU editing rigs; video storage/NAS; color-grading; backup; AMC,Pre-wedding + wedding 4K volume,Dedicated pre-wedding/wedding services,Owner/Founder,Existence-verified (contact pending),"Surat, Gujarat",Company website,https://thefeelingsphoto.com/our-services/pre-wedding-photography/,SME,Pre-wedding & wedding photography; own website
L0657,C,59,TK Solanki Photography,Media/Video/Photo,Wedding photography,Adajan Patiya,,,https://tksolanki.com/,GPU editing rigs; video storage/NAS; color-grading; backup; AMC,Wedding 4K photo/video volume,Adajan Patiya wedding photographer,Owner/Founder (TK Solanki),Existence-verified (contact pending),"Adajan Patiya, Surat",Company website,https://tksolanki.com/trusted-wedding-photographers-near-me-in-adajan-patiya-surat-2026-complete-guide/,SME,Wedding photography; Adajan Patiya; WhatsApp contact on site
L0658,C,58,Akash Architects,Architecture & CAD/Engineering,Architecture firm,Athwa Gate / Nanpura,,,https://www.indiamart.com/akash-architect/,GPU workstations for architecture rendering & CAD; dual monitors; NAS; backup; networking; AMC,Architecture practice in Athwa Gate/Nanpura,Established firm in core architects' area,Principal Architect / Owner,Existence-verified (contact pending),"B-408, Tirupati Plaza, B/H Collector Office, Athwa Gates, Nanpura, Surat 395001",IndiaMART profile,https://www.indiamart.com/akash-architect/,Small-mid,Phone not visible on source
L0659,C,58,Era Interior Design,Architecture & CAD/Engineering,Interior design / 3D visualisation,Jahangirpura,,,https://www.erainteriordesign.studio/,GPU workstations for interior design + 3D visualisation; dual monitors; NAS; backup; networking; AMC,Interior design + photorealistic 3D visualisation studio,Visualisation-focused (render-heavy),Principal / Owner,Existence-verified (contact pending),"S25 Second Floor, Shree Nilkanth Business Hub, Causeway, Jahangirpura, Surat 395005",Company website,https://www.erainteriordesign.studio/,Small,Explicit 3D-visualisation focus = GPU demand
L0660,C,58,M-Square Planning & Designing,Architecture & CAD/Engineering,Architecture / Planning,Surat,,,https://msquarearchitects.in/,GPU workstations for architecture/planning rendering; dual monitors; NAS; backup; networking; AMC,Architecture + planning + design practice,Established planning/design firm,Principal Architect / Partner,Existence-verified (contact pending),"Surat, Gujarat",Facebook page,https://www.facebook.com/people/M-Square-Planning-Designing/100063774766538/,Small-mid,Contact not visible on source
L0661,C,58,Manish R. Negandhi (Structural Expert),Architecture & CAD/Engineering,Structural consultant,Vesu,9712898001,negandhi_manish@gmail.com,,GPU workstations for structural analysis/design software; dual monitors; NAS; backup; networking; AMC,SMC-registered structural expert (official municipal list),Registered practising consultant,Principal Engineer / Owner,Contact found,"436, Avadh Arena, Near Syambaba Temple, VIP Road, Vesu, Surat 395007",Surat Municipal Corp. registered list,https://www.suratmunicipal.gov.in/Content/Documents/rtiact/Disclosure/Town%20Development/TDO/StructuralExpert.pdf?ver=1943,Small,Source = official SMC structural-expert register
L0662,C,58,P.C. Bodiwala (Structural & Industrial Consultant),Architecture & CAD/Engineering,Structural consultant,Surat,,,https://pcbodiwala.in/,GPU workstations for structural/industrial design & analysis; dual monitors; NAS; backup; networking; AMC,Industrial & commercial structural design/analysis consultancy,Specialist industrial consulting,Principal Engineer / Owner,Existence-verified (contact pending),"Surat, Gujarat",Company website,https://pcbodiwala.in/,Small,Contact not visible on source
L0663,C,58,Vrukshagra Consulting Services,Architecture & CAD/Engineering,MEP consultant,Umara,,,,GPU workstations for MEP design (mechanical/electrical/plumbing); dual monitors; NAS; backup; networking; AMC,Est. 2010; multidisciplinary MEP for residential/commercial/industrial,Established multidisciplinary consultancy,Principal Engineer / Partner,Existence-verified (contact pending),"No. 38, S. K. Park, Umara Gam Road, Surat 395007",Industry blog listing,https://vipulac.in/blog/best-mep-consultants-in-surat/,Small-mid,Contact not visible on source
L0664,C,58,Atharva Diamond,Diamond & Bourse,Diamond manufacturer & global supplier,Varachha (Mini Bazar),,,,Diamond-planning workstations; managed networking; CCTV + access control; office desktops; AMC,Procurement + processing + manufacturing,Growing global supply firm,Owner/Partner or Admin head,Existence-verified (contact pending),"Central Bazar, Mini Bazar Cross Road, Varachha Road, Surat 395006",JustDial + search snippet,https://www.justdial.com/Surat/Atharva-Diamond-Reliance-Digital-Varachha-Road/0261PX261-X261-240206150746-E8S6_BZDET,Global diamond supplier; procurement/processing/mfg,"Global procurement, processing & manufacturing"
L0665,C,58,LIC Service Center (Ravindra Patil),Finance & Professional,Insurance / financial advisory,Surat,+91-7016306447,ravipatil@licservicecenter.in,https://licservicecenter.in/,desktops; data server + NAS backup; networking/firewall; CCTV; UPS; AMC,Advisory office digitization; client data security,Investment-advisory + LIC services,Proprietor,Contact found,,Company site,https://licservicecenter.in/,LIC agent / investment advisory office,LIC Branch 2863; investment advisor
L0666,C,58,Blue Chip Chemicals Pvt Ltd,GIDC Manufacturing,Dyes (Disperse),Pandesara,,,,ERP servers; plant & office desktops; industrial PCs; CCTV; networking + Wi-Fi; biometric access; AMC,Disperse dye manufacturing; textile dye demand,Established disperse dyes maker in Pandesara,IT Manager / Purchase / Director,Existence-verified (contact pending),"Plot No. 251, I-328, GIDC Estate, Pandesara, Surat 394221, Gujarat",Business directory,https://surat-district.infoisinfo.co.in/search/chemical,Medium (disperse dyes manufacturer),Disperse dyes and other dyes
L0667,C,58,Keshav Engineering,GIDC Manufacturing,Engineering / Pharma Machinery & Pressure Vessels,GIDC Sachin,,,https://www.keshavengineering.com/,ERP/design workstations; CAD desktops; industrial PCs; CCTV; networking + Wi-Fi; biometric access; AMC,Pharma machinery & pressure vessel fabrication demand,Pharma machinery + pressure vessel manufacturer,Plant Head / Purchase / Director,Existence-verified (contact pending),"Plot No. 5502, Road No. 5, Sachin GIDC, Surat 394230, Gujarat",Company website,https://www.keshavengineering.com/,Small-Medium (pharma machinery & pressure vessels),"Pharmaceutical machinery, pressure vessels"
L0668,C,58,LK Industries,GIDC Manufacturing,Auto Components / Sheet Metal,GIDC Sachin,,,,ERP/design workstations; CAD desktops; industrial PCs; CCTV; networking + Wi-Fi; biometric access; AMC,Heavy sheet metal parts/fabrication for automobile industry,Automotive engineering group serving OEM demand,Plant Head / Purchase / Director,Existence-verified (contact pending),"4310/4, GIDC, Sachin, Surat, Gujarat",Industry directory,https://machinemanufacturer.in/surat/,Medium (estd 1982; automotive engineering group),Heavy sheet metal parts & fabrication for automotive
L0669,C,58,Mangalam Intermediates,GIDC Manufacturing,Dyes & Dye Intermediates,GIDC Sachin,,,http://www.mangalamintermediates.co.in/,ERP servers; plant & office desktops; industrial PCs; CCTV; networking + Wi-Fi; biometric access; AMC,Dyes & dye intermediates manufacturing; export demand,Established 2002; dye intermediates maker,IT Manager / Purchase / Director,Existence-verified (contact pending),"Sachin GIDC, Surat, Gujarat",Company website,http://www.mangalamintermediates.co.in/,Medium (estd 2002; dyes & intermediates),Dyes and dye intermediates
L0670,C,58,Orange Engineering,GIDC Manufacturing,Engineering / Textile Machinery,GIDC Sachin,,,https://orangeengineering.in/,ERP/design workstations; CAD desktops; industrial PCs; CCTV; networking + Wi-Fi; biometric access; AMC,Launched first service centre in Sachin GIDC with parts & engineers,New service centre opened; growing machinery business,Plant Head / Purchase / Director,Existence-verified (contact pending),"Sachin GIDC, Surat, Gujarat",Company website,https://orangeengineering.in/,Small-Medium (estd 2011; weaving machinery),State-of-the-art weaving machinery
L0671,C,58,Spectrum Dyes & Chemicals Pvt Ltd,GIDC Manufacturing,Dyes & Chemicals,Palsana / Pandesara,,,,ERP servers; plant & office desktops; industrial PCs; CCTV; networking + Wi-Fi; biometric access; AMC,Disperse dye & hexanediol production; export demand,Dyes & chemicals maker on NH-8 belt,IT Manager / Purchase / Director,Existence-verified (contact pending),"Block No. 484, 502 & 503, NH No. 8, Palsana, Surat 394315, Gujarat",Business directory,https://www.exportersindia.com/spectrumdyes/,Medium (disperse dyes & chemicals manufacturer),"Disperse dyes, hexanediol"
L0672,C,58,Lions Eye Hospital,Healthcare,Charitable eye hospital,Adajan Road,,,https://www.justdial.com/Surat/Lions-Eye-Hospital-Morarji-Desai-Garden-Lalgi-Nager-Adajan-Road/0261PX261-X261-160912184706-U4Q1_BZDET,HIS/EMR servers; ophthalmic imaging workstations; reception/billing desktops; networking + Wi-Fi; CCTV; UPS; AMC,High-volume charitable cataract surgeries; donor-funded IT,Charitable trust; high patient throughput,Trust Administrator / Project Committee,Existence-verified (contact pending),"Lions Community Hall, Adajan Road, Morarji Desai Garden, Lalgi Nagar, Surat 395009",Directory (JustDial/Medindia),https://www.medindia.net/directories/hospitals/lions-eye-hospital-surat-gujarat-96357.htm,Charitable high-volume eye hospital (Lions Club),Charitable; budget-sensitive; donor-funded capex
L0673,C,58,Love 'N' Care Hospital,Healthcare,Maternity / IVF / urology hospital,Surat,,,https://www.healcard.com/surat/hospitals/multi-speciality,HIS/EMR servers; ultrasound/endoscopy imaging workstations; reception/billing desktops; networking + Wi-Fi; CCTV; UPS; AMC,IVF/endoscopy + maternity records need imaging + EMR,Established 1990; IVF growth area,Hospital Administrator / Owner-doctor,Existence-verified (contact pending),"Surat (maternity, endoscopy, IVF, urology; est 1990)",Directory (Healcard),https://www.healcard.com/surat/hospitals/multi-speciality,Maternity + IVF + endoscopy + urology hospital,Maternity/IVF; ultrasound imaging endpoints
L0674,C,58,Sandy Resort,Hospitality & Real Estate,Resort,Near Surat,,,https://www.holidify.com/hotel-collections/resorts-near-surat,Front-desk PCs; guest Wi-Fi + networking; CCTV; AMC,Leisure/weekend resort,Weekend-getaway demand,Owner / Admin,Existence-verified (contact pending),Near Surat,Travel guide,https://www.holidify.com/hotel-collections/resorts-near-surat,Leisure resort,Listed weekend resort near Surat
L0675,C,58,CoderKube Technologies,IT & Software,Mobile app / web / e-commerce,Surat,,,https://coderkube.com/,Developer workstations; small server/NAS; firewall + switches + Wi-Fi; CCTV; AMC,Full-service dev firm 5+ years in Surat,Steady SME-scale operation,Founder/Director,Existence-verified (contact pending),"Surat, India",GoodFirms directory listing,https://www.goodfirms.co/directory/city/app-development/surat,Small (5+ yrs),"No contact on source; smaller shop, lower spend"
L0676,C,58,Lathiya Solutions,IT & Software,Website design & development,"Mota Varachha (Digital Valley), Surat",+91 78785 35701,,https://lathiyasolutions.com/,Designer/developer workstations; small server/NAS; firewall + switches + Wi-Fi; CCTV; AMC,Web dev for SMBs; in Digital Valley IT cluster,Located in Surat Digital Valley/IT Park area,Founder/Director,Contact found,"416, Angel Square, Behind Royal Square, Above Axis Bank, Uttran (Digital Valley), Surat 394105",Company website (contact page),https://lathiyasolutions.com/contact-us/,Small (SME-focused),Phone captured; smaller SME-focused shop
L0677,C,58,Adityendra Solanki Photography,Media/Video/Photo,Wedding/portrait photography,Surat,,,https://adityendrasolanki.com/,Color-accurate editing workstations; fast storage/NAS; backup; AMC,Wedding/portrait shoot volume,Dedicated photography brand with own site,Owner/Founder (Adityendra Solanki),Existence-verified (contact pending),"Surat, Gujarat",Company website,https://adityendrasolanki.com/contact/,SME,Photography studio; own website with contact page
L0678,C,58,Atmiya Memories,Media/Video/Photo,Wedding photography & cinematography,Adajan Gam,,,,GPU editing rigs; cinematic video storage/NAS; color-grading; backup; AMC,Cinematic wedding film volume,Wedding photo + cinematography; Adajan Gam,Owner/Founder,Existence-verified (contact pending),"Adajan Gam, Surat",Listicle (G3 Fashion),https://g3fashion.com/blog/surat/wedding-photographers-in-surat/,SME,Wedding photography & cinematography; Adajan Gam
L0679,C,58,Bring It Online Media,Media/Video/Photo,Fashion/ecommerce/product photography,Surat (operations; Delhi reg.),,,https://www.bringitonline.in/surat-product-photography-model-photoshoot.html,Color-accurate workstations; fast storage/NAS; backup; AMC,Surat jewellery/fashion ecommerce shoot volume,Jewellery photography portfolio for Diamond City,Owner/Founder,Existence-verified (contact pending),Surat operations (reg. New Delhi),Company website,https://www.bringitonline.in/surat-product-photography-model-photoshoot.html,SME; jewellery portfolio,Fashion/ecommerce/model + jewellery photography serving Surat; reg. office Delhi
L0680,C,58,Wedding Bell,Media/Video/Photo,Wedding photography & cinematography,Pal / Adajan,,,,GPU editing rigs; cinematic video storage/NAS; color-grading; backup; AMC,Candid wedding 4K volume,Candid wedding specialist; Pal/Adajan,Owner/Founder,Existence-verified (contact pending),"Shiven Square, Pal, Adajan, Surat",Wedding.net profile,https://surat.wedding.net/album/6052349/,SME,"Candid wedding photography; Shiven Square, Pal/Adajan"
L0681,C,58,Gujarat Mobile Shop,Retail & Supermarket,Mobile retail chain,Surat,,,,bulk POS/billing desktops; loss-prevention CCTV; per-store networking + Wi-Fi; AMC,Multi-brand mobile retailer in Surat,Local mobile retailer,Owner / Purchase,Existence-verified (contact pending),Surat (multi-brand mobile retailer),IndiaMART company page,https://www.indiamart.com/company/51311221/,"Multi-brand mobile retailer (Samsung, Nokia, Spice)",Verify scale (single vs multi-store); mobile retail POS + CCTV need
L0682,C,58,Jalaram Furniture Mall,Retail & Supermarket,Furniture & home retail,Surat,,,,bulk POS/billing desktops; loss-prevention CCTV; per-store networking + Wi-Fi; AMC,Established large furniture store,Local established furniture retailer,Owner / Store Manager,Existence-verified (contact pending),Surat (large furniture store),threebestrated listing,https://threebestrated.in/furniture-stores-in-surat-gj,Well-recognized large furniture store,Local furniture mall; verify scale + contact
L0683,C,58,Kiran Dyed Yarn,Textile Manufacturing,Yarn (dyed/polyester dyed),Surat,,,https://www.kirandyedyarn.com/,Tally servers; billing PCs; CCTV; networking + Wi-Fi; biometric attendance; AMC,Dyed yarn production,Yarn dyeing operations,Owner/Director,Existence-verified (contact pending),"Surat, Gujarat (polyester dyed yarn)",Company website,https://www.kirandyedyarn.com/,Small-mid: polyester dyed yarn manufacturer/supplier,Dyed yarn unit; basic IT + CCTV need
L0684,C,58,Majisa Fabtex,Textile Manufacturing,Embroidery (Schiffli),Surat,,,https://www.majisafabtex.com/,ERP/Tally servers; design & billing PCs; CCTV; networking + Wi-Fi; biometric attendance; AMC,Schiffli embroidery fabric production,Embroidery fabric operations,Owner/Director,Existence-verified (contact pending),"Surat, Gujarat",Company website,https://www.majisafabtex.com/,Small-mid: Schiffli embroidery fabric manufacturer,Schiffli embroidery unit; basic design/shop-floor IT/CCTV scope
L0685,C,58,Schiffli.in,Textile Manufacturing,Embroidery (Schiffli),Surat,,,https://schiffli.in/,ERP/Tally servers; design/digitizing & billing PCs; CCTV; networking + Wi-Fi; biometric attendance; AMC,Latest Swiss shuttle embroidery machine adoption,Modern Swiss machine fleet,Owner/Director,Existence-verified (contact pending),"Surat, Gujarat (Swiss shuttle embroidery machines)",Company website,https://schiffli.in/,Small-mid: Schiffli embroidery with latest Swiss shuttle machines,Schiffli embroidery unit with modern Swiss machines; design/IT/CCTV need
L0686,C,58,Vishwakarma Engineering Works,Textile Manufacturing,Textile machinery (calendering/embossing),Bhestan,,,https://www.vishwakarmaengineeringwork.com/,ERP/Tally servers; CAD & billing PCs; CCTV; networking + Wi-Fi; biometric attendance; AMC,Machinery manufacturer; calendering/embossing lines,Calendering/embossing machine production,Owner/Director,Existence-verified (contact pending),"Plot No. B/1/73-74, Bhagwati Industrial Estate, Near Navin Flourine, Bhestan, Surat 395023",Company website,https://www.vishwakarmaengineeringwork.com/,Small-mid: mfr of textile/calendering/embossing machines,Machinery maker in Bhestan; basic design/shop-floor IT/CCTV scope
L0687,C,57,R.R. Dental n Maxillofacial Clinic,Healthcare,Multispeciality dental clinic,Nanpura,,,https://rrmaxfacdentalclinic.com/,Practice-management servers; dental imaging (CBCT) workstations; reception/billing desktops; networking + Wi-Fi; CCTV; UPS; AMC,Implant/maxillofacial work needs CBCT imaging compute,Specialized maxillofacial center; growth,Owner-doctor / Practice Manager,Existence-verified (contact pending),"22 Ground Floor, Man-Mandir Apartment, Nanpura, Surat",Dental clinic website,https://rrmaxfacdentalclinic.com/about/,Multi-specialty dental + maxillofacial; implants/laser RCT,Maxillofacial = CBCT imaging need
L0688,C,57,DigiRivera,IT & Software,Digital marketing / SEO agency,"Mota Varachha, Surat",+91 94296 36561,info@digirivera.com,https://digirivera.com/,Creative/marketing workstations; small NAS; firewall + switches + Wi-Fi; CCTV; AMC,SEO + social media marketing agency,Growing SME agency in Mota Varachha,Founder/Director,Contact found,"102, Anupam Square, Mahadev Chowk, Near Dharm Nandan Society, Mota Varachha, Surat",Company website + Facebook,https://digirivera.com/,Small,Phone + email captured; smaller spend profile
L0689,C,57,Design Point,Media/Video/Photo,Videography / wedding films,Varachha Road,,,,GPU editing rigs; video storage/NAS; color-grading; backup; AMC,Wedding/event video volume,Videography company on Varachha Road,Owner/Founder,Existence-verified (contact pending),"Varachha Road, Surat",IndiaMART directory,https://dir.indiamart.com/surat/videography-services.html,SME,"Videography, albums, cinematography; Varachha Road"
L0690,C,57,PhotoGigs Studio,Media/Video/Photo,Wedding/event photography studio,Vesu,,,,Color-accurate editing workstations; fast storage/NAS; backup; AMC,Wedding/event shoot volume,Vesu-based studio (Shivalik Heights),Owner/Founder,Existence-verified (contact pending),"Shivalik Heights, Vesu, Surat",Listicle (G3 Fashion),https://g3fashion.com/blog/surat/wedding-photographers-in-surat/,SME,"Photography studio; Shivalik Heights, Vesu"
L0691,C,57,Pixocity Filmcity,Media/Video/Photo,Film city / shoot studio,Surat,,,https://www.instagram.com/pixocity_official/,Networking/CCTV; NAS for shoot media; editing rigs; AMC,Pre-wedding/film shoot demand,Filmcity shoot location; active Instagram,Owner/Manager,Existence-verified (contact pending),"Surat, Gujarat",Instagram (official),https://www.instagram.com/pixocity_official/?hl=en,Shoot location studio,Filmcity Pix'o'city; pre-wedding/film shoot location
L0692,C,57,Snapito Rental,Media/Video/Photo,Photo/video studio & equipment rental,Vesu,,,https://snapitorental.com/,Studio infra; NAS for media; editing rigs; networking; AMC,Content-creator studio rental demand,Sister brand of Snapito Studio; rental + studio space,Owner/Founder,Existence-verified (contact pending),"Vesu, Surat (Snapito group)",Company website,https://snapitorental.com/contact/,Studio + rental arm,Studio space + equipment rental for content creators; Vesu
L0693,C,56,AAKAR Architects & Associates,Architecture & CAD/Engineering,Architecture firm,Surat,,,https://www.facebook.com/aakararchitectsandassociates/,GPU workstations for architecture rendering & CAD; dual monitors; NAS; backup; networking; AMC,Architecture practice in Surat,Local architecture firm,Principal Architect / Partner,Existence-verified (contact pending),"Surat, Gujarat",Facebook page,https://www.facebook.com/aakararchitectsandassociates/,Small-mid,Contact not visible on source
L0694,C,56,Aura Interior Studio,Architecture & CAD/Engineering,Interior design studio,Vesu,8141424574,aura04studio@gmail.com,,GPU workstations for interior 3D rendering; dual monitors; NAS; backup; networking; AMC,Interior studio in Vesu,Vesu studio,Principal / Owner,Contact found,"No. 405, Four Point, VIP Road, Vesu, Surat 395001",Sulekha listing,https://www.sulekha.com/aura-interior-studio-vesu-surat-contact-address,Small,Residential/commercial interiors
L0695,C,56,INK inc,Architecture & CAD/Engineering,Interior / Architecture firm,Surat,9825134039,,https://www.facebook.com/INKinccorp/,GPU workstations for interior/architecture 3D rendering; dual monitors; NAS; backup; networking; AMC,Interior/architecture design firm,Local design firm,Principal / Owner,Contact found,"Surat, Gujarat",Facebook page,https://www.facebook.com/INKinccorp/,Small,Interior/architecture design
L0696,C,56,Likha Design Studio,Architecture & CAD/Engineering,Interior / Architecture studio,Adajan,,,https://kreatecube.com/profile/likha-design-studio,GPU workstations for interior/architecture rendering; dual monitors; NAS; backup; networking; AMC,Residential & commercial interiors; turnkey-focused,Turnkey project orientation,Principal / Owner,Existence-verified (contact pending),"Adajan Dn, Surat, Gujarat 395009",KreateCube profile,https://kreatecube.com/profile/likha-design-studio,Small,Phone not visible on source
L0697,C,56,Ankit Gems,Diamond & Bourse,Diamond exporter,Katargam (Gotalawadi),,,,Diamond-planning workstations; managed networking; CCTV + access control; office desktops; AMC,Graded-diamond export focus,Mid-size exporter,Owner/Partner or Admin head,Existence-verified (contact pending),"Plot 315, Patel Faliya, Gotalawadi, Katargam, Surat 395004",JustDial + search snippet,https://www.justdial.com/Surat/Ankit-Gems-Plot-No-315-Patel-Faliya-Gotalawadi-Katargam/0261PX261-X261-140702144542-E7Y1_BZDET,Graded diamonds; high standards,"Authentic graded diamonds, Katargam"
L0698,C,56,AP Gems,Diamond & Bourse,Diamond manufacturer,Mahidharpura,,,,Diamond-planning workstations; managed networking; CCTV + access control; office desktops; AMC,Established 14-yr operation,Mid-size diamond manufacturer,Owner/Partner or Admin head,Existence-verified (contact pending),"102 Veer Ashish Building, Thobha Sheri, Mahidharpura, Surat 395003",JustDial + search snippet,https://www.justdial.com/Surat/AP-GEMS-Mahidharpura/0261PX261-X261-170121213859-E8R8_BZDET,14 yrs in business; 4.6 rating,Diamond manufacturer in Mahidharpura district
L0699,C,56,Jogigems Diamond Supplier,Diamond & Bourse,Diamond manufacturer & merchant,Varachha (Mini Bazar),,,,Diamond-planning workstations; managed networking; CCTV + access control; office desktops; AMC,Long-running 24h operation,Established mid-size supplier,Owner/Partner or Admin head,Existence-verified (contact pending),"608 Rajhans Heights, Choksi Bazar, Mini Bazar, Varachha Road, Surat 395006",JustDial + search snippet,https://www.justdial.com/Surat/Jogigems-Diamond-Supplier-Varachha-Road/0261PX261-X261-180228143600-J5W5_BZDET,7 yrs listed; 4.4 rating; open 24h,Diamond merchant & manufacturer; 24-hour operation
L0700,C,56,OM Diamond,Diamond & Bourse,Diamond manufacturer (fancy cuts),Varachha (Mini Bazar),,,,Diamond-planning workstations; managed networking; CCTV + access control; office desktops; AMC,Specialty-cut manufacturer,Mid-size diamond firm,Owner/Partner or Admin head,Existence-verified (contact pending),"510 Rajhans Heights, Mini Bazar, Behind M.D. Tower, Varachha Road, Surat 395006",JustDial + search snippet,https://www.justdial.com/jdmart/Surat/OM-Diamond-Behind-MD-Tower-Varachha-Road/0261P2621-2621-110201150720-W4K4_BZDET/catalogue,Specialist rose/pear/brilliant cut diamonds,"Rose cut, pear, brilliant cut diamonds"
L0701,C,56,R Rajesh Exports,Diamond & Bourse,Diamond exporter,Katargam,,,,Diamond-planning workstations; managed networking; CCTV + access control; office desktops; AMC,Export sourcing focus,Mid-size exporter,Owner/Partner or Admin head,Existence-verified (contact pending),"303 Nandu Doshi Ni Wadi, Opp Bus Stop, Katargam, Surat 395004",JustDial + search snippet,https://www.justdial.com/Surat/R-Rajesh-Exports-Opposite-Bstation-Lane-Katargam/0261PX261-X261-140712112547-F9Y8_BZDET,Diamond exporter; craftsmanship + sourcing,"Diamond exporter, Katargam"
L0702,C,56,Shree Krishna Exports,Diamond & Bourse,Diamond exporter,Katargam (Gotalawadi),,,,Diamond-planning workstations; managed networking; CCTV + access control; office desktops; AMC,Export-oriented Katargam firm,Mid-size exporter,Owner/Partner or Admin head,Existence-verified (contact pending),"Nishal Faliya, Gotalawadi, Katargam, Surat 395004",JustDial + search snippet,https://www.justdial.com/Surat/Shree-Krishna-Exports-Katargam/0261PX261-X261-140714122915-H3M2_BZDET,"Diamond exporter, Katargam",Diamond exporter in Katargam diamond cluster
L0703,C,56,Akash (Aakash) Plastopack Pvt Ltd,GIDC Manufacturing,Plastics / Flexible Packaging Film,GIDC Sachin,,,,ERP servers; plant & office desktops; industrial PCs; CCTV; networking + Wi-Fi; biometric access; AMC,Flexible packaging film production; food-grade film demand,Established flexible packaging film maker,Purchase / Director,Existence-verified (contact pending),"Plot No 1 141/142, Road No ID-1, GIDC Sachin, Surat 394230, Gujarat",IndiaMART,https://www.indiamart.com/aakash-plastopack-private-limted/,Medium (PVC cling/twist film manufacturer; estd 1996),"PVC cling film, PVC twist wrap films"
L0704,C,56,Krishna Dye Chem,GIDC Manufacturing,Dyes / Textile Auxiliaries,Pandesara,,,https://www.krishnadyechem.in/,ERP servers; plant & office desktops; industrial PCs; CCTV; networking + Wi-Fi; biometric access; AMC,Dye & auxiliary production; second plant at Saykha GIDC,Multi-site (Pandesara office + Saykha plant),IT Manager / Purchase / Director,Existence-verified (contact pending),"28/C, Lalakunj Estate, Near Rachana Dyeing Mill, Pandesara GIDC, Surat 394221, Gujarat",Company website,https://www.krishnadyechem.in/contact.html,Small-Medium (dyes & textile auxiliaries; plant at Saykha),"Dyes, textile auxiliaries"
L0705,C,56,Balaji Infosol,IT & Software,Software development / IT services,Surat,,,http://sbitindia.co.in/,Developer workstations; small server/NAS; firewall + switches + Wi-Fi; CCTV; AMC,Founded Aug 2008; software + IT services,Long-running small IT services firm,Founder/Director,Existence-verified (contact pending),"Surat, Gujarat",GoodFirms directory listing,https://www.goodfirms.co/directory/city/app-development/surat,Small (since Aug 2008),No verified contact on source; smaller spend
L0706,C,56,Dhyanvi Technologies,IT & Software,Website design / SEO,"Lal Darwaja (Railway Station), Surat",,,https://dhyanvi.com/,Designer workstations; small server/NAS; firewall + switches + Wi-Fi; CCTV; AMC,Web design + SEO agency in central Surat,Premium business-hub office,Founder/Director,Existence-verified (contact pending),"1106B, 11th Floor, Excellent Business Hub, Lal Darwaja Road, Near Railway Station, Surat 395003",Company website (contact page),https://dhyanvi.com/contact/,Small,Phone not in snippet; smaller spend profile
L0707,C,56,Cheers Events,Media/Video/Photo,Wedding production / event media,Piplod / City Light,,,,Editing rigs for event video; storage/NAS; backup; AMC,Wedding event video/photo coverage,Royal wedding planning & event management,Owner/Founder,Existence-verified (contact pending),"306, Union Heights, Rahulraj Mall Lane, Piplod, City Light, Surat 395007",Wedding.net / directory,https://surat.wedding.net/other/1593075/,Wedding planning + media,Wedding planning + event media; Piplod/City Light
L0708,C,56,Image Photo Studio,Media/Video/Photo,Photography studio,Vesu,,,,Color-accurate editing workstations; fast storage/NAS; backup; AMC,Studio/wedding shoot volume,Vesu photo studio,Owner/Founder,Existence-verified (contact pending),"Opposite Aagam Orchid, Near Nandini 2, Vesu, Surat",JustDial listing,https://www.justdial.com/Surat/Image-Photo-Studio-Opposite-Aagam-Orchid-Near-Nandini-2-Vesu/0261PX261-X261-220512162730-B5I3_BZDET,SME,Photo studio; Vesu (opp Aagam Orchid)
L0709,C,56,Mitra Production,Media/Video/Photo,Ecommerce/video production,Godadara,,,,Editing/product workstations; fast storage/NAS; backup; AMC,Ecommerce content/video volume,Ecommerce service provider; Godadara,Owner/Founder,Existence-verified (contact pending),"Near Capital Square, Parvat Gam, Godadara, Surat",JustDial listing,https://www.justdial.com/Surat/Mitra-Production-Near-Capital-SquareParvat-Gam-Godadara/0261PX261-X261-230309203324-I3M2_BZDET,SME,Ecommerce + production services; Godadara
L0710,C,56,Sai Mandir Film Production,Media/Video/Photo,Film/video production,Adajan,,,,GPU editing workstations; video storage/NAS; color-grading; backup; AMC,Wedding/event film volume,Film production house; Adajan,Owner/Founder,Existence-verified (contact pending),"Adajan, Surat 395009",Sulekha listing,https://www.sulekha.com/sai-mandir-film-production-surat-adajan-surat-contact-address,SME,"Film production; Adajan, Surat"
L0711,C,56,MAK Fabrics,Textile Manufacturing,Embroidery (Schiffli),Surat,,,https://www.makfabrics.in/schiffli-embroidered-fabric.html,ERP/Tally servers; design & billing PCs; CCTV; networking + Wi-Fi; biometric attendance; AMC,Schiffli embroidery fabric production,Embroidery fabric operations,Owner/Director,Existence-verified (contact pending),"Surat, Gujarat",Company website,https://www.makfabrics.in/schiffli-embroidered-fabric.html,Small-mid: dyeable Schiffli embroidered fabric manufacturer,Schiffli embroidery unit; basic design/shop-floor IT/CCTV scope
L0712,C,56,Seeboo Tex Faab,Textile Manufacturing,Embroidery (Schiffli),Surat,,,https://www.seebootexfaab.in/schiffli-work-fabric.html,ERP/Tally servers; design & billing PCs; CCTV; networking + Wi-Fi; biometric attendance; AMC,Schiffli embroidery fabric production,Embroidery fabric operations,Owner/Director,Existence-verified (contact pending),"Surat, Gujarat",Company website,https://www.seebootexfaab.in/schiffli-work-fabric.html,Small-mid: Schiffli embroidery fabric manufacturer,Schiffli embroidery unit; basic design/shop-floor IT/CCTV scope
L0713,C,55,Aurora ENT & Dental Clinic,Healthcare,ENT + dental clinic,Surat,,,https://www.auoraentdental.com/,Practice-management servers; ENT/dental imaging workstations; reception/billing desktops; networking + Wi-Fi; CCTV; UPS; AMC,ENT endoscopy + dental imaging endpoints,New ultramodern combined facility,Owner-doctor / Practice Manager,Existence-verified (contact pending),Surat (ENT + dental under one roof),Clinic website,https://www.auoraentdental.com/,Combined ENT + dental ultramodern facility,Smaller combined clinic; modest spend
L0714,C,55,Vatsalya Maternity & Children Hospital,Healthcare,Maternity & children hospital,Bhedvad,,,https://www.medindia.net/directories/hospitals/vatsalya-maternity-children-hospital-surat-gujarat-28175.htm,HIS/EMR servers; ultrasound/NICU imaging workstations; reception/billing desktops; networking + Wi-Fi; CCTV; UPS; AMC,Maternity ultrasound + NICU monitoring data,Established maternity/children hospital,Hospital Administrator / Owner-doctor,Existence-verified (contact pending),"Bhedvad, Surat",Directory (Medindia),https://www.medindia.net/directories/hospitals/vatsalya-maternity-children-hospital-surat-gujarat-28175.htm,Maternity + pediatric hospital,Maternity/peds; ultrasound + CCTV need
L0715,C,55,AONE SEO Service,IT & Software,Digital marketing / SEO agency,Surat,,,https://www.aoneseoservice.com/,Marketing workstations; small NAS; firewall + switches + Wi-Fi; CCTV; AMC,"ROI-driven SEO, PPC, SMM, branding",SME digital agency,Founder/Director,Existence-verified (contact pending),"Surat, Gujarat",Company website,https://www.aoneseoservice.com/digital-marketing-agency-in-surat.html,Small,No contact on source; smaller agency
L0716,C,55,Trisha Films Surat,Media/Video/Photo,Video production,Surat,,,,GPU editing rigs; video storage/NAS; backup; AMC,Corporate/event video volume,Listed video production service in Surat,Owner/Founder,Existence-verified (contact pending),"Surat, Gujarat",JustDial listing,https://www.justdial.com/Surat/Video-Production-Services/nct-10521425,SME,Video production services listing; Surat
L0717,C,54,Gruham Solutions (Gruham Design Studio),Architecture & CAD/Engineering,Architecture / Design studio,Sarthana,,,https://www.houzz.in/professionals/architects-and-building-designers/gruham-design-studio-pfvwin-pf~1203033188,GPU workstations for architecture/interior rendering; dual monitors; NAS; backup; networking; AMC,Architecture/design studio in Sarthana,Local design studio,Principal / Owner,Existence-verified (contact pending),"39, Ashirwad Park Society, B/H Subhash Nagar Society, Sarthana, Jakatnaka, Surat 395006",Houzz profile,https://www.houzz.in/professionals/architects-and-building-designers/gruham-design-studio-pfvwin-pf~1203033188,Small,Phone not visible on source
L0718,C,54,Naksh Gruham Design Studio,Architecture & CAD/Engineering,Interior design studio,Surat,,,https://nakshgruhamdesignstudio.in/,GPU workstations for interior 3D rendering; dual monitors; NAS; backup; networking; AMC,Interior design for commercial & residential sites,Local interior studio,Principal / Owner,Existence-verified (contact pending),"Surat, Gujarat",Company website,https://nakshgruhamdesignstudio.in/,Small,Contact not visible on source
L0719,C,54,Square Studio Designs,Architecture & CAD/Engineering,Design studio,Katargam,9998803717,,,GPU workstations for design/visualisation; dual monitors; NAS; backup; networking; AMC,Design studio in Katargam,Local design studio,Principal / Owner,Contact found,"555, Laxmi Enclave 2, Opp Gajera School, Katargam, Surat",Facebook page,https://www.facebook.com/squarestudio.india/,Small,Design/visualisation studio
L0720,C,54,Govinda Diamond,Diamond & Bourse,Diamond manufacturer (polished + LGD jewellery),Mahidharpura,,,,Diamond-planning workstations; managed networking; CCTV + access control; office desktops; AMC,Polished + lab-created jewellery range,Small/mid diamond firm,Owner/Partner or Admin head,Existence-verified (contact pending),"Mahidharpura, Surat 395003",JustDial + search snippet,https://www.justdial.com/Surat/Govinda-Diamond-Mahidharpura/0261PX261-X261-171212071326-D5U5_BZDET,4.9 rating; polished + eco-friendly lab-created jewellery,Polished diamonds + lab-created diamond jewellery
L0721,C,54,Harekrishna Jems,Diamond & Bourse,Diamond exporter,Katargam,,,,Diamond-planning workstations; managed networking; CCTV + access control; office desktops; AMC,Export-oriented Katargam firm,Mid-size exporter,Owner/Partner or Admin head,Existence-verified (contact pending),"C 3753 Nandu Doshni Wadi, Vasta Devdi Road, Opp Torrent Power Station, Katargam, Surat 395004",JustDial + search snippet,https://www.justdial.com/Surat/Harekrishna-Jems-Opposite-Torrent-Power-Station-Katargam/0261PX261-X261-110819124631-B8G7_BZDET,"Diamond exporter, Katargam","Diamond exporter, Katargam cluster"
L0722,C,54,Jewel Star,Diamond & Bourse,Diamond exporter,Katargam (Old GIDC),,,,Diamond-planning workstations; managed networking; CCTV + access control; office desktops; AMC,Export-oriented firm,Mid-size exporter,Owner/Partner or Admin head,Existence-verified (contact pending),"Opp RJD Business Hub, Old GIDC, Katargam, Surat 395004",JustDial + search snippet,https://www.justdial.com/Surat/Jewel-Star-Opposite-RJD-Business-Hub-Old-GIDC-Katargam/0261PX261-X261-110819172526-Z6G3_BZDET,"Diamond exporter, Old GIDC Katargam","Diamond exporter, Old GIDC Katargam"
L0723,C,54,Kiran Exports,Diamond & Bourse,Diamond exporter,Katargam,,,,Diamond-planning workstations; managed networking; CCTV + access control; office desktops; AMC,Export-oriented firm,Mid-size exporter,Owner/Partner or Admin head,Existence-verified (contact pending),"Bhavani Circle, Katargam, Surat 395004",JustDial + search snippet,https://www.justdial.com/Surat/Kiran-Exports-Bhavani-Circle-Katargam/0261PX261-X261-190923115018-E2V8_BZDET,"Diamond exporter, Katargam","Diamond exporter, Bhavani Circle Katargam"
L0724,C,54,P Hitesh & Co,Diamond & Bourse,Diamond manufacturer & exporter,Mahidharpura,,,,Diamond-planning workstations; managed networking; CCTV + access control; office desktops; AMC,Newer export firm,Growing diamond exporter,Owner/Partner or Admin head,Existence-verified (contact pending),"Mahidharpura, Surat 395003",JustDial + search snippet,https://www.justdial.com/jdmart/Surat/P-Hitesh-Company-Mahidharpura/0261PX261-X261-110211184859-N5U4_BZDET/catalogue,Established 2019; diamond exporter,"Diamond manufacturer & exporter, Mahidharpura"
L0725,C,54,Palak Designer Diamond Jewellery,Diamond & Bourse,Diamond jewellery manufacturer,Mahidharpura,,,,Jewellery CAD workstations; managed networking; CCTV + access control; office desktops; AMC,Established 16-yr operation,Diamond jewellery maker,Owner/Partner or Admin head,Existence-verified (contact pending),"201 Santok Diamond Building, Hat Faliya, Mahidharpura, Surat 395003",JustDial + search snippet,https://www.justdial.com/Surat/Palak-Designer-Diamond-Jewellery-Hat-Faliya-Mahidharpura/0261PX261-X261-130606150709-M1C2_BZDET,16 yrs in business; 4.0 rating,Designer diamond jewellery manufacturer
L0726,C,54,Metal Fab Engineers,GIDC Manufacturing,Engineering / Heat Exchangers & Pressure Vessels,GIDC Sachin,,,,ERP/design workstations; CAD desktops; industrial PCs; CCTV; networking + Wi-Fi; biometric access; AMC,Heat exchanger & pressure vessel fabrication demand,Mechanical fabrication firm in Sachin GIDC,Plant Head / Purchase / Director,Existence-verified (contact pending),"GIDC Sachin, Surat, Gujarat",JustDial,https://www.justdial.com/jdmart/Surat/Metal-Fab-Engineers-GIDC-Sachin/0261PX261-X261-160523105246-Z7Q2_BZDET/catalogue,Small-Medium (heat exchanger & pressure vessel fabricator),"Heat exchangers, pressure vessels, boilers"
L0727,C,54,R P Plastic Industries,GIDC Manufacturing,Plastics / Reprocessed Granules,GIDC Sachin,+91 8140 888110,info@rpplasticind.com,https://www.rpplasticind.com/,ERP servers; plant & office desktops; industrial PCs; CCTV; networking + Wi-Fi; biometric access; AMC,Reprocessed granule supply; recycling capacity demand,HDPE/PP/LLDPE reprocessed granule manufacturer,Purchase / Director,Contact found,"Plot No. 938, Road No. 6, Sachin GIDC, Surat 394230, Gujarat",Company website,https://www.rpplasticind.com/contact,Small-Medium (reprocessed plastic granules; estd 2018),"HDPE, PP, LLDPE reprocessed plastic granules"
L0728,C,54,Suman Chemical Industries,GIDC Manufacturing,Specialty / Construction & Paper Chemicals,GIDC Sachin,,,https://sumanchem.in/,ERP servers; plant & office desktops; industrial PCs; CCTV; networking + Wi-Fi; biometric access; AMC,Custom manufacturing; construction/paper chemicals demand,20+ years; custom chemical manufacturing,Purchase / Director,Existence-verified (contact pending),"Plot No. C-1-B-461, Road No. 82/4, GIDC Sachin, Surat 394230, Gujarat",Company website,https://sumanchem.in/about/,Small-Medium (20+ yrs; construction & paper chemicals),"Construction chemicals, paper chemicals, custom manufacturing"
L0729,C,54,Tirth Sales,GIDC Manufacturing,Engineering / Investment Castings,GIDC Sachin,,,https://www.tirthsales.com/,ERP/design workstations; CAD desktops; industrial PCs; CCTV; networking + Wi-Fi; biometric access; AMC,"Investment casting, machining & fabrication job work demand",Casting/machining/fabrication for multiple industries,Plant Head / Purchase / Director,Existence-verified (contact pending),"Plot No. 7312/1, Road No. 7, GIDC Sachin, Surat 394230, Gujarat",Company website,https://www.tirthsales.com/,Small-Medium (estd 2008; investment casting & fabrication),"SS 316 investment casting, medical implant casting, fabrication"
L0730,C,54,Tribhuvan Polymers Pvt Ltd,GIDC Manufacturing,Plastics / PP Bags,Palsana,,,,ERP servers; plant & office desktops; industrial PCs; CCTV; networking + Wi-Fi; biometric access; AMC,PP/woven bag production; packaging demand,Manufacturing metals & chemicals/plastics; ~Rs 4cr capital,Purchase / Director,Existence-verified (contact pending),"Block No. 63, Near NH-8, Village Makhinga, Taluka Palsana, Surat, Gujarat",IndiaMART,https://www.indiamart.com/tribhuvan-polymers-private-limited/aboutus.html,Small-Medium (estd 2015; PP bag manufacturer),PP bags / woven sacks
L0731,C,54,Uni Tech Valves & Pneumatics,GIDC Manufacturing,Engineering / Valves & Flow Meters,GIDC Sachin,,,https://www.unitechvalvesindia.com/,ERP/design workstations; CAD desktops; industrial PCs; CCTV; networking + Wi-Fi; biometric access; AMC,Valves & flow meters for industrial/commercial applications,"Forged steel valves, butterfly/ball valves, flow meters",Plant Head / Purchase / Director,Existence-verified (contact pending),"Plot No 6234, Road No 62, Sachin GIDC, Surat, Gujarat",IndiaMART / company,https://www.indiamart.com/jdfdsales/,Small-Medium (valves & flow meters manufacturer),"Forged steel valves, butterfly valves, flow meters"
L0732,C,54,Dreamztech / WAMA Technology (Surat),IT & Software,Mobile app development,Surat,,,https://www.wamatechnology.com/,Dev workstations; server + NAS; firewall + switches + Wi-Fi; CCTV; AMC,Mobile app dev + staff augmentation; multi-city,Registered Mumbai; verify active Surat office before outreach,Director or IT Head,Existence-verified (contact pending),"Surat, Gujarat (also Mumbai)",Company website (contact page),https://www.wamatechnology.com/contact-page/,Small-Medium,HQ Mumbai per ZaubaCorp; lower confidence on Surat presence
L0733,C,54,Mayfab (Maya Fab),Textile Manufacturing,Embroidery (Schiffli),Surat,,,https://www.indiamart.com/mayafab-surat/schiffli-fabric.html,ERP/Tally servers; design & billing PCs; CCTV; networking + Wi-Fi; biometric attendance; AMC,Schiffli embroidery fabric production,Embroidery fabric operations,Owner/Director,Existence-verified (contact pending),"Surat, Gujarat",IndiaMART,https://www.indiamart.com/mayafab-surat/schiffli-fabric.html,Small-mid: PC Schiffli embroidery fabric manufacturer,Schiffli embroidery unit; basic design/shop-floor IT/CCTV scope
L0734,C,52,DEV Export,Diamond & Bourse,Diamond exporter,Katargam,,,,Diamond-planning workstations; managed networking; CCTV + access control; office desktops; AMC,Export-oriented firm,Small/mid exporter,Owner/Partner or Admin head,Existence-verified (contact pending),"Nandu Doshi Ni Wadi, Katargam, Surat 395004",JustDial + search snippet,https://www.justdial.com/Surat/DEV-Export-Nandu-Doshi-Ni-Wadi-Katargam/0261PX261-X261-140702172743-H4C3_BZDET,"Diamond exporter, Katargam","Diamond exporter, Katargam"
L0735,C,52,Vishal Exports,Diamond & Bourse,Diamond manufacturer & exporter,Katargam,,,,Diamond-planning workstations; managed networking; CCTV + access control; office desktops; AMC,Manufacturing + export,Mid-size firm,Owner/Partner or Admin head,Existence-verified (contact pending),"Katargam, Surat 395004",JustDial + search snippet,https://www.justdial.com/Surat/Vishal-Exports-Katargam/0261PX261-X261-140726032149-J1Z3_BZDET,"Diamond manufacturer, Katargam","Diamond manufacturer/exporter, Katargam"
L0736,C,52,Govardhan Packaging,GIDC Manufacturing,Packaging / Corrugated Boxes,GIDC Sachin,,,,ERP/billing servers; office desktops; CCTV; networking + Wi-Fi; biometric access; AMC,Industrial corrugated box demand from GIDC manufacturers,Printed & 9-ply industrial boxes for GIDC units,Purchase / Director,Existence-verified (contact pending),"Plot No 7306/5, Road No 73-A, GIDC Sachin, Surat 394520, Gujarat",JustDial,https://www.justdial.com/jdmart/Surat/Govardhan-Packaging-Near-Khodiyar-Complex-Sachin-GIDC/0261PX261-X261-171115190011-P1U6_BZDET/catalogue,Small-Medium (corrugated box manufacturer),"Industrial corrugated boxes, printed & 9-ply"
L0737,C,52,Shree Sidhdhanath Industries,GIDC Manufacturing,Chemicals,GIDC Sachin,,,https://ssichem.com/,ERP servers; plant & office desktops; industrial PCs; CCTV; networking + Wi-Fi; biometric access; AMC,Chemical manufacturing; product range expansion,Chemical manufacturer (ssichem),Purchase / Director,Existence-verified (contact pending),"GIDC Sachin area, Surat, Gujarat",Company website,https://ssichem.com/,Small-Medium (chemical manufacturer),Chemicals manufacturer
L0738,C,50,JAY Sliv Chemicals,GIDC Manufacturing,Chemicals,GIDC Sachin,,,,ERP servers; plant & office desktops; industrial PCs; CCTV; networking + Wi-Fi; biometric access; AMC,Chemical manufacturing in Sachin GIDC,Chemical manufacturer in Sachin GIDC,Purchase / Director,Existence-verified (contact pending),"GIDC Sachin, Surat, Gujarat",JustDial,https://www.justdial.com/Surat/JAY-Sliv-Chemicals-Gidc-Sachin-Sachin/0261PX261-X261-110104165508-T6W9_BZDET,Small-Medium (chemical manufacturer),Chemicals
L0739,C,50,Khushi Dye Chem Pvt Ltd,GIDC Manufacturing,Dyes / Textile Chemicals,Pandesara,,,,ERP servers; plant & office desktops; industrial PCs; CCTV; networking + Wi-Fi; biometric access; AMC,Textile chemical/dye production for Surat dyeing units,Textile chemical manufacturer in Pandesara,Purchase / Director,Existence-verified (contact pending),"Opp Dada Associate Dyeing, Pandesara, Surat 394221, Gujarat",JustDial,https://www.justdial.com/Surat/Khushi-Dye-Chem-Pvt-Ltd-Opp-Dada-Associate-Dyeing-Pandesara/0261PX261-X261-131114111702-H3Y5_BZDET,Small-Medium (textile chemical manufacturer),"Textile chemicals, dyes"
L0740,C,50,Lily Packers Pvt Ltd,GIDC Manufacturing,Packaging / Corrugated Boxes,GIDC Sachin,,,,ERP/billing servers; office desktops; CCTV; networking + Wi-Fi; biometric access; AMC,Corrugated packaging demand from local industry,Corrugated box manufacturer in Sachin GIDC,Purchase / Director,Existence-verified (contact pending),"Sachin GIDC, Surat, Gujarat",JustDial,https://www.justdial.com/Surat/Lily-Packers-Pvt-Ltd-Sachin-Gidc/0261PX261-X261-140419173541-J7Q6_BZDET,Small-Medium (corrugated box manufacturer),Corrugated boxes
L0741,C,50,Sachin Industries (Corrugated),GIDC Manufacturing,Packaging / Corrugated Boxes,GIDC Sachin,,,,ERP/billing servers; office desktops; CCTV; networking + Wi-Fi; biometric access; AMC,Corrugated sheet & box demand from GIDC units,"Corrugated sheets, boxes, paper rolls",Purchase / Director,Existence-verified (contact pending),"Plot No. 5509, Road No. 55, GIDC Sachin, Surat 394520, Gujarat",JustDial,https://www.justdial.com/jdmart/Surat/Sachin-Industries-Sachin-GIDC/0261PX261-X261-140418075623-Q1B2_BZDET/catalogue,Small-Medium (corrugated box & sheet manufacturer),"Corrugated sheets, packaging, paper rolls"
L0742,C,50,Sambhav Plastics,GIDC Manufacturing,Plastics / Polymers,GIDC Sachin,,,,ERP servers; plant & office desktops; industrial PCs; CCTV; networking + Wi-Fi; biometric access; AMC,Plastic polymer production; packaging/industrial demand,Plastic polymers manufacturer in Sachin GIDC,Purchase / Director,Existence-verified (contact pending),"Road No. 43/C, 4310/2, GIDC Sachin, Surat 394230, Gujarat",IndiaMART,https://dir.indiamart.com/surat/plastic-polymers.html,Small-Medium (plastic polymers manufacturer),Plastic polymers
L0743,C,50,Shree Stone Industries,GIDC Manufacturing,Natural Stone Processing,Kim / Kosamba,,,,ERP servers; plant & office desktops; industrial PCs; CCTV; networking + Wi-Fi; biometric access; AMC,Stone cutting/processing capacity; wall cladding demand,Vertically integrated natural-stone processor,Purchase / Director,Existence-verified (contact pending),"Kim, Kosamba, Surat, Gujarat",IndiaMART,https://www.indiamart.com/shree-stone-industries/aboutus.html,"Small-Medium (quarrying, cutting & stone processing)","Slate, sandstone, quartzite, limestone wall cladding"
L0744,C,48,Shree Ganpati Dye Chem,GIDC Manufacturing,Dyes / Chemicals,Pandesara,,,,ERP servers; plant & office desktops; industrial PCs; CCTV; networking + Wi-Fi; biometric access; AMC,Dye/chemical production for textile sector,Dye chem unit in Pandesara GIDC,Purchase / Director,Existence-verified (contact pending),"557, GIDC Pandesara, Surat 394221, Gujarat",Kompass directory,https://in.kompass.com/c/shree-ganpati-dye-chem/in772483/,Small-Medium (dye & chemical manufacturer),Dyes and chemicals
